{
    "rows": {
        "start": 486179,
        "route_filter": 0,
        "nan_filter": -12494,
        "negative_dur": -54,
        "outliers": -2660,
        "end": 470971
    },
    "scr": 0.8917169500822819,
    "stats": {
        "1": {
            "dur_mean": 0.0,
            "dur_std": 0.0
        },
        "2": {
            "dur_mean": 51.385955241979936,
            "dur_std": 42.63457165478729
        },
        "3": {
            "dur_mean": 66.62994381403547,
            "dur_std": 49.13068215671048
        },
        "4": {
            "dur_mean": 163.21714222760824,
            "dur_std": 89.37588248919064
        },
        "5": {
            "dur_mean": 210.68864186660798,
            "dur_std": 98.73465168774844
        },
        "6": {
            "dur_mean": 253.184059885513,
            "dur_std": 101.54332266601662
        },
        "7": {
            "dur_mean": 304.9638567493113,
            "dur_std": 102.88430867999492
        },
        "8": {
            "dur_mean": 331.8954269972452,
            "dur_std": 103.8351137766548
        },
        "9": {
            "dur_mean": 371.87404874820777,
            "dur_std": 108.60375833798118
        },
        "10": {
            "dur_mean": 429.93690016547157,
            "dur_std": 114.40191375784728
        },
        "11": {
            "dur_mean": 442.70727673649395,
            "dur_std": 116.58591245463421
        },
        "12": {
            "dur_mean": 515.8036559850236,
            "dur_std": 130.99354866862606
        },
        "13": {
            "dur_mean": 591.5518077601411,
            "dur_std": 139.2123668482497
        },
        "14": {
            "dur_mean": 627.4557409658526,
            "dur_std": 143.15530932060244
        },
        "15": {
            "dur_mean": 656.3469274977896,
            "dur_std": 145.53896433525776
        },
        "16": {
            "dur_mean": 689.6930212014134,
            "dur_std": 150.5445519814717
        },
        "17": {
            "dur_mean": 757.798344370861,
            "dur_std": 157.56965619423633
        },
        "18": {
            "dur_mean": 793.4276569915021,
            "dur_std": 162.0518625692365
        },
        "19": {
            "dur_mean": 895.7182509086904,
            "dur_std": 173.9040074260367
        },
        "20": {
            "dur_mean": 942.959203870684,
            "dur_std": 176.50887645360098
        },
        "21": {
            "dur_mean": 1013.0937671759921,
            "dur_std": 181.23429753853844
        },
        "22": {
            "dur_mean": 1058.503352753655,
            "dur_std": 184.74475014878038
        },
        "23": {
            "dur_mean": 1106.1697262833902,
            "dur_std": 188.44311969516474
        },
        "24": {
            "dur_mean": 1137.8568601583113,
            "dur_std": 192.23360686333805
        },
        "25": {
            "dur_mean": 1255.4791781122954,
            "dur_std": 222.78236048512554
        },
        "26": {
            "dur_mean": 1353.1349154032082,
            "dur_std": 243.15057111462497
        },
        "27": {
            "dur_mean": 1396.4830806416173,
            "dur_std": 248.79166658622916
        },
        "28": {
            "dur_mean": 1410.1177633747116,
            "dur_std": 251.69509526358985
        },
        "29": {
            "dur_mean": 1493.7767139870143,
            "dur_std": 262.75403647514935
        },
        "30": {
            "dur_mean": 1628.77487890797,
            "dur_std": 274.9112500044152
        },
        "31": {
            "dur_mean": 1721.171711612548,
            "dur_std": 286.32829817183824
        },
        "32": {
            "dur_mean": 1723.8991633641567,
            "dur_std": 286.4781238980759
        },
        "33": {
            "dur_mean": 1890.5129220279337,
            "dur_std": 305.81487966024184
        },
        "34": {
            "dur_mean": 1992.0064892212934,
            "dur_std": 315.24144926733794
        },
        "35": {
            "dur_mean": 2030.5781542184577,
            "dur_std": 320.67754131355593
        },
        "36": {
            "dur_mean": 2097.7212267780587,
            "dur_std": 326.8200231167246
        },
        "37": {
            "dur_mean": 2147.8078909770306,
            "dur_std": 334.93791174722384
        },
        "38": {
            "dur_mean": 2198.133421255083,
            "dur_std": 341.9869324909503
        },
        "39": {
            "dur_mean": 2263.138409065904,
            "dur_std": 355.6420739424345
        },
        "40": {
            "dur_mean": 2378.9352876106195,
            "dur_std": 379.3551878822943
        },
        "41": {
            "dur_mean": 2464.683822669318,
            "dur_std": 398.89854203565324
        },
        "42": {
            "dur_mean": 2501.7751134908626,
            "dur_std": 402.6854388867521
        },
        "43": {
            "dur_mean": 2573.1288719371246,
            "dur_std": 415.1930072910777
        },
        "44": {
            "dur_mean": 2610.865189289012,
            "dur_std": 419.70287288196874
        },
        "45": {
            "dur_mean": 2630.9881309057387,
            "dur_std": 423.22075260680816
        },
        "46": {
            "dur_mean": 2693.3476710753307,
            "dur_std": 430.85937097900694
        },
        "47": {
            "dur_mean": 2767.0832854020477,
            "dur_std": 439.2639544063985
        },
        "48": {
            "dur_mean": 2799.488396139706,
            "dur_std": 444.62609730604936
        },
        "53": {
            "dur_mean": 3577.6435854873134,
            "dur_std": 524.4783232092824
        },
        "49": {
            "dur_mean": 2898.3523183643665,
            "dur_std": 459.53320307898014
        },
        "50": {
            "dur_mean": 2986.2010743498963,
            "dur_std": 465.108493366892
        },
        "51": {
            "dur_mean": 3125.6366432878062,
            "dur_std": 480.9020029097534
        },
        "52": {
            "dur_mean": 3447.9943482000244,
            "dur_std": 513.916600501317
        }
    },
    "feature_eval": {
        "f_values": {
            "weather_main_Clouds": 7.445858874598462,
            "weather_main_Drizzle": 21.69785039148741,
            "weather_main_Fog": 55.16582871747871,
            "weather_main_Mist": 12.896376661208286,
            "weather_main_Rain": 0.00014966635574302866,
            "weather_main_Smoke": 3.924970021747331,
            "weather_main_Snow": 13.401531032530208,
            "weather_description_broken clouds": 7.066967719343024,
            "weather_description_drizzle": 0.41480220386794736,
            "weather_description_few clouds": 6.463687860527826,
            "weather_description_fog": 55.16582871747871,
            "weather_description_light intensity drizzle": 6.577695084844935,
            "weather_description_light intensity drizzle rain": 16.119487054308298,
            "weather_description_light intensity shower rain": 18.004308977447707,
            "weather_description_light rain": 34.23199226223993,
            "weather_description_light shower snow": 1.5893374501212798,
            "weather_description_light snow": 5.150166618180722,
            "weather_description_mist": 12.896376661208286,
            "weather_description_moderate rain": 9.151926669014719,
            "weather_description_overcast clouds": 0.4254014263081474,
            "weather_description_proximity shower rain": 35.93754036660299,
            "weather_description_scattered clouds": 20.380143557210463,
            "weather_description_sky is clear": 36.37802835720004,
            "weather_description_smoke": 3.924970021747331,
            "weekday_1": 1.8506675178948593,
            "weekday_2": 2.028892889298955,
            "weekday_3": 32.27249192120191,
            "weekday_4": 135.40878128793207,
            "weekday_5": 118.5130901335151,
            "weekday_6": 8.899215080997754,