{
    "rows": {
        "start": 130509,
        "route_filter": 0,
        "nan_filter": -25522,
        "negative_dur": -17,
        "outliers": -1058,
        "end": 103912
    },
    "scr": 0.25930807248764415,
    "stats": {
        "1": {
            "dur_mean": 0.0,
            "dur_std": 0.0
        },
        "2": {
            "dur_mean": 36.047078464106846,
            "dur_std": 19.130064629381213
        },
        "3": {
            "dur_mean": 76.61564059900167,
            "dur_std": 22.777911317150796
        },
        "4": {
            "dur_mean": 101.13473256601219,
            "dur_std": 25.80251641176469
        },
        "5": {
            "dur_mean": 166.00033568311514,
            "dur_std": 39.8275707615768
        },
        "6": {
            "dur_mean": 213.72297520661158,
            "dur_std": 43.893207994818916
        },
        "7": {
            "dur_mean": 239.48051519154558,
            "dur_std": 47.90151308186736
        },
        "8": {
            "dur_mean": 291.7855724685639,
            "dur_std": 53.323874898714124
        },
        "9": {
            "dur_mean": 341.47404958677686,
            "dur_std": 58.48527324722948
        },
        "10": {
            "dur_mean": 422.8214876033058,
            "dur_std": 67.35017077735353
        },
        "11": {
            "dur_mean": 520.6546357615894,
            "dur_std": 75.57739493442672
        },
        "12": {
            "dur_mean": 607.9401652892562,
            "dur_std": 88.25505323361925
        },
        "13": {
            "dur_mean": 669.4975206611571,
            "dur_std": 98.49451115324374
        },
        "14": {
            "dur_mean": 694.6913417052214,
            "dur_std": 101.37098173655166
        },
        "16": {
            "dur_mean": 848.3624772313296,
            "dur_std": 149.95317333302597
        },
        "17": {
            "dur_mean": 960.4900859220093,
            "dur_std": 180.04405540075362
        },
        "18": {
            "dur_mean": 1004.4638494552657,
            "dur_std": 188.20457693135754
        },
        "19": {
            "dur_mean": 1113.4513361926756,
            "dur_std": 196.39082622274296
        },
        "20": {
            "dur_mean": 1194.2791158033651,
            "dur_std": 213.87127452899534
        },
        "21": {
            "dur_mean": 1239.5842956120093,
            "dur_std": 235.6783609903535
        },
        "22": {
            "dur_mean": 1425.5661497855492,
            "dur_std": 245.07505180821917
        },
        "23": {
            "dur_mean": 1599.372154404487,
            "dur_std": 267.15107542166913
        },
        "24": {
            "dur_mean": 1669.2916529198285,
            "dur_std": 286.79942749275364
        },
        "25": {
            "dur_mean": 1739.9508250825083,
            "dur_std": 304.3627386574168
        },
        "26": {
            "dur_mean": 1852.1056454275338,
            "dur_std": 330.48106033415127
        },
        "27": {
            "dur_mean": 1906.0634081902247,
            "dur_std": 336.0915424175105
        },
        "28": {
            "dur_mean": 1938.213152676801,
            "dur_std": 337.0377439277515
        },
        "29": {
            "dur_mean": 1971.212161269002,
            "dur_std": 338.45910420706616
        },
        "30": {
            "dur_mean": 2002.7528906508094,
            "dur_std": 340.65037964276854
        },
        "31": {
            "dur_mean": 2038.817520661157,
            "dur_std": 346.76209255502044
        },
        "32": {
            "dur_mean": 2094.1490416391275,
            "dur_std": 350.77474101803756
        },
        "33": {
            "dur_mean": 2150.5092653871607,
            "dur_std": 362.3657715807284
        },
        "34": {
            "dur_mean": 2204.6473701620907,
            "dur_std": 386.1318412675898
        },
        "35": {
            "dur_mean": 2283.7959759971764,
            "dur_std": 405.764590087094
        },
        "36": {
            "dur_mean": 2419.750177430802,
            "dur_std": 456.7849493221028
        },
        "15": {
            "dur_mean": 800.6520408163266,
            "dur_std": 148.4175374399291
        }
    },
    "feature_eval": {
        "f_values": {
            "weather_main_Clouds": 3.0594635918789477,
            "weather_main_Drizzle": 1.3289826486398921,
            "weather_main_Fog": 0.0025496076799734336,
            "weather_main_Mist": 0.7856025840467988,
            "weather_main_Rain": 0.03674782300948521,
            "weather_main_Smoke": 1.4179056129263565,
            "weather_main_Snow": 0.01960711479155961,
            "weather_description_broken clouds": 0.6501174510729061,
            "weather_description_drizzle": 0.9988689130691512,
            "weather_description_few clouds": 1.428694235341555,
            "weather_description_fog": 0.0025496076799734336,
            "weather_description_heavy intensity rain": 4.090015679201866,
            "weather_description_light intensity drizzle": 0.34045860073561507,
            "weather_description_light intensity drizzle rain": 5.289944438887651,
            "weather_description_light intensity shower rain": 8.469530941517704,
            "weather_description_light rain": 2.0675534155594417,
            "weather_description_light shower snow": 0.13638108230143875,
            "weather_description_mist": 0.7856025840467988,
            "weather_description_moderate rain": 7.5839681288536145,
            "weather_description_overcast clouds": 4.077173100991329,
            "weather_description_proximity shower rain": 1.1026862923569307,
            "weather_description_scattered clouds": 7.198123896032943,
            "weather_description_shower rain": 9.873354989655509,
            "weather_description_sky is clear": 11.55607800435952,
            "weather_description_smoke": 1.4179056129263565,
            "weekday_1": 13.878072629194564,
            "weekday_2": 22.439233373502955,
            "weekday_3": 13.01090691377793,
            "weekday_4": 27.817149437637653,
            "weekday_5": 93.30820972289236,
            "weekday_6": 162.7645356507803,
            "month_2": 0.5393940417791705,
            "month_3": 0.19764986624274686,
            "month_4": 0.0011714369335831473,
            "month_5": 7.549781455998556,
            "month_6": 17.318040991921283,
            "month_7": 21.06299514673555,
            "month_8": 11.385871288204159,
            "month_9": 5.995113155609733,
            "month_10": 22.67009123619959,
            "month_11": 15.780871186589243,
            "month_12": 0.01562446014568349,
            "hour_8": 1544.0405794505855,
            "hour_9": 0.885861421341719,
            "hour_10": 30.034922032523667,
            "hour_11": 20.784687216449235,
            "hour_12": 0.007993015136501469,
            "hour_13": 0.7140079252754382,
            "hour_14": 8.431073654089138,
            "hour_15": 76.37144501882547,
            "hour_16": 230.4343212595576,
            "hour_17": 18.71141603588003,
            "hour_18": 1.387451723526445,
            "hour_19": 320.4225717244017,
            "hour_20": 112.00161424580958,
            "holiday_1": 70.47012497293952
        },
        "correlations": {
            "daystamp": 0.011818219987644134,
            "progr_number": 0.9561608728908457,
            "arr_p": 0.0672257322299375,
            "arr_a": 0.07270402095476576,
            "dep_p": 0.0672257322299375,
            "dep_a": 0.07274552317561113,
            "end_p": 0.01684505498414511,
            "start_p": 0.013967214428114707,
            "start_a": 0.014017115651139053,
            "temp": 0.010080167420901365,
            "feels_like": 0.0007817199507646436,
            "temp_min": 0.008413025594815736,
            "temp_max": 0.008069823994760304,
            "pressure": -0.00246435153969702,
            "humidity": -0.045000668763125425,