{
    "rows": {
        "start": 135076,
        "route_filter": 0,
        "nan_filter": -256,
        "negative_dur": 0,
        "outliers": -1772,
        "end": 133048
    },
    "scr": 0.7988929889298892,
    "stats": {
        "1": {
            "dur_mean": 0.0,
            "dur_std": 0.0
        },
        "2": {
            "dur_mean": 166.80243644067798,
            "dur_std": 76.50529933181274
        },
        "3": {
            "dur_mean": 218.96102863202546,
            "dur_std": 87.884182952084
        },
        "4": {
            "dur_mean": 339.99285714285713,
            "dur_std": 111.5167114248022
        },
        "5": {
            "dur_mean": 371.2371625198518,
            "dur_std": 115.9999811727754
        },
        "6": {
            "dur_mean": 413.3023009785771,
            "dur_std": 118.89208288616604
        },
        "7": {
            "dur_mean": 451.09614368726886,
            "dur_std": 130.77400010206264
        },
        "8": {
            "dur_mean": 564.0959048877147,
            "dur_std": 156.87390590449712
        },
        "9": {
            "dur_mean": 668.5395607303519,
            "dur_std": 167.39701592666344
        },
        "10": {
            "dur_mean": 747.7215323645971,
            "dur_std": 183.5757518975609
        },
        "11": {
            "dur_mean": 790.094319682959,
            "dur_std": 193.50541325709045
        },
        "12": {
            "dur_mean": 833.797147385103,
            "dur_std": 199.06256805282723
        },
        "13": {
            "dur_mean": 959.0385631273111,
            "dur_std": 211.9031385423943
        },
        "14": {
            "dur_mean": 1161.8485648300891,
            "dur_std": 234.1836234006591
        },
        "15": {
            "dur_mean": 1177.4543053354464,
            "dur_std": 241.13655837983507
        },
        "16": {
            "dur_mean": 1234.449168207024,
            "dur_std": 246.98065938044186
        },
        "17": {
            "dur_mean": 1276.3754951148667,
            "dur_std": 250.88835616642478
        },
        "18": {
            "dur_mean": 1397.4218172213418,
            "dur_std": 268.63902174615015
        },
        "19": {
            "dur_mean": 1440.0221870047544,
            "dur_std": 275.14366999392456
        },
        "20": {
            "dur_mean": 1533.3063919704173,
            "dur_std": 284.78033741352607
        },
        "21": {
            "dur_mean": 1570.1890678637444,
            "dur_std": 287.64977890780267
        },
        "22": {
            "dur_mean": 1610.664906258252,
            "dur_std": 293.76385728564924
        },
        "23": {
            "dur_mean": 1673.024551214361,
            "dur_std": 308.1484749746274
        },
        "24": {
            "dur_mean": 1744.5636219640971,
            "dur_std": 316.7555969153714
        },
        "25": {
            "dur_mean": 1827.3980942297512,
            "dur_std": 323.78390522063546
        },
        "26": {
            "dur_mean": 1910.2604552673372,
            "dur_std": 333.84688572184314
        },
        "27": {
            "dur_mean": 1964.141154661017,
            "dur_std": 338.38514275643894
        },
        "28": {
            "dur_mean": 2011.0312334568555,
            "dur_std": 342.9377174964368
        },
        "29": {
            "dur_mean": 2032.114927344782,
            "dur_std": 345.238851276795
        },
        "30": {
            "dur_mean": 2089.112813738441,
            "dur_std": 352.67653011117926
        },
        "31": {
            "dur_mean": 2155.106000528681,
            "dur_std": 362.8500660201644
        },
        "32": {
            "dur_mean": 2173.4430346286017,
            "dur_std": 364.31267024522543
        },
        "33": {
            "dur_mean": 2195.7118688871265,
            "dur_std": 366.06619844484715
        },
        "34": {
            "dur_mean": 2243.5576414595453,
            "dur_std": 369.1229334496245
        },
        "35": {
            "dur_mean": 2289.324966974901,
            "dur_std": 392.0129585820511
        },
        "36": {
            "dur_mean": 2410.5618654822333,
            "dur_std": 480.4660826704725
        }
    },
    "feature_eval": {
        "f_values": {
            "weather_main_Clouds": 4.047552861025253,
            "weather_main_Drizzle": 8.399694107710593,
            "weather_main_Fog": 0.2225860723399541,
            "weather_main_Mist": 3.370238438473121,
            "weather_main_Rain": 35.569948735800416,
            "weather_main_Smoke": 0.3747245940347139,
            "weather_main_Snow": 0.1690323922814163,
            "weather_description_broken clouds": 0.033275501117774275,
            "weather_description_drizzle": 6.884340947999231,
            "weather_description_few clouds": 2.985753865016661,
            "weather_description_fog": 0.2225860723399541,
            "weather_description_light intensity drizzle": 0.8423817652812096,
            "weather_description_light intensity drizzle rain": 33.89934872583762,
            "weather_description_light intensity shower rain": 19.64512468848597,
            "weather_description_light rain": 6.610906742088255,
            "weather_description_light shower snow": 0.06385681459238414,
            "weather_description_light snow": 0.6054026896240525,
            "weather_description_mist": 3.370238438473121,
            "weather_description_moderate rain": 1.8909031540999113,
            "weather_description_overcast clouds": 21.336145973659196,
            "weather_description_proximity shower rain": 10.097527711063181,
            "weather_description_scattered clouds": 0.5047843269450271,
            "weather_description_sky is clear": 15.580141411136761,
            "weather_description_smoke": 0.3747245940347139,
            "weekday_1": 17.536889238491263,
            "weekday_2": 50.055025536403065,
            "weekday_3": 47.17625286168558,
            "weekday_4": 54.58192182296826,
            "weekday_5": 294.44122652787945,
            "weekday_6": 294.4731479032456,
            "month_2": 1.210903387134508,
            "month_3": 31.20383379467681,
            "month_4": 1.9951760504977245,
            "month_5": 4.14059500235117,
            "month_6": 51.641343965705595,
            "month_7": 86.27204242581413,
            "month_8": 57.37112968369026,
            "month_9": 2.915560266285803,
            "month_10": 66.71608642372397,
            "month_11": 140.4886489599834,
            "month_12": 5.211681760533443,
            "hour_9": 27.13187042705275,
            "hour_10": 161.86511959489957,
            "hour_11": 95.28898790299534,
            "hour_12": 8.437187698730755,
            "hour_13": 56.033574231154056,
            "hour_14": 12.234107865889545,
            "hour_15": 1.6794304077790034,
            "hour_16": 255.7045497526667,
            "hour_17": 606.7302042270753,
            "hour_18": 1.3459697180546617,
            "hour_19": 216.24293048029824,
            "hour_20": 731.6376937834154,
            "hour_21": 775.8056788695557,
            "holiday_1": 104.32582209120248
        },
        "correlations": {
            "daystamp": 0.022710143384889424,
            "progr_number": 0.9394213530875614,
            "arr_p": -0.009390878990327551,
            "arr_a": -0.003536663231170517,
            "dep_p": -0.009390878990327551,
            "dep_a": -0.003613018273022553,
            "end_p": -0.05459976260837583,
            "start_p": -0.05757347958618483,
            "start_a": -0.05756856217545128,
            "temp": -0.020697036430286947,
            "feels_like": -0.025686568257430816,
            "temp_min": -0.018644931672163478,
            "temp_max": -0.021758274246415743,
            "pressure": -0.01642974167865631,
            "humidity": -0.007701629414890105,
            "wind_speed": 0.017762633889833384,
            "wind_deg": 0.010907476726713466,