{
    "rows": {
        "start": 169249,
        "route_filter": -35600,
        "nan_filter": -1279,
        "negative_dur": -49,
        "outliers": -345,
        "end": 131976
    },
    "scr": 0.008793527963418923,
    "stats": {
        "1": {
            "dur_mean": 0.0,
            "dur_std": 0.0
        },
        "2": {
            "dur_mean": 33.939992940345924,
            "dur_std": 39.79046371181266
        },
        "3": {
            "dur_mean": 71.2671836446951,
            "dur_std": 42.617528007980994
        },
        "4": {
            "dur_mean": 95.79160789844852,
            "dur_std": 46.233483977079864
        },
        "5": {
            "dur_mean": 123.45679012345678,
            "dur_std": 48.57436679633434
        },
        "6": {
            "dur_mean": 168.8331569664903,
            "dur_std": 54.62930858175287
        },
        "7": {
            "dur_mean": 219.0271509167842,
            "dur_std": 62.878149594514355
        },
        "8": {
            "dur_mean": 246.52433004231312,
            "dur_std": 66.65812993286804
        },
        "9": {
            "dur_mean": 303.1332863187588,
            "dur_std": 77.71952834155447
        },
        "10": {
            "dur_mean": 349.11922398589064,
            "dur_std": 89.96796987926571
        },
        "11": {
            "dur_mean": 371.76393789696544,
            "dur_std": 95.13018756107469
        },
        "12": {
            "dur_mean": 438.2332392378264,
            "dur_std": 113.48086047087392
        },
        "13": {
            "dur_mean": 467.6878531073446,
            "dur_std": 119.499350157848
        },
        "14": {
            "dur_mean": 555.5353107344632,
            "dur_std": 147.1882740385815
        },
        "15": {
            "dur_mean": 626.5586572438162,
            "dur_std": 163.57470110936427
        },
        "17": {
            "dur_mean": 797.2565649396736,
            "dur_std": 177.73926960601912
        },
        "18": {
            "dur_mean": 810.3343971631206,
            "dur_std": 179.12194262886106
        },
        "19": {
            "dur_mean": 829.8260715550832,
            "dur_std": 180.85644506394317
        },
        "20": {
            "dur_mean": 869.0598653914276,
            "dur_std": 189.53664721847218
        },
        "21": {
            "dur_mean": 926.2145132743362,
            "dur_std": 197.68437265387612
        },
        "22": {
            "dur_mean": 1045.5896710293598,
            "dur_std": 217.07365337652436
        },
        "23": {
            "dur_mean": 1080.7753802617615,
            "dur_std": 220.5846140660226
        },
        "24": {
            "dur_mean": 1145.6463932107497,
            "dur_std": 232.58728284954867
        },
        "25": {
            "dur_mean": 1172.6770538243627,
            "dur_std": 238.49475233414952
        },
        "26": {
            "dur_mean": 1211.231668437832,
            "dur_std": 245.668543942717
        },
        "27": {
            "dur_mean": 1236.7259836937255,
            "dur_std": 248.58028455040724
        },
        "28": {
            "dur_mean": 1266.1616448068062,
            "dur_std": 251.20345395740586
        },
        "29": {
            "dur_mean": 1287.4434597660404,
            "dur_std": 254.08387669088117
        },
        "30": {
            "dur_mean": 1317.866785079929,
            "dur_std": 256.078069400174
        },
        "31": {
            "dur_mean": 1344.1537642045455,
            "dur_std": 258.1347758319646
        },
        "32": {
            "dur_mean": 1434.514194464159,
            "dur_std": 265.3165488910361
        },
        "33": {
            "dur_mean": 1480.9950336998936,
            "dur_std": 274.7395914798196
        },
        "34": {
            "dur_mean": 1573.8830616583982,
            "dur_std": 287.94417403858074
        },
        "35": {
            "dur_mean": 1605.7564510427712,
            "dur_std": 290.3668040657945
        },
        "36": {
            "dur_mean": 1637.9285966772711,
            "dur_std": 292.22552105242204
        },
        "37": {
            "dur_mean": 1667.9190526687876,
            "dur_std": 295.56925541484446
        },
        "38": {
            "dur_mean": 1708.2364793213148,
            "dur_std": 302.04932926748654
        },
        "39": {
            "dur_mean": 1799.2732414280665,
            "dur_std": 319.93401447081055
        },
        "40": {
            "dur_mean": 1864.6896429833864,
            "dur_std": 340.76786653629557
        },
        "41": {
            "dur_mean": 1902.7890818858561,
            "dur_std": 346.2225545380073
        },
        "42": {
            "dur_mean": 2014.6058550517673,
            "dur_std": 369.99329668830154
        },
        "43": {
            "dur_mean": 2094.5251157819735,
            "dur_std": 360.3770022375808
        },
        "44": {
            "dur_mean": 2210.4969696969697,
            "dur_std": 376.36954441099977
        },
        "45": {
            "dur_mean": 2282.13688922044,
            "dur_std": 382.3176117501642
        },
        "46": {
            "dur_mean": 2345.4720357941833,
            "dur_std": 382.71121108987273
        },
        "47": {
            "dur_mean": 2465.419114912607,
            "dur_std": 416.18658115548243
        },
        "48": {
            "dur_mean": 3128.7776552737964,
            "dur_std": 540.0900988565543
        },
        "16": {
            "dur_mean": 801.96,
            "dur_std": 502.4839533092906
        }
    },
    "feature_eval": {
        "f_values": {
            "weather_main_Clouds": 4.168840388474341,
            "weather_main_Drizzle": 0.912923288142004,
            "weather_main_Fog": 6.628469755946527,
            "weather_main_Mist": 0.25045888859852233,
            "weather_main_Rain": 1.6576364485444126,
            "weather_main_Smoke": 6.895245879875058,
            "weather_main_Snow": 0.08227940214542229,
            "weather_description_broken clouds": 13.411504294160169,
            "weather_description_drizzle": 0.09351647273093676,
            "weather_description_few clouds": 7.270138609565751,
            "weather_description_fog": 6.628469755946527,
            "weather_description_light intensity drizzle": 0.4514530973963828,
            "weather_description_light intensity drizzle rain": 0.39770298840366664,
            "weather_description_light intensity shower rain": 0.9024289148650338,
            "weather_description_light rain": 9.91776310988823,
            "weather_description_light shower snow": 0.006487900066688084,
            "weather_description_light snow": 2.296378127857034,
            "weather_description_mist": 0.25045888859852233,
            "weather_description_moderate rain": 4.089000903692904,
            "weather_description_overcast clouds": 14.251098429870359,
            "weather_description_proximity shower rain": 4.145463127255929,
            "weather_description_scattered clouds": 0.9767582572648048,
            "weather_description_sky is clear": 0.7050008584698741,
            "weather_description_smoke": 6.895245879875058,
            "weekday_1": 0.12148526019534948,
            "weekday_2": 7.171586641177816,
            "weekday_3": 17.035018537812462,
            "weekday_4": 23.030877498342353,
            "weekday_5": 64.15484930015893,
            "month_2": 0.6009936827462854,
            "month_3": 9.632874809826038,
            "month_4": 0.5508630539492613,
            "month_5": 2.844874601754197,
            "month_6": 18.507266339789883,
            "month_7": 0.5111264333115352,
            "month_8": 0.19036872662137996,
            "month_9": 10.026885345226592,
            "month_10": 5.242387839187801,
            "hour_8": 42.640585286841,
            "hour_9": 2727.719081645447,
            "hour_10": 322.9172971279982,
            "hour_11": 57.39599179745735,
            "hour_12": 370.5372782249997,