{
    "rows": {
        "start": 139632,
        "route_filter": 0,
        "nan_filter": -4078,
        "negative_dur": 0,
        "outliers": -2273,
        "end": 133281
    },
    "scr": 0.5713687735454165,
    "stats": {
        "1": {
            "dur_mean": 0.0,
            "dur_std": 0.0
        },
        "2": {
            "dur_mean": 48.345233095338095,
            "dur_std": 69.58546268929686
        },
        "3": {
            "dur_mean": 113.35777496839444,
            "dur_std": 71.67981214062296
        },
        "4": {
            "dur_mean": 154.84841486458114,
            "dur_std": 73.5777374141996
        },
        "5": {
            "dur_mean": 194.67156348373558,
            "dur_std": 76.64236052413298
        },
        "6": {
            "dur_mean": 267.76057813154586,
            "dur_std": 89.83491778563688
        },
        "7": {
            "dur_mean": 317.2255025125628,
            "dur_std": 94.27156732007286
        },
        "8": {
            "dur_mean": 427.67818981772473,
            "dur_std": 112.65703736475525
        },
        "9": {
            "dur_mean": 468.5672673931266,
            "dur_std": 128.49808231771675
        },
        "10": {
            "dur_mean": 622.9712788259958,
            "dur_std": 167.0480818860717
        },
        "11": {
            "dur_mean": 653.3002939941201,
            "dur_std": 169.51725853402755
        },
        "12": {
            "dur_mean": 737.4885480142888,
            "dur_std": 187.5123160454811
        },
        "13": {
            "dur_mean": 808.2716023489933,
            "dur_std": 204.3111648491424
        },
        "14": {
            "dur_mean": 864.5283137583892,
            "dur_std": 222.60609210443005
        },
        "15": {
            "dur_mean": 917.8708324596352,
            "dur_std": 240.69572086024965
        },
        "16": {
            "dur_mean": 985.7443908576222,
            "dur_std": 253.5229690776119
        },
        "17": {
            "dur_mean": 1016.5630375498217,
            "dur_std": 258.35436989981724
        },
        "18": {
            "dur_mean": 1044.8530090165652,
            "dur_std": 261.12955379908107
        },
        "19": {
            "dur_mean": 1079.5004192872118,
            "dur_std": 271.252496115735
        },
        "20": {
            "dur_mean": 1165.6719077568134,
            "dur_std": 301.0034561800613
        },
        "21": {
            "dur_mean": 1258.7960595263048,
            "dur_std": 312.58623114368294
        },
        "22": {
            "dur_mean": 1296.552273203436,
            "dur_std": 320.5640225966862
        },
        "23": {
            "dur_mean": 1343.9792583280955,
            "dur_std": 338.03941679409354
        },
        "24": {
            "dur_mean": 1438.5120469306516,
            "dur_std": 362.96011656799004
        },
        "25": {
            "dur_mean": 1512.6905763567522,
            "dur_std": 370.0444801388859
        },
        "26": {
            "dur_mean": 1552.981668773704,
            "dur_std": 373.84455597856726
        },
        "27": {
            "dur_mean": 1620.9005687802824,
            "dur_std": 386.8765321535484
        },
        "28": {
            "dur_mean": 1739.17640372812,
            "dur_std": 414.04025434929036
        },
        "29": {
            "dur_mean": 1862.557131280389,
            "dur_std": 434.5925454505676
        }
    },
    "feature_eval": {
        "f_values": {
            "weather_main_Clouds": 2.8765468963585072,
            "weather_main_Drizzle": 1.251344541824426,
            "weather_main_Fog": 1.8322445751815954,
            "weather_main_Mist": 4.068054884792985,
            "weather_main_Rain": 0.852423766660248,
            "weather_main_Smoke": 2.576869524961415,
            "weather_main_Snow": 0.002131782543354839,
            "weather_description_broken clouds": 5.372829185086339,
            "weather_description_drizzle": 4.024790893956214,
            "weather_description_few clouds": 10.73795180423723,
            "weather_description_fog": 1.8322445751815954,
            "weather_description_heavy intensity rain": 4.068893849070179,
            "weather_description_light intensity drizzle": 0.3036511663300123,
            "weather_description_light intensity drizzle rain": 0.708161060801773,
            "weather_description_light intensity shower rain": 0.45897767809485585,
            "weather_description_light rain": 0.024864925304715034,
            "weather_description_light shower snow": 0.17678515985231377,
            "weather_description_light snow": 3.2562402319781043,
            "weather_description_mist": 4.068054884792985,
            "weather_description_moderate rain": 0.0019033259852661904,
            "weather_description_overcast clouds": 13.693454814108717,
            "weather_description_proximity shower rain": 1.6427832992595042,
            "weather_description_scattered clouds": 9.803534003376273,
            "weather_description_sky is clear": 18.839313814811362,
            "weather_description_smoke": 2.576869524961415,
            "weekday_1": 11.983725469952674,
            "weekday_2": 44.96219037565524,
            "weekday_3": 26.79511938437166,
            "weekday_4": 34.04048924435606,
            "weekday_5": 580.3032764141661,
            "month_2": 1.8000442960718568,
            "month_3": 0.44977708195847754,
            "month_4": 0.11169999362967724,
            "month_5": 3.819774306077218,
            "month_6": 9.540679448898,
            "month_7": 61.99606475343192,
            "month_8": 13.059003668623381,
            "month_9": 5.42042813215112,
            "month_10": 12.465066061933653,
            "month_11": 42.119036221638346,
            "month_12": 1.576392365386337,
            "hour_8": 2992.3062280801587,
            "hour_9": 365.40323522943453,
            "hour_10": 916.8586453711329,
            "hour_11": 28.440528067423696,
            "hour_12": 18.647818828389685,
            "hour_13": 3.988222923183514,
            "hour_14": 2.5954046656293612,
            "hour_15": 617.816590151033,
            "hour_16": 357.1519600038723,
            "hour_17": 1521.1416424569422,
            "hour_18": 30.13545516802915,
            "hour_19": 301.1340211667432,
            "hour_20": 138.96223290435404,
            "hour_21": 1001.4221907279687,
            "hour_22": 4.3556371929388975,
            "holiday_1": 2.4707421299108736
        },
        "correlations": {
            "daystamp": 0.00683183542059575,
            "progr_number": 0.9178468115523332,
            "arr_p": -0.06080197587422334,
            "arr_a": -0.055012023375820736,
            "dep_p": -0.06080197587422334,
            "dep_a": -0.05491830407771417,
            "end_p": -0.08897037489371828,
            "start_p": -0.09126634747933737,
            "start_a": -0.0902384965763333,
            "temp": -0.009636271004658912,
            "feels_like": -0.0172066485873246,
            "temp_min": -0.01016919208514937,
            "temp_max": -0.01241526274626389,
            "pressure": -0.005368277291419732,
            "humidity": -0.008087356537784076,
            "wind_speed": 0.02542988111305668,
            "wind_deg": 0.004133469335673031,
            "clouds_all": 0.010015139045789313,
            "dt": 0.006724234975497963,
            "dur_s": 0.9334119425557903
        }
    },
    "modelling": {
        "XGBoost": {
            "time": 16.1246178150177,
            "r_2": 0.9526063545061855,
            "mse": 15349.455611982683,
            "rmse": 123.89291994291959,
            "mae": 85.162431595674
        },
        "Benchmark": {
            "r_2": 0.858318437818195,
            "mse": 45886.63368446325,
            "rmse": 214.2116562758975,
            "mae": 137.04177545691905
        }
    },