{
    "rows": {
        "start": 8107,
        "route_filter": 0,
        "nan_filter": -2886,
        "negative_dur": 0,
        "outliers": -12,
        "end": 5209
    },
    "scr": 0.30578512396694213,
    "stats": {
        "1": {
            "dur_mean": 0.0,
            "dur_std": 0.0
        },
        "2": {
            "dur_mean": 62.09090909090909,
            "dur_std": 45.031285420989995
        },
        "3": {
            "dur_mean": 120.14049586776859,
            "dur_std": 52.45494984351238
        },
        "4": {
            "dur_mean": 186.6694214876033,
            "dur_std": 57.30334318777455
        },
        "5": {
            "dur_mean": 219.80165289256198,
            "dur_std": 65.40560881080341
        },
        "6": {
            "dur_mean": 294.39669421487605,
            "dur_std": 74.96259949010606
        },
        "7": {
            "dur_mean": 363.12396694214874,
            "dur_std": 92.87101900377155
        },
        "8": {
            "dur_mean": 389.22314049586777,
            "dur_std": 95.48756355352477
        },
        "9": {
            "dur_mean": 415.702479338843,
            "dur_std": 98.54336140570295
        },
        "10": {
            "dur_mean": 484.1404958677686,
            "dur_std": 110.06909237573794
        },
        "11": {
            "dur_mean": 567.5537190082645,
            "dur_std": 117.31929014539931
        },
        "12": {
            "dur_mean": 618.1322314049587,
            "dur_std": 125.52203937614304
        },
        "13": {
            "dur_mean": 718.2314049586777,
            "dur_std": 166.0558018825087
        },
        "14": {
            "dur_mean": 796.5289256198347,
            "dur_std": 177.22598917672718
        },
        "15": {
            "dur_mean": 867.7685950413223,
            "dur_std": 192.04317050820364
        },
        "16": {
            "dur_mean": 1015.8347107438017,
            "dur_std": 213.789785658227
        },
        "17": {
            "dur_mean": 1063.4793388429753,
            "dur_std": 222.39792037297897
        },
        "18": {
            "dur_mean": 1240.107438016529,
            "dur_std": 257.22729254017395
        },
        "19": {
            "dur_mean": 1290.8429752066115,
            "dur_std": 280.8796897921618
        },
        "20": {
            "dur_mean": 1364.01652892562,
            "dur_std": 304.53193547560477
        },
        "21": {
            "dur_mean": 1398.5537190082644,
            "dur_std": 311.3948980103673
        },
        "22": {
            "dur_mean": 1443.4916666666666,
            "dur_std": 323.1561007875149
        },
        "23": {
            "dur_mean": 1499.0661157024792,
            "dur_std": 325.8503678975262
        },
        "24": {
            "dur_mean": 1723.2820512820513,
            "dur_std": 414.3987368349695
        },
        "25": {
            "dur_mean": 1796.4054054054054,
            "dur_std": 404.88149565709415
        },
        "26": {
            "dur_mean": 1814.8947368421052,
            "dur_std": 415.7265726589939
        },
        "27": {
            "dur_mean": 1846.9473684210527,
            "dur_std": 417.4452511355115
        },
        "28": {
            "dur_mean": 1912.3333333333333,
            "dur_std": 459.7821757341264
        },
        "29": {
            "dur_mean": 1973.5824175824175,
            "dur_std": 430.27022687128624
        },
        "30": {
            "dur_mean": 1973.3529411764705,
            "dur_std": 441.65796198789786
        },
        "31": {
            "dur_mean": 2056.450980392157,
            "dur_std": 452.22170212221846
        },
        "32": {
            "dur_mean": 2093.3980582524273,
            "dur_std": 453.7018832005462
        },
        "33": {
            "dur_mean": 2143.1650485436894,
            "dur_std": 462.29926427240974
        },
        "34": {
            "dur_mean": 2189.6826923076924,
            "dur_std": 466.1284723198575
        },
        "35": {
            "dur_mean": 2461.274509803922,
            "dur_std": 547.8895992872863
        },
        "36": {
            "dur_mean": 2535.8058252427186,
            "dur_std": 561.5172209091174
        },
        "37": {
            "dur_mean": 2572.359223300971,
            "dur_std": 570.3744702913824
        },
        "38": {
            "dur_mean": 2603.6796116504856,
            "dur_std": 575.630450856093
        },
        "39": {
            "dur_mean": 2694.9126213592235,
            "dur_std": 579.0354404608821
        },
        "40": {
            "dur_mean": 2736.970588235294,
            "dur_std": 581.7411124363315
        },
        "41": {
            "dur_mean": 2773.421568627451,
            "dur_std": 586.3414751412204
        },
        "42": {
            "dur_mean": 2805.6666666666665,
            "dur_std": 588.9455812634721
        },
        "43": {
            "dur_mean": 2838.950980392157,
            "dur_std": 592.4632482640452
        },
        "44": {
            "dur_mean": 2933.294117647059,
            "dur_std": 607.419514910221
        },
        "45": {
            "dur_mean": 3016.3823529411766,
            "dur_std": 619.2483153962888
        },
        "46": {
            "dur_mean": 3042.5825242718447,
            "dur_std": 630.8492334764934
        },
        "47": {
            "dur_mean": 3091.5922330097087,
            "dur_std": 635.7986861820707
        },
        "48": {
            "dur_mean": 3127.223300970874,
            "dur_std": 637.7704413990429
        },
        "49": {
            "dur_mean": 3335.4285714285716,
            "dur_std": 629.510560985082
        },
        "50": {
            "dur_mean": 3318.2090909090907,
            "dur_std": 640.3696767121137
        }
    },
    "feature_eval": {
        "f_values": {
            "weather_main_Clouds": 0.0014661977755222272,
            "weather_main_Drizzle": 0.011194319244018145,
            "weather_main_Fog": 0.02899327332947811,
            "weather_main_Rain": 4.040630154145309,
            "weather_main_Snow": 1.229393649805344,
            "weather_description_few clouds": 0.5219702881421662,
            "weather_description_fog": 0.02899327332947811,
            "weather_description_light intensity drizzle": 1.0166770774211407,
            "weather_description_light intensity drizzle rain": 26.46213177732273,
            "weather_description_light intensity shower rain": 12.978433695549093,
            "weather_description_light rain": 0.33258603785015545,
            "weather_description_light shower snow": 1.229393649805344,
            "weather_description_overcast clouds": 0.934264502022238,
            "weather_description_proximity shower rain": 0.5536508847483079,
            "weather_description_scattered clouds": 13.972601072874188,
            "weather_description_sky is clear": 25.378706012750637,
            "weekday_1": 0.02963911621624683,
            "weekday_2": 0.17140049847831024,
            "weekday_3": 10.166179963572144,
            "weekday_4": 15.46833354241245,
            "month_2": 0.6558970125899427,
            "month_3": 5.195431568106235,
            "month_4": 0.7598812310610952,
            "month_5": 2.8950639759423926,
            "month_6": 33.17646765485275,
            "month_7": 31.64597333073251,
            "month_8": 56.60214406832569,
            "month_9": 1.4147490401155514,
            "month_10": 68.97765117588828,
            "month_11": 3.1603460009798194,
            "month_12": 25.265470780453207,
            "hour_16": 5466.279530065316,
            "holiday_1": 1.3084452976696848
        },
        "correlations": {
            "daystamp": 0.02837675333951234,
            "progr_number": 0.9304372446749184,
            "arr_p": 0.901689479593286,
            "arr_a": 0.9969466299764256,
            "dep_p": 0.901689479593286,
            "dep_a": 0.9970594369541922,
            "end_p": 0.11256429843206499,
            "start_p": NaN,