{
    "rows": {
        "start": 13967,
        "route_filter": -3348,
        "nan_filter": -5091,
        "negative_dur": 0,
        "outliers": -10,
        "end": 5518
    },
    "scr": 0.5658914728682171,
    "stats": {
        "1": {
            "dur_mean": 0.0,
            "dur_std": 0.0
        },
        "2": {
            "dur_mean": 69.08527131782945,
            "dur_std": 20.2353461669457
        },
        "3": {
            "dur_mean": 126.63565891472868,
            "dur_std": 28.630986815123084
        },
        "4": {
            "dur_mean": 146.47286821705427,
            "dur_std": 32.682678305798476
        },
        "5": {
            "dur_mean": 193.91472868217053,
            "dur_std": 51.16487305267281
        },
        "6": {
            "dur_mean": 278.5813953488372,
            "dur_std": 56.94579353352441
        },
        "7": {
            "dur_mean": 367.4031007751938,
            "dur_std": 60.02675437094761
        },
        "8": {
            "dur_mean": 436.6821705426357,
            "dur_std": 65.01369861615272
        },
        "9": {
            "dur_mean": 505.83720930232556,
            "dur_std": 79.143539563575
        },
        "10": {
            "dur_mean": 639.6899224806201,
            "dur_std": 130.00912218292683
        },
        "11": {
            "dur_mean": 796.1162790697674,
            "dur_std": 158.8616550211111
        },
        "12": {
            "dur_mean": 1030.031007751938,
            "dur_std": 288.3644595490362
        },
        "13": {
            "dur_mean": 1200.3100775193798,
            "dur_std": 276.77206885951335
        },
        "14": {
            "dur_mean": 1283.3875968992247,
            "dur_std": 263.53659346466713
        },
        "15": {
            "dur_mean": 1387.5581395348838,
            "dur_std": 274.0903964415967
        },
        "16": {
            "dur_mean": 1450.4651162790697,
            "dur_std": 274.9787789116538
        },
        "17": {
            "dur_mean": 1542.5658914728683,
            "dur_std": 289.17011766868194
        },
        "18": {
            "dur_mean": 1612.2480620155038,
            "dur_std": 306.5563781500821
        },
        "19": {
            "dur_mean": 1689.2015503875969,
            "dur_std": 298.6722540010664
        },
        "20": {
            "dur_mean": 1792.4263565891472,
            "dur_std": 310.0283448531813
        },
        "21": {
            "dur_mean": 1860.5503875968993,
            "dur_std": 327.9122157977343
        },
        "22": {
            "dur_mean": 1958.9767441860465,
            "dur_std": 347.82836251151497
        },
        "23": {
            "dur_mean": 2057.767441860465,
            "dur_std": 357.6185666938813
        },
        "24": {
            "dur_mean": 2177.1472868217056,
            "dur_std": 378.78626271898037
        },
        "25": {
            "dur_mean": 2237.751937984496,
            "dur_std": 377.53106310540346
        },
        "26": {
            "dur_mean": 2359.0697674418607,
            "dur_std": 392.43580657475275
        },
        "27": {
            "dur_mean": 2395.0697674418607,
            "dur_std": 395.72785365321045
        },
        "28": {
            "dur_mean": 2488.8527131782944,
            "dur_std": 413.2699462211261
        },
        "29": {
            "dur_mean": 2551.84496124031,
            "dur_std": 478.57696692924304
        },
        "30": {
            "dur_mean": 2597.28125,
            "dur_std": 433.36053505880835
        },
        "31": {
            "dur_mean": 2671.109375,
            "dur_std": 437.17767400860583
        },
        "32": {
            "dur_mean": 2722.796875,
            "dur_std": 443.6288503248534
        },
        "33": {
            "dur_mean": 2795.265625,
            "dur_std": 445.4774397881853
        },
        "34": {
            "dur_mean": 2878.59375,
            "dur_std": 455.2350338271672
        },
        "35": {
            "dur_mean": 2924.9375,
            "dur_std": 461.3298092616451
        },
        "36": {
            "dur_mean": 3009.6875,
            "dur_std": 466.6657194403585
        },
        "37": {
            "dur_mean": 3078.2578125,
            "dur_std": 478.5722901990443
        },
        "38": {
            "dur_mean": 3158.9453125,
            "dur_std": 496.4233541968262
        },
        "39": {
            "dur_mean": 3334.6171875,
            "dur_std": 548.1073249850468
        },
        "40": {
            "dur_mean": 3244.3972602739727,
            "dur_std": 568.8291761672008
        },
        "41": {
            "dur_mean": 3665.4609375,
            "dur_std": 565.5002788604443
        },
        "43": {
            "dur_mean": 3893.733944954128,
            "dur_std": 599.7645933599132
        },
        "44": {
            "dur_mean": 3898.0,
            "dur_std": 646.0808827401206
        },
        "45": {
            "dur_mean": 4093.1285714285714,
            "dur_std": 670.1172063052369
        },
        "42": {
            "dur_mean": 3949.2545454545457,
            "dur_std": 452.201496311095
        }
    },
    "feature_eval": {
        "f_values": {
            "weather_main_Clouds": 4.842035021169912,
            "weather_main_Drizzle": 4.987346874269674,
            "weather_main_Fog": 20.58476709308381,
            "weather_main_Mist": 0.3060150523650566,
            "weather_main_Rain": 3.0722079321554863,
            "weather_description_few clouds": 0.8816917293437058,
            "weather_description_fog": 20.58476709308381,
            "weather_description_light intensity drizzle": 1.1604754785551497,
            "weather_description_light intensity drizzle rain": 16.774831887266714,
            "weather_description_light intensity shower rain": 0.25481687500693534,
            "weather_description_light rain": 2.7649399933679675,
            "weather_description_mist": 0.3060150523650566,
            "weather_description_overcast clouds": 0.12108006475468834,
            "weather_description_scattered clouds": 4.5490565654163895,
            "weather_description_sky is clear": 0.48950985604757247,
            "weekday_1": 0.0048699916597180586,
            "weekday_2": 3.5405957945648336,
            "weekday_3": 4.093618128983413,
            "weekday_4": 27.88512984770656,
            "month_4": 2.5388677258323122,
            "month_5": 7.946054564275054,
            "month_6": 3.37293238195124,
            "month_7": 60.81147544273047,
            "month_8": 15.499650955608605,
            "month_9": 3.9401817370402283,
            "month_10": 10.04198090939829,
            "month_11": 0.10282992426206147,
            "month_12": 0.7722027657604322,
            "hour_8": 2095.5647970719624,
            "hour_9": 305.32515643023345
        },
        "correlations": {
            "daystamp": -0.011330718825374541,
            "progr_number": 0.9497355516429296,
            "arr_p": 0.935488757774197,
            "arr_a": 0.9730696287975149,
            "dep_p": 0.935488757774197,
            "dep_a": 0.9731251100448417,
            "end_p": 0.11894418962214973,
            "start_p": 0.10572486287566855,
            "start_a": 0.11195984534294469,
            "temp": 0.016869252256644617,
            "feels_like": -0.028492897336612585,
            "temp_min": 0.007097831770811352,
            "temp_max": -0.004103913320312628,
            "pressure": 0.033475744547623656,
            "humidity": -0.15259879844417593,
            "wind_speed": 0.09669545546020054,
            "wind_deg": -0.035931380010517495,
            "clouds_all": -0.01593894347454876,
            "dt": -0.011183322091363818,
            "dur_s": 0.9556709367190495
        }
    },
    "modelling": {
        "XGBoost": {
            "time": 0.3749992847442627,
            "r_2": 0.9808759978269133,
            "mse": 27668.797471211663,
            "rmse": 166.3394044452837,
            "mae": 100.36009238923805
        },