{
    "rows": {
        "start": 418136,
        "route_filter": -101430,
        "nan_filter": -4907,
        "negative_dur": -98,
        "outliers": -1994,
        "end": 309707
    },
    "scr": 0.9854364915184113,
    "stats": {
        "1": {
            "dur_mean": 0.0,
            "dur_std": 0.0
        },
        "2": {
            "dur_mean": 178.9025871391731,
            "dur_std": 92.9946597010109
        },
        "3": {
            "dur_mean": 330.04735746982936,
            "dur_std": 105.29958926977284
        },
        "4": {
            "dur_mean": 368.5424025324892,
            "dur_std": 108.51369028613104
        },
        "5": {
            "dur_mean": 404.2968789013733,
            "dur_std": 121.45318842913798
        },
        "6": {
            "dur_mean": 575.4462280628795,
            "dur_std": 160.58460953041907
        },
        "7": {
            "dur_mean": 623.2225736640586,
            "dur_std": 166.74374092731404
        },
        "8": {
            "dur_mean": 680.7524166666667,
            "dur_std": 174.71052086141816
        },
        "9": {
            "dur_mean": 703.2784546061415,
            "dur_std": 177.42120801520366
        },
        "10": {
            "dur_mean": 745.8081768877764,
            "dur_std": 181.80251429915947
        },
        "11": {
            "dur_mean": 781.1007092198581,
            "dur_std": 187.9688382841302
        },
        "12": {
            "dur_mean": 823.0326993660327,
            "dur_std": 193.53996519183758
        },
        "13": {
            "dur_mean": 885.9576384256171,
            "dur_std": 201.7500227437852
        },
        "14": {
            "dur_mean": 913.828857381151,
            "dur_std": 205.2528751291893
        },
        "15": {
            "dur_mean": 954.8091743119267,
            "dur_std": 208.11444191860556
        },
        "16": {
            "dur_mean": 992.2540040040041,
            "dur_std": 212.775740954534
        },
        "17": {
            "dur_mean": 1042.0120100083402,
            "dur_std": 217.84762751127488
        },
        "18": {
            "dur_mean": 1072.585487906589,
            "dur_std": 223.27874082112868
        },
        "19": {
            "dur_mean": 1108.0179346012678,
            "dur_std": 226.85920035017432
        },
        "20": {
            "dur_mean": 1145.7248769910766,
            "dur_std": 231.83374578672547
        },
        "21": {
            "dur_mean": 1246.2011364585944,
            "dur_std": 243.07215549760195
        },
        "22": {
            "dur_mean": 1324.7415739734047,
            "dur_std": 260.0558693003149
        },
        "23": {
            "dur_mean": 1432.1531004512785,
            "dur_std": 267.99566167721457
        },
        "24": {
            "dur_mean": 1480.4281404508506,
            "dur_std": 271.78729494489994
        },
        "25": {
            "dur_mean": 1565.921059247465,
            "dur_std": 281.9466996995875
        },
        "26": {
            "dur_mean": 1648.607541782145,
            "dur_std": 299.8743273705176
        }
    },
    "feature_eval": {
        "f_values": {
            "weather_main_Clouds": 0.7126047937372519,
            "weather_main_Drizzle": 42.956615740019544,
            "weather_main_Fog": 29.235970784604987,
            "weather_main_Mist": 7.751522113624561,
            "weather_main_Rain": 132.32862770276864,
            "weather_main_Smoke": 0.431864364437524,
            "weather_main_Snow": 4.6994149574619115,
            "weather_description_broken clouds": 0.8400413247101967,
            "weather_description_few clouds": 71.97678552431286,
            "weather_description_fog": 29.235970784604987,
            "weather_description_light intensity drizzle": 26.393368392423294,
            "weather_description_light intensity drizzle rain": 15.330394203268764,
            "weather_description_light intensity shower rain": 39.62124789832789,
            "weather_description_light rain": 12.92968395742605,
            "weather_description_light shower snow": 2.295603691704309,
            "weather_description_light snow": 0.9549608039237656,
            "weather_description_mist": 7.751522113624561,
            "weather_description_moderate rain": 13.403217083588178,
            "weather_description_overcast clouds": 31.054163289863578,
            "weather_description_proximity shower rain": 162.67270368689577,
            "weather_description_rain and drizzle": 3.651617927305302,
            "weather_description_scattered clouds": 59.0631446476632,
            "weather_description_sky is clear": 29.30005745876481,
            "weather_description_smoke": 0.431864364437524,
            "weekday_1": 71.6005478120582,
            "weekday_2": 131.675752039229,
            "weekday_3": 215.30602862993078,
            "weekday_4": 176.61269368254247,
            "weekday_5": 630.522320494826,
            "weekday_6": 889.1494444400385,
            "month_2": 2.6050102899777676,
            "month_3": 3.974734062110687,
            "month_4": 1.4886581546225737,
            "month_5": 55.436907841141114,
            "month_6": 15.945244052361208,
            "month_7": 34.77651245432143,
            "month_8": 27.27291832322457,
            "month_9": 8.767734796680623,
            "month_10": 39.763537242968034,
            "hour_6": 2538.0112077501863,
            "hour_7": 1924.7716629638976,
            "hour_8": 103.55789686232758,
            "hour_9": 258.72239262560055,
            "hour_10": 257.13636840507377,
            "hour_11": 34.65788443608906,
            "hour_12": 154.3718169820516,
            "hour_13": 385.61998623307153,
            "hour_14": 580.2912140997408,
            "hour_15": 473.2124686165547,
            "hour_16": 1034.8407044229566,
            "hour_17": 2159.7748708130266,
            "hour_18": 1177.8767710356283,
            "hour_19": 214.95769704249298,
            "hour_20": 433.2847981143508,
            "hour_21": 397.83082520764026,
            "hour_22": 1114.7689626941915,
            "hour_23": 1103.9304908704778,
            "holiday_1": 420.811838357782
        },
        "correlations": {
            "daystamp": -0.0002864363472682857,
            "progr_number": 0.8966824161767998,
            "arr_p": 0.056179766728304804,
            "arr_a": 0.059703487882664094,
            "dep_p": 0.056179766728304804,
            "dep_a": 0.05961126737056412,
            "end_p": 0.03607305321652522,
            "start_p": 0.033488721402959776,
            "start_a": 0.033190143250538165,
            "temp": 0.05163011895372137,
            "feels_like": 0.02760333332466947,
            "temp_min": 0.04548874684064074,
            "temp_max": 0.04651832210228532,
            "pressure": -0.0027905965967893625,
            "humidity": -0.10738873638479385,
            "wind_speed": 0.04538197894693559,
            "wind_deg": 0.00021653443758272233,
            "clouds_all": 0.00928825701689648,
            "dt": -0.00014628200405036634,
            "dur_s": 0.9501592985818581
        }
    },
    "modelling": {
        "XGBoost": {
            "time": 37.69582796096802,
            "r_2": 0.931878494510293,
            "mse": 14528.014618179252,
            "rmse": 120.5322140267043,
            "mae": 89.95929215135537
        },
        "Benchmark": {
            "r_2": 0.8673358853436153,
            "mse": 28292.771617136143,
            "rmse": 168.2045529025185,
            "mae": 124.55427693181964
        }
    },