{
    "rows": {
        "start": 908155,
        "route_filter": -434337,
        "nan_filter": -33508,
        "negative_dur": 0,
        "outliers": -2461,
        "end": 437849
    },
    "scr": 0.9765695067264574,
    "stats": {
        "1": {
            "dur_mean": 0.0,
            "dur_std": 0.0
        },
        "2": {
            "dur_mean": 70.83441923163335,
            "dur_std": 49.39659260252753
        },
        "3": {
            "dur_mean": 213.088631768142,
            "dur_std": 70.9464251692946
        },
        "4": {
            "dur_mean": 260.8274545046057,
            "dur_std": 77.3817539640158
        },
        "5": {
            "dur_mean": 288.97496070065125,
            "dur_std": 80.71735327160496
        },
        "6": {
            "dur_mean": 364.20139200718455,
            "dur_std": 90.20803066045195
        },
        "7": {
            "dur_mean": 439.15794802564966,
            "dur_std": 101.74717072618986
        },
        "8": {
            "dur_mean": 514.0678366520418,
            "dur_std": 112.31201420366641
        },
        "9": {
            "dur_mean": 588.8083670715249,
            "dur_std": 121.74882434591753
        },
        "10": {
            "dur_mean": 629.9313912945676,
            "dur_std": 126.29589150166888
        },
        "11": {
            "dur_mean": 670.489713322091,
            "dur_std": 130.89831503453797
        },
        "12": {
            "dur_mean": 736.8804847940747,
            "dur_std": 143.22433241516413
        },
        "13": {
            "dur_mean": 828.5471274685817,
            "dur_std": 163.7449529887083
        },
        "14": {
            "dur_mean": 872.0819580105535,
            "dur_std": 177.459147277521
        },
        "15": {
            "dur_mean": 958.7107892668688,
            "dur_std": 212.90729319213753
        },
        "16": {
            "dur_mean": 1105.749522847199,
            "dur_std": 249.6767621069458
        },
        "17": {
            "dur_mean": 1200.000337571734,
            "dur_std": 269.34893054820543
        },
        "18": {
            "dur_mean": 1250.6933033202026,
            "dur_std": 285.27918686569376
        },
        "19": {
            "dur_mean": 1461.6581850934474,
            "dur_std": 327.78598657531387
        },
        "20": {
            "dur_mean": 1523.5237505628095,
            "dur_std": 333.90978524082107
        },
        "21": {
            "dur_mean": 1680.9534988206224,
            "dur_std": 355.6445408003488
        },
        "22": {
            "dur_mean": 1906.9611085766423,
            "dur_std": 378.1418678765079
        },
        "23": {
            "dur_mean": 2232.7363677846224,
            "dur_std": 428.63947591569985
        },
        "24": {
            "dur_mean": 2364.8669714285716,
            "dur_std": 434.46677920503566
        },
        "25": {
            "dur_mean": 2463.1166114096263,
            "dur_std": 443.8826705151579
        },
        "26": {
            "dur_mean": 2525.9513395923977,
            "dur_std": 453.576668185025
        },
        "27": {
            "dur_mean": 2682.445602382043,
            "dur_std": 474.54719022789857
        },
        "28": {
            "dur_mean": 2870.025614636935,
            "dur_std": 493.9673350253903
        },
        "29": {
            "dur_mean": 2932.8893845801877,
            "dur_std": 499.5507065022318
        },
        "30": {
            "dur_mean": 2982.255146386093,
            "dur_std": 505.670152670581
        },
        "31": {
            "dur_mean": 3093.9517438536304,
            "dur_std": 521.780338452931
        },
        "32": {
            "dur_mean": 3138.104047564601,
            "dur_std": 525.4118749550881
        },
        "33": {
            "dur_mean": 3219.041037951532,
            "dur_std": 533.3652736901967
        },
        "34": {
            "dur_mean": 3247.283264746228,
            "dur_std": 535.3405622189224
        },
        "35": {
            "dur_mean": 3289.0469821673523,
            "dur_std": 539.5998459887213
        },
        "36": {
            "dur_mean": 3393.956820524568,
            "dur_std": 551.5695233996687
        },
        "37": {
            "dur_mean": 3433.9717294265765,
            "dur_std": 556.8897239204476
        },
        "38": {
            "dur_mean": 3503.766571265026,
            "dur_std": 566.9094210042764
        },
        "39": {
            "dur_mean": 3576.649994277212,
            "dur_std": 573.5200221892297
        },
        "40": {
            "dur_mean": 3623.8466201532656,
            "dur_std": 579.0044887960214
        },
        "41": {
            "dur_mean": 3661.3209791809654,
            "dur_std": 581.0700045836089
        },
        "42": {
            "dur_mean": 3698.9870709382153,
            "dur_std": 583.1095277143482
        },
        "43": {
            "dur_mean": 3735.0605609616487,
            "dur_std": 585.0064448594131
        },
        "44": {
            "dur_mean": 3775.2388367300205,
            "dur_std": 587.9199523338987
        },
        "45": {
            "dur_mean": 3821.111289214564,
            "dur_std": 590.5387217514894
        },
        "46": {
            "dur_mean": 3866.422838798441,
            "dur_std": 592.990469862577
        },
        "47": {
            "dur_mean": 3915.4478211009173,
            "dur_std": 595.7716274886675
        },
        "48": {
            "dur_mean": 3953.890481651376,
            "dur_std": 598.2429752716384
        },
        "49": {
            "dur_mean": 3983.893238434164,
            "dur_std": 600.6407434751314
        },
        "50": {
            "dur_mean": 4037.6418338108883,
            "dur_std": 606.6584078847429
        }
    },
    "feature_eval": {
        "f_values": {
            "weather_main_Clouds": 1.9805664796312754,
            "weather_main_Drizzle": 7.700386667585247,
            "weather_main_Fog": 0.6547284148241548,
            "weather_main_Mist": 37.903587916187746,
            "weather_main_Rain": 19.884565291296155,
            "weather_main_Smoke": 0.4219072067598475,
            "weather_description_drizzle": 17.28236726170452,
            "weather_description_few clouds": 13.173946952089457,
            "weather_description_fog": 0.6547284148241548,
            "weather_description_heavy intensity rain": 0.686727614275477,
            "weather_description_light intensity drizzle": 7.11770698224101,
            "weather_description_light intensity drizzle rain": 1.8186187998596353,
            "weather_description_light intensity shower rain": 1.0659504303148197,
            "weather_description_light rain": 20.10383788150787,
            "weather_description_mist": 37.903587916187746,
            "weather_description_moderate rain": 1.5354664220877545,
            "weather_description_overcast clouds": 42.46685468610867,
            "weather_description_proximity shower rain": 0.42143136575867934,
            "weather_description_scattered clouds": 16.46531725473348,
            "weather_description_sky is clear": 147.21765568924488,
            "weather_description_smoke": 0.4219072067598475,
            "weekday_1": 8.749456424688345,
            "weekday_2": 2.0432873191806653,
            "weekday_3": 78.6625038313695,
            "weekday_4": 100.35233614316839,
            "weekday_5": 1.960540892618685,
            "month_5": 17.877046929264566,
            "month_6": 88.29519641835837,
            "month_7": 95.28622320199663,
            "month_8": 186.5627326789074,
            "month_9": 0.33300180040499616,
            "month_10": 9.183274702140373,
            "month_11": 31.466607146629507,
            "month_12": 285.1044410994854,
            "hour_6": 4629.355252064894,
            "hour_7": 2067.7679364734463,
            "hour_8": 40.676528771369114,
            "hour_9": 2789.294974697273,
            "hour_10": 60.0707590435392,