{
    "rows": {
        "start": 1091296,
        "route_filter": -5421,
        "nan_filter": -33952,
        "negative_dur": -93,
        "outliers": -10900,
        "end": 1040930
    },
    "scr": 0.9319348942466708,
    "stats": {
        "1": {
            "dur_mean": 0.0,
            "dur_std": 0.0
        },
        "2": {
            "dur_mean": 44.282531824611034,
            "dur_std": 38.999186805359656
        },
        "3": {
            "dur_mean": 73.2978536242083,
            "dur_std": 53.679252900967434
        },
        "4": {
            "dur_mean": 128.54158072585247,
            "dur_std": 75.59912992354575
        },
        "5": {
            "dur_mean": 218.57078122167846,
            "dur_std": 84.08192699002397
        },
        "6": {
            "dur_mean": 260.8655462184874,
            "dur_std": 90.01005516465578
        },
        "7": {
            "dur_mean": 309.2868142883178,
            "dur_std": 94.1882556763907
        },
        "8": {
            "dur_mean": 329.299735835307,
            "dur_std": 99.11487356408517
        },
        "9": {
            "dur_mean": 387.20549130316,
            "dur_std": 106.97936726166094
        },
        "10": {
            "dur_mean": 487.43099656961914,
            "dur_std": 141.78956205052333
        },
        "11": {
            "dur_mean": 580.2401173225934,
            "dur_std": 164.18103543439113
        },
        "12": {
            "dur_mean": 658.199860023621,
            "dur_std": 175.600341316572
        },
        "13": {
            "dur_mean": 701.6650634018365,
            "dur_std": 185.1336728407947
        },
        "14": {
            "dur_mean": 765.0751879699249,
            "dur_std": 202.6101518855077
        },
        "15": {
            "dur_mean": 849.3799711248196,
            "dur_std": 214.87696874533
        },
        "16": {
            "dur_mean": 989.4129435960268,
            "dur_std": 246.40916010557538
        },
        "17": {
            "dur_mean": 1184.7123324040888,
            "dur_std": 263.8873926830061
        },
        "18": {
            "dur_mean": 1411.8460856458905,
            "dur_std": 316.0354974981741
        },
        "19": {
            "dur_mean": 1657.5821984868714,
            "dur_std": 358.01414582022835
        },
        "20": {
            "dur_mean": 1771.6118916990054,
            "dur_std": 365.4610501796291
        },
        "21": {
            "dur_mean": 1854.684090706187,
            "dur_std": 374.8825654438366
        },
        "22": {
            "dur_mean": 1982.7377107840944,
            "dur_std": 391.5415733089827
        },
        "23": {
            "dur_mean": 2039.83375,
            "dur_std": 396.9237771696022
        },
        "24": {
            "dur_mean": 2129.8230230587396,
            "dur_std": 409.4657609077117
        },
        "25": {
            "dur_mean": 2206.0589520624303,
            "dur_std": 421.75775585395616
        },
        "26": {
            "dur_mean": 2253.366778149387,
            "dur_std": 427.7096830429279
        },
        "27": {
            "dur_mean": 2425.462228369997,
            "dur_std": 455.9689108831186
        },
        "28": {
            "dur_mean": 2547.829028345537,
            "dur_std": 472.6993482354159
        },
        "29": {
            "dur_mean": 2599.5118892434934,
            "dur_std": 492.6788586163099
        },
        "30": {
            "dur_mean": 2692.4293092607563,
            "dur_std": 517.8564757692953
        },
        "31": {
            "dur_mean": 2718.4740647595095,
            "dur_std": 523.0467048596071
        },
        "32": {
            "dur_mean": 2795.9497917319836,
            "dur_std": 535.0722173082999
        },
        "33": {
            "dur_mean": 2829.778855176728,
            "dur_std": 538.9274973267225
        },
        "34": {
            "dur_mean": 2854.57266675602,
            "dur_std": 540.0142586059186
        },
        "35": {
            "dur_mean": 2896.8017060426064,
            "dur_std": 543.5974754770413
        },
        "36": {
            "dur_mean": 2944.919096307541,
            "dur_std": 547.3660845653026
        },
        "37": {
            "dur_mean": 2980.8785213625606,
            "dur_std": 553.8042754281352
        },
        "38": {
            "dur_mean": 3016.926357627724,
            "dur_std": 557.0501991470601
        },
        "39": {
            "dur_mean": 3067.921582637431,
            "dur_std": 562.2560125960318
        },
        "40": {
            "dur_mean": 3124.026620732853,
            "dur_std": 563.4707799637532
        },
        "41": {
            "dur_mean": 3151.986256603098,
            "dur_std": 566.195481297427
        },
        "42": {
            "dur_mean": 3214.1800519294475,
            "dur_std": 574.8134764001776
        },
        "43": {
            "dur_mean": 3332.065740990384,
            "dur_std": 587.3127130653536
        },
        "44": {
            "dur_mean": 3396.8722119587255,
            "dur_std": 599.4679761536224
        },
        "45": {
            "dur_mean": 3493.0634397623908,
            "dur_std": 609.2628866600965
        },
        "46": {
            "dur_mean": 3556.3445103441836,
            "dur_std": 623.1399838335245
        },
        "47": {
            "dur_mean": 3592.2238499580108,
            "dur_std": 627.619811076368
        }
    },
    "feature_eval": {
        "f_values": {
            "weather_main_Clouds": 7.576363762425255,
            "weather_main_Drizzle": 30.179937681537755,
            "weather_main_Fog": 37.08105906620596,
            "weather_main_Mist": 0.03196143636969831,
            "weather_main_Rain": 57.54268938683074,
            "weather_main_Smoke": 12.462010206071612,
            "weather_main_Snow": 36.912922692132625,
            "weather_description_broken clouds": 37.834673131076414,
            "weather_description_drizzle": 4.678218196594179,
            "weather_description_few clouds": 35.47500972780085,
            "weather_description_fog": 37.08105906620596,
            "weather_description_heavy intensity rain": 18.333957709384165,
            "weather_description_light intensity drizzle": 18.098789227799557,
            "weather_description_light intensity drizzle rain": 9.609714835463834,
            "weather_description_light intensity shower rain": 31.353435004989,
            "weather_description_light rain": 19.500054838890605,
            "weather_description_light shower snow": 6.013413432487442,
            "weather_description_light snow": 32.19705327790357,
            "weather_description_mist": 0.03196143636969831,
            "weather_description_moderate rain": 28.252565005973356,
            "weather_description_overcast clouds": 103.02106508321522,
            "weather_description_proximity shower rain": 31.934165662990463,
            "weather_description_rain and drizzle": 16.90753358654521,
            "weather_description_scattered clouds": 15.064921973874405,
            "weather_description_shower rain": 9.026144786994804,
            "weather_description_sky is clear": 89.53943755156341,
            "weather_description_smoke": 12.462010206071612,
            "weekday_1": 56.42739462520801,
            "weekday_2": 198.4085311217031,
            "weekday_3": 602.2464690864479,
            "weekday_4": 899.61384727759,
            "weekday_5": 881.7441011416265,
            "weekday_6": 2100.5543675799026,
            "month_2": 11.063727224653631,
            "month_3": 4.149852630120858,
            "month_4": 57.89947024369879,
            "month_5": 85.8907949008441,
            "month_6": 32.51917991322733,
            "month_7": 54.573173867893864,
            "month_8": 58.22574136172184,
            "month_9": 0.08875576967107025,
            "month_10": 45.27805419493656,
            "month_11": 224.70111235156074,
            "month_12": 21.158967051637642,