{
    "rows": {
        "start": 1014364,
        "route_filter": 0,
        "nan_filter": -137161,
        "negative_dur": -74,
        "outliers": -7631,
        "end": 869498
    },
    "scr": 0.9304984583761562,
    "stats": {
        "1": {
            "dur_mean": 0.0,
            "dur_std": 0.0
        },
        "2": {
            "dur_mean": 45.68687982359427,
            "dur_std": 42.238326765890726
        },
        "3": {
            "dur_mean": 94.36796317606444,
            "dur_std": 49.62523726264402
        },
        "4": {
            "dur_mean": 161.36702151155086,
            "dur_std": 59.622251343764916
        },
        "5": {
            "dur_mean": 217.6796991819861,
            "dur_std": 68.6690354975777
        },
        "6": {
            "dur_mean": 245.51897554263394,
            "dur_std": 72.11425228444229
        },
        "7": {
            "dur_mean": 293.09145575300664,
            "dur_std": 78.21019792013908
        },
        "8": {
            "dur_mean": 318.8653578269197,
            "dur_std": 85.37419485724794
        },
        "9": {
            "dur_mean": 370.800646316433,
            "dur_std": 90.71726849569806
        },
        "10": {
            "dur_mean": 394.2802724630136,
            "dur_std": 96.49487234433282
        },
        "11": {
            "dur_mean": 431.6763570095891,
            "dur_std": 100.76283693789547
        },
        "12": {
            "dur_mean": 478.6800850214723,
            "dur_std": 107.89760548116054
        },
        "13": {
            "dur_mean": 543.2935273675065,
            "dur_std": 116.59972801830327
        },
        "14": {
            "dur_mean": 577.970449995648,
            "dur_std": 123.13645602091361
        },
        "15": {
            "dur_mean": 622.2412442897541,
            "dur_std": 133.36684072719225
        },
        "16": {
            "dur_mean": 680.445057312764,
            "dur_std": 145.805099570952
        },
        "17": {
            "dur_mean": 704.863423035522,
            "dur_std": 148.24409409987337
        },
        "18": {
            "dur_mean": 763.4507411385607,
            "dur_std": 163.65535100940636
        },
        "19": {
            "dur_mean": 794.9139064256681,
            "dur_std": 166.807664298308
        },
        "20": {
            "dur_mean": 844.5187255449972,
            "dur_std": 179.28603651769137
        },
        "21": {
            "dur_mean": 890.6539222432478,
            "dur_std": 185.55616105166573
        },
        "22": {
            "dur_mean": 917.9854181004818,
            "dur_std": 189.18893047830824
        },
        "23": {
            "dur_mean": 967.5941189096372,
            "dur_std": 200.32208261137572
        },
        "24": {
            "dur_mean": 1004.1703487623869,
            "dur_std": 206.62937768643403
        },
        "25": {
            "dur_mean": 1038.7851721624288,
            "dur_std": 214.43555546848916
        },
        "26": {
            "dur_mean": 1078.1196244050936,
            "dur_std": 225.39039303075035
        },
        "27": {
            "dur_mean": 1129.038857436953,
            "dur_std": 235.8419552799335
        },
        "28": {
            "dur_mean": 1161.1225225225226,
            "dur_std": 241.36125212075405
        },
        "29": {
            "dur_mean": 1237.971373390558,
            "dur_std": 252.1404875047238
        },
        "30": {
            "dur_mean": 1289.1099283169506,
            "dur_std": 260.5689038466669
        },
        "31": {
            "dur_mean": 1347.4529848504355,
            "dur_std": 269.40880767764014
        },
        "32": {
            "dur_mean": 1393.9766433386287,
            "dur_std": 279.72653711144636
        },
        "33": {
            "dur_mean": 1443.2607575367174,
            "dur_std": 289.2268487016511
        },
        "34": {
            "dur_mean": 1509.2806030409758,
            "dur_std": 300.92053247752614
        },
        "35": {
            "dur_mean": 1543.193843379701,
            "dur_std": 313.77018594253474
        },
        "36": {
            "dur_mean": 1654.1905908660876,
            "dur_std": 325.3622289451221
        },
        "37": {
            "dur_mean": 1779.7936883799027,
            "dur_std": 338.94794362635554
        },
        "38": {
            "dur_mean": 1888.8823148906808,
            "dur_std": 351.99678085825656
        }
    },
    "feature_eval": {
        "f_values": {
            "weather_main_Clouds": 46.355795013077746,
            "weather_main_Drizzle": 2.3997786124283516,
            "weather_main_Fog": 7.540387537986348,
            "weather_main_Mist": 14.198061939360464,
            "weather_main_Rain": 15.667754803161696,
            "weather_main_Smoke": 2.130342914005695,
            "weather_main_Snow": 15.988852770016422,
            "weather_description_broken clouds": 7.346355488757312,
            "weather_description_drizzle": 2.4004732056054157,
            "weather_description_few clouds": 6.156146974106164,
            "weather_description_fog": 7.540387537986348,
            "weather_description_heavy intensity rain": 9.22460719852569,
            "weather_description_light intensity drizzle": 2.4155609637956466,
            "weather_description_light intensity drizzle rain": 0.316155916606665,
            "weather_description_light intensity shower rain": 0.09321075194343893,
            "weather_description_light rain": 28.89738940798391,
            "weather_description_light shower snow": 5.705277728388608,
            "weather_description_light snow": 47.043299666561985,
            "weather_description_mist": 14.198061939360464,
            "weather_description_moderate rain": 7.105669842898551,
            "weather_description_overcast clouds": 17.353008759128198,
            "weather_description_proximity shower rain": 4.535216279954038,
            "weather_description_rain and drizzle": 2.633386438457994,
            "weather_description_scattered clouds": 9.32776321075268,
            "weather_description_shower rain": 0.6650833829886675,
            "weather_description_sky is clear": 5.1178062784287315,
            "weather_description_smoke": 2.130342914005695,
            "weekday_1": 23.63550714729781,
            "weekday_2": 21.40790974779488,
            "weekday_3": 60.4807082189673,
            "weekday_4": 72.48061835215455,
            "weekday_5": 13.384653541784541,
            "weekday_6": 129.83544044286413,
            "month_2": 2.9880197943670614,
            "month_3": 43.077681344424946,
            "month_4": 0.01624660374251958,
            "month_5": 20.609339787855976,
            "month_6": 73.58932585257848,
            "month_7": 25.861303129955303,
            "month_8": 67.05537441528745,
            "month_9": 0.27276613242580483,
            "month_10": 11.121535469651777,
            "month_11": 109.93459311327611,
            "month_12": 32.32601693259059,
            "hour_6": 1077.0352762996267,
            "hour_7": 79.55085150975056,
            "hour_8": 3119.9587303869966,
            "hour_9": 687.7139648385038,
            "hour_10": 11.984512405195987,
            "hour_11": 115.7526861233325,
            "hour_12": 455.6705993944312,
            "hour_13": 427.02318850482635,
            "hour_14": 439.02493055066014,
            "hour_15": 342.4836854751412,
            "hour_16": 7.982688201382019,
            "hour_17": 44.260332185843176,
            "hour_18": 74.92514596925854,
            "hour_19": 12.577713463921336,
            "hour_20": 440.08885115330185,
            "hour_21": 1894.2020793306476,
            "hour_22": 3614.3452374337326,
            "hour_23": 4527.945660062935,
            "holiday_1": 232.28834149337754
        },
        "correlations": {
            "daystamp": 0.015831202134643403,
            "progr_number": 0.9321066267177991,
            "arr_p": -0.10238434473622046,