{
    "rows": {
        "start": 997451,
        "route_filter": 0,
        "nan_filter": -5526,
        "negative_dur": -30,
        "outliers": -9792,
        "end": 982103
    },
    "scr": 0.0038916386443495674,
    "stats": {
        "1": {
            "dur_mean": 0.0,
            "dur_std": 0.0
        },
        "3": {
            "dur_mean": 125.9088599916594,
            "dur_std": 63.09331451746184
        },
        "4": {
            "dur_mean": 144.9306739402205,
            "dur_std": 68.55396174591525
        },
        "5": {
            "dur_mean": 243.75270121696934,
            "dur_std": 89.13376986568302
        },
        "6": {
            "dur_mean": 312.97727014433457,
            "dur_std": 99.22316431863523
        },
        "7": {
            "dur_mean": 360.76167197210856,
            "dur_std": 107.31835148469847
        },
        "8": {
            "dur_mean": 425.2438719454442,
            "dur_std": 115.53650598823322
        },
        "9": {
            "dur_mean": 463.34556065027095,
            "dur_std": 122.88621617138988
        },
        "10": {
            "dur_mean": 523.8953369445812,
            "dur_std": 135.23664160133382
        },
        "11": {
            "dur_mean": 542.2719108787087,
            "dur_std": 138.2956823156794
        },
        "12": {
            "dur_mean": 576.0033319450229,
            "dur_std": 156.71070302234142
        },
        "13": {
            "dur_mean": 670.2428955235176,
            "dur_std": 174.41958389327144
        },
        "14": {
            "dur_mean": 735.3456776099057,
            "dur_std": 186.55588432006994
        },
        "15": {
            "dur_mean": 793.3398569103229,
            "dur_std": 197.43383575768735
        },
        "16": {
            "dur_mean": 834.3245258734905,
            "dur_std": 205.12250339895522
        },
        "17": {
            "dur_mean": 885.6167329169033,
            "dur_std": 210.5425994465817
        },
        "18": {
            "dur_mean": 910.0902275566999,
            "dur_std": 212.991482106078
        },
        "19": {
            "dur_mean": 936.0858105805279,
            "dur_std": 217.30883594728238
        },
        "20": {
            "dur_mean": 996.4642762485328,
            "dur_std": 223.65308261861787
        },
        "21": {
            "dur_mean": 1034.2677016281712,
            "dur_std": 227.984705603746
        },
        "22": {
            "dur_mean": 1090.3262695829865,
            "dur_std": 296.372166817488
        },
        "23": {
            "dur_mean": 1126.5283579813995,
            "dur_std": 238.20952190368607
        },
        "24": {
            "dur_mean": 1178.5559701492537,
            "dur_std": 245.66192460900385
        },
        "25": {
            "dur_mean": 1215.3259948872524,
            "dur_std": 250.96026845972776
        },
        "26": {
            "dur_mean": 1249.1653403384068,
            "dur_std": 254.41462224735534
        },
        "27": {
            "dur_mean": 1275.9303017424565,
            "dur_std": 257.45036247360855
        },
        "28": {
            "dur_mean": 1335.9450247601362,
            "dur_std": 262.8245965592123
        },
        "29": {
            "dur_mean": 1357.3625222299545,
            "dur_std": 265.8270113921048
        },
        "30": {
            "dur_mean": 1409.0094616513477,
            "dur_std": 270.3690251322646
        },
        "31": {
            "dur_mean": 1436.8578321624334,
            "dur_std": 274.0685012643496
        },
        "32": {
            "dur_mean": 1473.2348856835968,
            "dur_std": 277.67332058666614
        },
        "33": {
            "dur_mean": 1514.1287052085752,
            "dur_std": 282.3303062711985
        },
        "34": {
            "dur_mean": 1553.6063673026213,
            "dur_std": 284.7005680262382
        },
        "35": {
            "dur_mean": 1594.39280726257,
            "dur_std": 288.4647547220227
        },
        "36": {
            "dur_mean": 1674.8497172938194,
            "dur_std": 297.25689526879023
        },
        "37": {
            "dur_mean": 1711.6751067841612,
            "dur_std": 302.59302431481706
        },
        "38": {
            "dur_mean": 1773.1694565555902,
            "dur_std": 304.7783252039687
        },
        "39": {
            "dur_mean": 1831.583630051629,
            "dur_std": 311.41884306230867
        },
        "2": {
            "dur_mean": 99.66990291262135,
            "dur_std": 118.39932335769115
        }
    },
    "feature_eval": {
        "f_values": {
            "weather_main_Clouds": 4.517153097475764,
            "weather_main_Drizzle": 72.7966237906747,
            "weather_main_Fog": 23.037559779068005,
            "weather_main_Mist": 11.092073466243786,
            "weather_main_Rain": 97.06796804173977,
            "weather_main_Smoke": 3.622998570078884,
            "weather_main_Snow": 97.06720118214751,
            "weather_description_broken clouds": 20.218953514956446,
            "weather_description_drizzle": 0.8013993254855696,
            "weather_description_few clouds": 4.323986093284038,
            "weather_description_fog": 23.037559779068005,
            "weather_description_heavy intensity rain": 14.459679694212246,
            "weather_description_light intensity drizzle": 17.469823097302307,
            "weather_description_light intensity drizzle rain": 67.86562501077995,
            "weather_description_light intensity shower rain": 63.842946931344116,
            "weather_description_light rain": 0.9441306162977843,
            "weather_description_light shower snow": 39.00013036214421,
            "weather_description_light snow": 44.07079881397356,
            "weather_description_mist": 11.092073466243786,
            "weather_description_moderate rain": 16.37278375693263,
            "weather_description_overcast clouds": 55.545018209264526,
            "weather_description_proximity shower rain": 288.0289566921112,
            "weather_description_rain and drizzle": 6.174278551942012,
            "weather_description_scattered clouds": 71.87597955927674,
            "weather_description_shower rain": 12.904429951725419,
            "weather_description_sky is clear": 36.791878101155724,
            "weather_description_smoke": 3.622998570078884,
            "weekday_1": 171.4657124807744,
            "weekday_2": 275.1899767894114,
            "weekday_3": 387.48055367122953,
            "weekday_4": 278.5955166180586,
            "weekday_5": 1604.1924696069805,
            "weekday_6": 1379.3471566852982,
            "month_2": 51.08069106631615,
            "month_3": 3.2844005665411453,
            "month_4": 4.227272073522977,
            "month_5": 219.45476433281215,
            "month_6": 35.16716796353339,
            "month_7": 31.697557237322027,
            "month_8": 57.502917633590805,
            "month_9": 2.729678980114375,
            "month_10": 4.003830305319632,
            "month_11": 259.9521937457497,
            "month_12": 5.337956298568293,
            "hour_6": 2824.091223738989,
            "hour_7": 3076.945048883915,
            "hour_8": 629.4274812359197,
            "hour_9": 933.0922763203674,
            "hour_10": 2742.2870309218997,
            "hour_11": 727.2090813241394,
            "hour_12": 210.4384724236272,
            "hour_13": 66.47522125807188,
            "hour_14": 152.2787284970583,
            "hour_15": 37.33703014215809,
            "hour_16": 3123.1934786694646,
            "hour_17": 9116.01483467524,
            "hour_18": 7116.103129107011,
            "hour_19": 2040.2900386652884,
            "hour_20": 3.5490232291048325,
            "hour_21": 230.06778424890922,
            "hour_22": 2226.756397297689,
            "hour_23": 2513.3180385435226,
            "holiday_1": 607.3658392272023
        },
        "correlations": {
            "daystamp": 0.013022512376742021,