{
    "rows": {
        "start": 1680154,
        "route_filter": -912964,
        "nan_filter": -65004,
        "negative_dur": -12,
        "outliers": -4205,
        "end": 697969
    },
    "scr": 0.830487348871993,
    "stats": {
        "1": {
            "dur_mean": 0.0,
            "dur_std": 0.0
        },
        "2": {
            "dur_mean": 98.07174024640658,
            "dur_std": 71.15976995911632
        },
        "3": {
            "dur_mean": 115.27253054989816,
            "dur_std": 73.1914534774234
        },
        "4": {
            "dur_mean": 181.37725167267112,
            "dur_std": 76.28850945307279
        },
        "5": {
            "dur_mean": 253.1842275371687,
            "dur_std": 82.89434864924672
        },
        "6": {
            "dur_mean": 272.3378029912326,
            "dur_std": 84.9320819079741
        },
        "7": {
            "dur_mean": 319.018284831316,
            "dur_std": 89.53339400356177
        },
        "8": {
            "dur_mean": 380.5157167079692,
            "dur_std": 94.21028461439089
        },
        "9": {
            "dur_mean": 426.0470603571894,
            "dur_std": 97.47934760123731
        },
        "10": {
            "dur_mean": 470.68209675316206,
            "dur_std": 101.64479160740817
        },
        "11": {
            "dur_mean": 505.7750391236307,
            "dur_std": 103.1194645320152
        },
        "12": {
            "dur_mean": 546.4807667231712,
            "dur_std": 106.46228488486946
        },
        "13": {
            "dur_mean": 566.0642931664058,
            "dur_std": 108.56294267219909
        },
        "14": {
            "dur_mean": 606.6762289737906,
            "dur_std": 121.8192630405772
        },
        "15": {
            "dur_mean": 655.3446791862285,
            "dur_std": 128.1246305814858
        },
        "16": {
            "dur_mean": 697.6915351506457,
            "dur_std": 133.59763521373702
        },
        "17": {
            "dur_mean": 759.0925545571246,
            "dur_std": 147.84152228106237
        },
        "18": {
            "dur_mean": 835.1981613891726,
            "dur_std": 173.1554140123941
        },
        "19": {
            "dur_mean": 891.2756066411239,
            "dur_std": 194.69805045780913
        },
        "20": {
            "dur_mean": 965.7301546721206,
            "dur_std": 201.51715323358465
        },
        "21": {
            "dur_mean": 995.6789413118527,
            "dur_std": 209.4047674404941
        },
        "22": {
            "dur_mean": 1047.9219948849104,
            "dur_std": 225.44300150219325
        },
        "23": {
            "dur_mean": 1173.3794158908302,
            "dur_std": 247.8163269804416
        },
        "24": {
            "dur_mean": 1216.1516811003567,
            "dur_std": 256.0346002272757
        },
        "25": {
            "dur_mean": 1293.2289171974521,
            "dur_std": 260.77842194670296
        },
        "26": {
            "dur_mean": 1391.531063397281,
            "dur_std": 271.56622536540164
        },
        "27": {
            "dur_mean": 1457.8238578680202,
            "dur_std": 277.93446692320543
        },
        "28": {
            "dur_mean": 1538.0968151249842,
            "dur_std": 284.23607366919606
        },
        "29": {
            "dur_mean": 1637.5352791878172,
            "dur_std": 302.97506851671255
        },
        "30": {
            "dur_mean": 1721.4782059380923,
            "dur_std": 325.79338260843105
        },
        "31": {
            "dur_mean": 1752.9347087683987,
            "dur_std": 333.1222908082678
        },
        "32": {
            "dur_mean": 1840.2461808164287,
            "dur_std": 347.63333918192035
        },
        "33": {
            "dur_mean": 1881.1743967996,
            "dur_std": 354.0127914054487
        },
        "34": {
            "dur_mean": 1931.621645237798,
            "dur_std": 362.0737387404431
        },
        "35": {
            "dur_mean": 1953.901973026973,
            "dur_std": 363.4844909385331
        },
        "36": {
            "dur_mean": 2030.938576779026,
            "dur_std": 376.87669028189356
        },
        "37": {
            "dur_mean": 2106.139950062422,
            "dur_std": 398.07672131630204
        },
        "38": {
            "dur_mean": 2182.3303370786516,
            "dur_std": 412.01586805733444
        },
        "39": {
            "dur_mean": 2217.99625514917,
            "dur_std": 417.94987780893797
        },
        "40": {
            "dur_mean": 2275.241667706903,
            "dur_std": 426.3351773102353
        },
        "41": {
            "dur_mean": 2399.6038677479723,
            "dur_std": 442.483528768989
        },
        "42": {
            "dur_mean": 2450.9012977289744,
            "dur_std": 446.842281265194
        },
        "43": {
            "dur_mean": 2527.668538624735,
            "dur_std": 453.9794952766325
        },
        "44": {
            "dur_mean": 2608.066933066933,
            "dur_std": 462.538328707094
        },
        "45": {
            "dur_mean": 2657.7919630600272,
            "dur_std": 472.05348905659713
        },
        "46": {
            "dur_mean": 2745.947893293443,
            "dur_std": 491.56564994757065
        },
        "47": {
            "dur_mean": 2840.2944991892227,
            "dur_std": 509.3329518588291
        },
        "48": {
            "dur_mean": 2880.874033424794,
            "dur_std": 513.3961855668499
        },
        "49": {
            "dur_mean": 2978.35564697083,
            "dur_std": 526.4147189664199
        },
        "50": {
            "dur_mean": 3067.2663592172503,
            "dur_std": 540.2022668674116
        },
        "51": {
            "dur_mean": 3142.2140272057904,
            "dur_std": 551.9251133503508
        },
        "52": {
            "dur_mean": 3274.456617002629,
            "dur_std": 569.1256970723542
        },
        "53": {
            "dur_mean": 3502.0241763747963,
            "dur_std": 599.5032770510379
        },
        "54": {
            "dur_mean": 3671.2105460921844,
            "dur_std": 627.8768397955523
        },
        "55": {
            "dur_mean": 3940.8571607882513,
            "dur_std": 668.6444008995011
        },
        "56": {
            "dur_mean": 4121.265331981754,
            "dur_std": 692.4107363796886
        },
        "57": {
            "dur_mean": 4256.951658524043,
            "dur_std": 701.9726302298563
        },
        "58": {
            "dur_mean": 4320.9218228498075,
            "dur_std": 710.6794489512505
        },
        "59": {
            "dur_mean": 4410.3592730065275,
            "dur_std": 722.0988223450006
        },
        "60": {
            "dur_mean": 4517.152043038299,
            "dur_std": 737.977013755703
        },
        "61": {
            "dur_mean": 4579.950878543029,
            "dur_std": 746.2544488546874
        },
        "62": {
            "dur_mean": 4625.963571062083,
            "dur_std": 757.0247509775243
        },
        "63": {
            "dur_mean": 4708.599794634835,
            "dur_std": 775.0365921345798
        },
        "64": {
            "dur_mean": 4758.479137244833,
            "dur_std": 784.2358267965733
        },
        "65": {
            "dur_mean": 4811.935765673175,
            "dur_std": 792.4922406040047
        },
        "66": {
            "dur_mean": 4903.044998714323,
            "dur_std": 803.6273064423731
        },
        "67": {
            "dur_mean": 4939.571979434448,
            "dur_std": 808.0498409152761
        },
        "68": {
            "dur_mean": 4966.333933161954,
            "dur_std": 811.8732044288869
        },
        "69": {
            "dur_mean": 5002.063889960149,
            "dur_std": 816.7866651205071
        },
        "70": {
            "dur_mean": 5110.945421856941,