{
    "rows": {
        "start": 76148,
        "route_filter": -35124,
        "nan_filter": -736,
        "negative_dur": 0,
        "outliers": -468,
        "end": 39820
    },
    "scr": 0.04151404151404151,
    "stats": {
        "1": {
            "dur_mean": 0.0,
            "dur_std": 0.0
        },
        "2": {
            "dur_mean": 56.879120879120876,
            "dur_std": 12.70682357969018
        },
        "3": {
            "dur_mean": 128.0952380952381,
            "dur_std": 18.65110664954046
        },
        "4": {
            "dur_mean": 157.52869352869354,
            "dur_std": 25.369544427854144
        },
        "5": {
            "dur_mean": 196.66300366300365,
            "dur_std": 26.402771512366204
        },
        "6": {
            "dur_mean": 233.83394383394383,
            "dur_std": 27.566576808175636
        },
        "7": {
            "dur_mean": 276.97802197802196,
            "dur_std": 29.275055187468823
        },
        "8": {
            "dur_mean": 322.5238095238095,
            "dur_std": 32.627599536043974
        },
        "9": {
            "dur_mean": 380.9194139194139,
            "dur_std": 38.37975668087896
        },
        "10": {
            "dur_mean": 423.8998778998779,
            "dur_std": 44.66793796602506
        },
        "11": {
            "dur_mean": 467.65811965811963,
            "dur_std": 49.29399197539949
        },
        "12": {
            "dur_mean": 555.8840048840049,
            "dur_std": 64.06933878007762
        },
        "13": {
            "dur_mean": 593.7875457875458,
            "dur_std": 66.36290750581031
        },
        "14": {
            "dur_mean": 602.9084249084249,
            "dur_std": 67.03637420707848
        },
        "15": {
            "dur_mean": 686.3003663003662,
            "dur_std": 71.25185288964742
        },
        "16": {
            "dur_mean": 842.8691931540342,
            "dur_std": 82.16113227600836
        },
        "17": {
            "dur_mean": 967.4449877750611,
            "dur_std": 92.42566912872277
        },
        "18": {
            "dur_mean": 1178.7823960880196,
            "dur_std": 109.74584674143013
        },
        "19": {
            "dur_mean": 1315.8875305623471,
            "dur_std": 122.98393110753568
        },
        "20": {
            "dur_mean": 1371.8105134474329,
            "dur_std": 126.34480821358171
        },
        "21": {
            "dur_mean": 1480.7897310513447,
            "dur_std": 135.14917563234113
        },
        "22": {
            "dur_mean": 1581.179706601467,
            "dur_std": 139.2876200723588
        },
        "23": {
            "dur_mean": 1611.9743276283618,
            "dur_std": 139.9610387335649
        },
        "25": {
            "dur_mean": 2561.559431524548,
            "dur_std": 400.2299383835002
        },
        "26": {
            "dur_mean": 2913.0879566982408,
            "dur_std": 442.6123259862122
        },
        "27": {
            "dur_mean": 3091.7374301675977,
            "dur_std": 447.7164478483521
        },
        "28": {
            "dur_mean": 3168.7380952380954,
            "dur_std": 451.49671931357926
        },
        "29": {
            "dur_mean": 3450.6104078762305,
            "dur_std": 478.7659504686431
        },
        "30": {
            "dur_mean": 3625.4428772919605,
            "dur_std": 482.5859762639448
        },
        "31": {
            "dur_mean": 3950.4415584415583,
            "dur_std": 499.22025743956965
        },
        "32": {
            "dur_mean": 4074.0171919770773,
            "dur_std": 501.17058925264706
        },
        "33": {
            "dur_mean": 4327.458992805756,
            "dur_std": 527.0985894762027
        },
        "34": {
            "dur_mean": 4435.159025787965,
            "dur_std": 525.614018673147
        },
        "35": {
            "dur_mean": 4556.038681948424,
            "dur_std": 526.8676392244657
        },
        "36": {
            "dur_mean": 4692.441091954023,
            "dur_std": 512.5605204971713
        },
        "37": {
            "dur_mean": 4755.591304347826,
            "dur_std": 516.2665302516647
        },
        "38": {
            "dur_mean": 4794.55297532656,
            "dur_std": 516.2379345912574
        },
        "39": {
            "dur_mean": 4824.702034883721,
            "dur_std": 514.1477989085345
        },
        "40": {
            "dur_mean": 4866.880986937591,
            "dur_std": 515.8562539785594
        },
        "41": {
            "dur_mean": 4919.168359941945,
            "dur_std": 520.18171924082
        },
        "42": {
            "dur_mean": 4975.353623188405,
            "dur_std": 521.8258134269487
        },
        "43": {
            "dur_mean": 5002.040520984081,
            "dur_std": 522.0826644321737
        },
        "44": {
            "dur_mean": 5018.700867052024,
            "dur_std": 523.9907273175088
        },
        "45": {
            "dur_mean": 5057.572485207101,
            "dur_std": 526.7998051804034
        },
        "46": {
            "dur_mean": 5086.550445103858,
            "dur_std": 530.0861277195369
        },
        "47": {
            "dur_mean": 5151.8316100443135,
            "dur_std": 534.9074669791928
        },
        "48": {
            "dur_mean": 5259.0625,
            "dur_std": 546.5500706197794
        },
        "49": {
            "dur_mean": 5369.79552238806,
            "dur_std": 557.3372807591618
        },
        "50": {
            "dur_mean": 5403.753731343284,
            "dur_std": 561.7545601932084
        },
        "51": {
            "dur_mean": 5438.52316890882,
            "dur_std": 570.2641142631107
        },
        "52": {
            "dur_mean": 5643.041033434651,
            "dur_std": 590.289137794367
        },
        "53": {
            "dur_mean": 5689.884498480244,
            "dur_std": 589.4529662530181
        },
        "54": {
            "dur_mean": 5715.539513677812,
            "dur_std": 589.7268973896188
        },
        "55": {
            "dur_mean": 5976.492424242424,
            "dur_std": 594.219326882124
        },
        "24": {
            "dur_mean": 1673.7941176470588,
            "dur_std": 144.32660340075165
        },
        "56": {
            "dur_mean": 5921.166666666667,
            "dur_std": 522.2911620648147
        }
    },
    "feature_eval": {
        "f_values": {
            "weather_main_Clouds": 72.56150028523085,
            "weather_main_Drizzle": 74.34812563146104,
            "weather_main_Fog": 0.23019364247941995,
            "weather_main_Mist": 36.88845136860629,
            "weather_main_Rain": 21.65125581093395,
            "weather_description_few clouds": 2.7377096452500207,
            "weather_description_fog": 0.23019364247941995,
            "weather_description_heavy intensity rain": 4.632968843158935,
            "weather_description_light intensity drizzle": 38.13565158339914,
            "weather_description_light intensity drizzle rain": 33.65693135397791,
            "weather_description_light intensity shower rain": 0.4157360377844492,
            "weather_description_light rain": 16.629191284206172,
            "weather_description_mist": 36.88845136860629,
            "weather_description_moderate rain": 19.42539339663828,
            "weather_description_overcast clouds": 32.13365009514934,
            "weather_description_proximity shower rain": 52.67322030089937,
            "weather_description_scattered clouds": 40.36481643207044,
            "weather_description_sky is clear": 15.698233832770516,
            "weekday_1": 0.2048538631989868,
            "weekday_2": 3.9979343822970264,
            "weekday_3": 0.06282983778641814,
            "weekday_4": 14.046533075176292,
            "month_4": 0.22565504136578737,
            "month_5": 21.735976596847053,
            "month_6": 15.377174875417191,