{
    "rows": {
        "start": 70753,
        "route_filter": -23881,
        "nan_filter": -843,
        "negative_dur": 0,
        "outliers": -597,
        "end": 45432
    },
    "scr": 0.9052631578947369,
    "stats": {
        "1": {
            "dur_mean": 0.0,
            "dur_std": 0.0
        },
        "2": {
            "dur_mean": 240.5690200210748,
            "dur_std": 107.14233370680282
        },
        "3": {
            "dur_mean": 311.6132771338251,
            "dur_std": 124.14329661151248
        },
        "4": {
            "dur_mean": 362.98840885142255,
            "dur_std": 132.36571442392108
        },
        "5": {
            "dur_mean": 390.31085353003164,
            "dur_std": 134.061857133917
        },
        "6": {
            "dur_mean": 542.0674394099052,
            "dur_std": 149.07711765495696
        },
        "7": {
            "dur_mean": 585.1074815595364,
            "dur_std": 160.39794603970543
        },
        "8": {
            "dur_mean": 644.2054794520548,
            "dur_std": 169.25294695907695
        },
        "9": {
            "dur_mean": 692.595363540569,
            "dur_std": 172.52727607870818
        },
        "10": {
            "dur_mean": 767.3234984193888,
            "dur_std": 177.0946780262369
        },
        "11": {
            "dur_mean": 836.8935721812434,
            "dur_std": 183.4393409978573
        },
        "12": {
            "dur_mean": 919.8103266596418,
            "dur_std": 197.53257985511675
        },
        "13": {
            "dur_mean": 1097.4783983140148,
            "dur_std": 219.71499281257576
        },
        "14": {
            "dur_mean": 1145.5289778714437,
            "dur_std": 223.63786573997373
        },
        "15": {
            "dur_mean": 1197.9178082191781,
            "dur_std": 227.38079732611413
        },
        "16": {
            "dur_mean": 1234.2802950474183,
            "dur_std": 229.740184019904
        },
        "17": {
            "dur_mean": 1316.31822971549,
            "dur_std": 235.8783430411748
        },
        "18": {
            "dur_mean": 1458.3119072708114,
            "dur_std": 251.52660409793197
        },
        "19": {
            "dur_mean": 1530.5221518987341,
            "dur_std": 265.49472167718864
        },
        "20": {
            "dur_mean": 1673.834388185654,
            "dur_std": 303.0515149208527
        },
        "21": {
            "dur_mean": 1698.1351636747625,
            "dur_std": 309.81474158031165
        },
        "22": {
            "dur_mean": 1834.279535864979,
            "dur_std": 339.05437310689564
        },
        "23": {
            "dur_mean": 1998.1350210970463,
            "dur_std": 354.1394804491258
        },
        "24": {
            "dur_mean": 2503.826132771338,
            "dur_std": 416.44191361776217
        },
        "25": {
            "dur_mean": 2652.9884210526316,
            "dur_std": 460.379539296637
        },
        "26": {
            "dur_mean": 2778.642105263158,
            "dur_std": 474.62982338598067
        },
        "27": {
            "dur_mean": 2986.4178947368423,
            "dur_std": 491.05649753155205
        },
        "28": {
            "dur_mean": 3083.198947368421,
            "dur_std": 494.2215765228003
        },
        "29": {
            "dur_mean": 3166.257894736842,
            "dur_std": 498.7799147806661
        },
        "30": {
            "dur_mean": 4116.143459915612,
            "dur_std": 578.0407213081489
        },
        "31": {
            "dur_mean": 4215.910922587486,
            "dur_std": 544.0425416946399
        },
        "32": {
            "dur_mean": 4338.17940552017,
            "dur_std": 553.5130512046161
        },
        "33": {
            "dur_mean": 4420.218451749735,
            "dur_std": 559.7353683564295
        },
        "34": {
            "dur_mean": 4549.795744680851,
            "dur_std": 556.6154039991109
        },
        "35": {
            "dur_mean": 4697.859574468085,
            "dur_std": 560.2882582531486
        },
        "36": {
            "dur_mean": 4803.14696485623,
            "dur_std": 559.1353587284898
        },
        "37": {
            "dur_mean": 4863.460554371002,
            "dur_std": 561.7419821165803
        },
        "38": {
            "dur_mean": 5070.69477054429,
            "dur_std": 566.3279990093548
        },
        "39": {
            "dur_mean": 5148.338727076592,
            "dur_std": 565.7036575103825
        },
        "40": {
            "dur_mean": 5174.793103448276,
            "dur_std": 568.3497300217681
        },
        "41": {
            "dur_mean": 5270.317837837838,
            "dur_std": 572.8866834868237
        },
        "42": {
            "dur_mean": 5363.771397616468,
            "dur_std": 576.1252205988587
        },
        "43": {
            "dur_mean": 5409.806067172264,
            "dur_std": 577.7816506995168
        },
        "44": {
            "dur_mean": 5455.538461538462,
            "dur_std": 579.6507993819165
        },
        "45": {
            "dur_mean": 5497.046637744034,
            "dur_std": 580.3610402319273
        },
        "46": {
            "dur_mean": 5669.510869565217,
            "dur_std": 584.5734844739874
        },
        "47": {
            "dur_mean": 5705.55930359086,
            "dur_std": 585.4341577578704
        },
        "48": {
            "dur_mean": 5750.535714285715,
            "dur_std": 584.0946127133496
        },
        "49": {
            "dur_mean": 5847.922093023256,
            "dur_std": 586.6740152843116
        }
    },
    "feature_eval": {
        "f_values": {
            "weather_main_Clouds": 0.17749535633825705,
            "weather_main_Drizzle": 18.889884512680023,
            "weather_main_Fog": 0.49970655844661915,
            "weather_main_Mist": 1.1465719997510242,
            "weather_main_Rain": 1.7582636896748185,
            "weather_main_Snow": 9.231649758123861,
            "weather_description_few clouds": 4.6519889420450315,
            "weather_description_fog": 0.49970655844661915,
            "weather_description_light intensity drizzle": 41.98778902390263,
            "weather_description_light intensity drizzle rain": 1.1475610205461637,
            "weather_description_light intensity shower rain": 3.325915158357439,
            "weather_description_light rain": 0.018956121446266967,
            "weather_description_light shower snow": 9.231649758123861,
            "weather_description_mist": 1.1465719997510242,
            "weather_description_moderate rain": 0.16798253785733228,
            "weather_description_overcast clouds": 0.0009189251183288444,
            "weather_description_proximity shower rain": 0.45077985870200765,
            "weather_description_scattered clouds": 7.481348289671496,
            "weather_description_sky is clear": 4.186273556410332,
            "weekday_1": 2.921406506480182,
            "weekday_2": 3.548213597952004,
            "weekday_3": 2.393835263212123,
            "weekday_4": 4.585473073032618,
            "month_2": 4.665773545448025,
            "month_3": 1.1144637568493685,
            "month_4": 3.5374127249660763,
            "month_5": 0.8702043533308548,
            "month_6": 8.545706392112839,
            "month_7": 58.340889660821034,
            "month_8": 29.252205005860272,
            "month_9": 4.91138079895687,
            "month_10": 11.662244799297607,
            "month_11": 68.05620567059933,
            "month_12": 30.50774235721299,
            "hour_17": 5516.148561623921,
            "hour_18": 25293.856746406924,
            "hour_19": 1586.57200657526
        },
        "correlations": {
            "daystamp": 0.0401045521674143,
            "progr_number": 0.966161288473432,
            "arr_p": 0.8003264145247615,
            "arr_a": 0.8316926996175648,
            "dep_p": 0.8003264145247615,