{
    "rows": {
        "start": 2018923,
        "route_filter": -64709,
        "nan_filter": -70514,
        "negative_dur": -204,
        "outliers": -11027,
        "end": 1872469
    },
    "scr": 0.9663144718919118,
    "stats": {
        "1": {
            "dur_mean": 0.0,
            "dur_std": 0.0
        },
        "2": {
            "dur_mean": 153.00063197026023,
            "dur_std": 105.13512749254272
        },
        "3": {
            "dur_mean": 248.8142745796682,
            "dur_std": 129.357221375233
        },
        "4": {
            "dur_mean": 359.1573133664467,
            "dur_std": 154.21714653582924
        },
        "5": {
            "dur_mean": 439.2359891839834,
            "dur_std": 167.52108952635865
        },
        "6": {
            "dur_mean": 582.6191146508613,
            "dur_std": 187.61819181047107
        },
        "7": {
            "dur_mean": 827.0710444902769,
            "dur_std": 247.43985376839794
        },
        "8": {
            "dur_mean": 1090.802163319551,
            "dur_std": 290.12737305824015
        },
        "9": {
            "dur_mean": 1208.079369192611,
            "dur_std": 302.8293015570832
        },
        "10": {
            "dur_mean": 1323.5246228926353,
            "dur_std": 316.9721988617103
        },
        "11": {
            "dur_mean": 1386.6375665286812,
            "dur_std": 323.86678712706237
        },
        "12": {
            "dur_mean": 1469.1059878913172,
            "dur_std": 333.0812933157728
        },
        "13": {
            "dur_mean": 1541.3188240067875,
            "dur_std": 342.4621675291018
        },
        "14": {
            "dur_mean": 1600.4544918129518,
            "dur_std": 352.07413970169154
        },
        "15": {
            "dur_mean": 1658.0447926267282,
            "dur_std": 360.2123144272153
        },
        "16": {
            "dur_mean": 1721.5387166918513,
            "dur_std": 369.7322608808102
        },
        "17": {
            "dur_mean": 1791.9272472634798,
            "dur_std": 377.18149634857804
        },
        "18": {
            "dur_mean": 1835.268280996609,
            "dur_std": 383.2698836328306
        },
        "19": {
            "dur_mean": 1902.512586149707,
            "dur_std": 415.3292638685801
        },
        "20": {
            "dur_mean": 2013.3770625231225,
            "dur_std": 410.0614447955979
        },
        "21": {
            "dur_mean": 2042.6716949979361,
            "dur_std": 407.92936064841905
        },
        "22": {
            "dur_mean": 2080.378975560763,
            "dur_std": 411.8886407747402
        },
        "23": {
            "dur_mean": 2141.019318646209,
            "dur_std": 417.9139158835265
        },
        "24": {
            "dur_mean": 2231.6272097819683,
            "dur_std": 429.94153463060934
        },
        "25": {
            "dur_mean": 2281.4327851928324,
            "dur_std": 434.5287943372647
        },
        "26": {
            "dur_mean": 2334.883774919851,
            "dur_std": 440.9048116061821
        },
        "27": {
            "dur_mean": 2416.13268202765,
            "dur_std": 449.62805982225245
        },
        "28": {
            "dur_mean": 2482.6359982299577,
            "dur_std": 458.9668251541938
        },
        "29": {
            "dur_mean": 2536.611066027296,
            "dur_std": 464.88985426779954
        },
        "30": {
            "dur_mean": 2647.29282522802,
            "dur_std": 474.3943031599383
        },
        "31": {
            "dur_mean": 2694.980274822695,
            "dur_std": 478.4577828861319
        },
        "32": {
            "dur_mean": 2764.9763558445397,
            "dur_std": 488.5029719601626
        },
        "33": {
            "dur_mean": 2803.4071296638344,
            "dur_std": 492.31644925069696
        },
        "34": {
            "dur_mean": 2891.6146229726237,
            "dur_std": 501.860910658614
        },
        "35": {
            "dur_mean": 2932.340747035135,
            "dur_std": 505.4500643406211
        },
        "36": {
            "dur_mean": 2976.2660608075657,
            "dur_std": 510.87608869926305
        },
        "37": {
            "dur_mean": 3024.823451180317,
            "dur_std": 516.9853204237651
        },
        "38": {
            "dur_mean": 3075.911495271868,
            "dur_std": 522.6257966442533
        },
        "39": {
            "dur_mean": 3174.4449125919355,
            "dur_std": 532.086458380711
        },
        "40": {
            "dur_mean": 3245.1710336671717,
            "dur_std": 538.3796647409846
        },
        "41": {
            "dur_mean": 3288.53515971606,
            "dur_std": 544.9393639993563
        },
        "42": {
            "dur_mean": 3322.774905702241,
            "dur_std": 548.1514657412589
        },
        "43": {
            "dur_mean": 3355.6690706017234,
            "dur_std": 552.0172650456593
        },
        "44": {
            "dur_mean": 3383.96131227577,
            "dur_std": 554.5120246652207
        },
        "45": {
            "dur_mean": 3415.388819002516,
            "dur_std": 558.5307445001871
        },
        "46": {
            "dur_mean": 3518.006814310051,
            "dur_std": 569.1128109010139
        },
        "47": {
            "dur_mean": 3578.132182417664,
            "dur_std": 574.8951485022131
        },
        "48": {
            "dur_mean": 3648.3756413116216,
            "dur_std": 580.3302327430367
        },
        "49": {
            "dur_mean": 3710.778741946296,
            "dur_std": 587.4836672718714
        },
        "50": {
            "dur_mean": 3801.7950761667103,
            "dur_std": 597.6015927698477
        },
        "51": {
            "dur_mean": 3845.117246004247,
            "dur_std": 600.636549633052
        },
        "52": {
            "dur_mean": 3894.732702410671,
            "dur_std": 603.3990417190547
        },
        "53": {
            "dur_mean": 3909.5579610239593,
            "dur_std": 604.4315433945408
        },
        "54": {
            "dur_mean": 3939.802609019754,
            "dur_std": 604.080393917939
        },
        "55": {
            "dur_mean": 3964.5746243615076,
            "dur_std": 606.896807206067
        },
        "56": {
            "dur_mean": 4096.559079532295,
            "dur_std": 645.4977176777514
        },
        "57": {
            "dur_mean": 4207.554427355532,
            "dur_std": 673.355420537329
        },
        "58": {
            "dur_mean": 4265.015401827335,
            "dur_std": 682.2338886251963
        },
        "59": {
            "dur_mean": 4360.78392810138,
            "dur_std": 699.7100962036706
        },
        "60": {
            "dur_mean": 4451.59899966154,
            "dur_std": 708.1739696642474
        },
        "61": {
            "dur_mean": 4509.650030225178,
            "dur_std": 713.3464101076454
        },
        "62": {
            "dur_mean": 4565.407126124083,
            "dur_std": 720.3835603817189
        },
        "63": {
            "dur_mean": 4624.743366845567,
            "dur_std": 726.1689362257624
        },
        "64": {
            "dur_mean": 4689.526247962704,
            "dur_std": 733.1278411125486
        },
        "65": {
            "dur_mean": 4755.761710716734,
            "dur_std": 736.4634736589574
        },
        "66": {
            "dur_mean": 4813.230786816536,
            "dur_std": 739.9844078323159
        },
        "67": {
            "dur_mean": 4938.9345335515545,
            "dur_std": 769.4750536262236
        },
        "68": {
            "dur_mean": 4964.273058944248,
            "dur_std": 771.4843765892831
        },
        "69": {
            "dur_mean": 5010.857240385345,
            "dur_std": 776.253520807724
        },
        "70": {
            "dur_mean": 5082.902415057259,