{
    "rows": {
        "start": 2094893,
        "route_filter": -168613,
        "nan_filter": -131186,
        "negative_dur": -151,
        "outliers": -14303,
        "end": 1780640
    },
    "scr": 0.003954913980620921,
    "stats": {
        "1": {
            "dur_mean": 0.0,
            "dur_std": 0.0
        },
        "2": {
            "dur_mean": 146.6983325931608,
            "dur_std": 81.31873854915271
        },
        "3": {
            "dur_mean": 185.83900655065707,
            "dur_std": 115.52641440752731
        },
        "4": {
            "dur_mean": 286.9191768685567,
            "dur_std": 124.58074263231207
        },
        "5": {
            "dur_mean": 349.52596064487454,
            "dur_std": 129.18820532132338
        },
        "6": {
            "dur_mean": 408.32850163524046,
            "dur_std": 136.51755718158768
        },
        "7": {
            "dur_mean": 497.245822622108,
            "dur_std": 147.73894097454226
        },
        "8": {
            "dur_mean": 535.2182167748138,
            "dur_std": 151.78405781401918
        },
        "9": {
            "dur_mean": 607.3464317251345,
            "dur_std": 170.53649692284364
        },
        "10": {
            "dur_mean": 685.3555288942212,
            "dur_std": 198.10837272954905
        },
        "11": {
            "dur_mean": 741.224550179928,
            "dur_std": 218.79003589815645
        },
        "12": {
            "dur_mean": 826.50553623536,
            "dur_std": 236.4260012281495
        },
        "13": {
            "dur_mean": 913.9719961704164,
            "dur_std": 260.1823343415446
        },
        "14": {
            "dur_mean": 978.4381784802043,
            "dur_std": 278.8774383008305
        },
        "15": {
            "dur_mean": 1059.2798834982445,
            "dur_std": 281.7131037371018
        },
        "16": {
            "dur_mean": 1119.7596871383535,
            "dur_std": 287.66221017717527
        },
        "17": {
            "dur_mean": 1150.141076849337,
            "dur_std": 289.2649642133193
        },
        "18": {
            "dur_mean": 1165.6166287288847,
            "dur_std": 290.525005085112
        },
        "19": {
            "dur_mean": 1182.3070287539936,
            "dur_std": 291.50750735553953
        },
        "20": {
            "dur_mean": 1199.0605806477377,
            "dur_std": 293.66654922981576
        },
        "21": {
            "dur_mean": 1240.833426517572,
            "dur_std": 297.8350356551037
        },
        "22": {
            "dur_mean": 1295.409624600639,
            "dur_std": 304.7837691733837
        },
        "23": {
            "dur_mean": 1378.9058005752636,
            "dur_std": 316.1828312108315
        },
        "24": {
            "dur_mean": 1430.764341395163,
            "dur_std": 323.0139059560347
        },
        "25": {
            "dur_mean": 1511.9810750636132,
            "dur_std": 337.8481358947931
        },
        "26": {
            "dur_mean": 1560.0708486792603,
            "dur_std": 350.00745532380597
        },
        "27": {
            "dur_mean": 1602.8582000949818,
            "dur_std": 356.7943555764983
        },
        "28": {
            "dur_mean": 1651.2154339562876,
            "dur_std": 362.9572998815061
        },
        "29": {
            "dur_mean": 1695.9661479985746,
            "dur_std": 366.5791508503434
        },
        "30": {
            "dur_mean": 1735.0714087796382,
            "dur_std": 371.83066787124125
        },
        "31": {
            "dur_mean": 1810.7696233581262,
            "dur_std": 383.43498127731397
        },
        "32": {
            "dur_mean": 1882.204880749911,
            "dur_std": 391.4580894968424
        },
        "33": {
            "dur_mean": 1989.6906343932922,
            "dur_std": 405.93210977891846
        },
        "34": {
            "dur_mean": 2035.7057915974365,
            "dur_std": 411.09145031092146
        },
        "35": {
            "dur_mean": 2085.2899473829966,
            "dur_std": 419.39464348925986
        },
        "36": {
            "dur_mean": 2123.208536054745,
            "dur_std": 423.88357480799647
        },
        "37": {
            "dur_mean": 2209.8712268069785,
            "dur_std": 433.92532819731736
        },
        "38": {
            "dur_mean": 2246.8922480313404,
            "dur_std": 439.5329402936049
        },
        "39": {
            "dur_mean": 2320.3468571880935,
            "dur_std": 452.08823630284223
        },
        "40": {
            "dur_mean": 2352.4228134774517,
            "dur_std": 456.76254773661447
        },
        "41": {
            "dur_mean": 2456.580802280917,
            "dur_std": 467.47025122699836
        },
        "42": {
            "dur_mean": 2523.0816334614015,
            "dur_std": 476.35101667347436
        },
        "43": {
            "dur_mean": 2549.280038030345,
            "dur_std": 480.8858063611912
        },
        "44": {
            "dur_mean": 2601.3216464622456,
            "dur_std": 489.0970355744275
        },
        "45": {
            "dur_mean": 2651.4117647058824,
            "dur_std": 496.87869805721743
        },
        "46": {
            "dur_mean": 2724.8799175126906,
            "dur_std": 507.7840246411408
        },
        "47": {
            "dur_mean": 2776.210722647724,
            "dur_std": 514.1910408637954
        },
        "48": {
            "dur_mean": 2888.933439490446,
            "dur_std": 531.7985446146453
        },
        "49": {
            "dur_mean": 2921.857919782461,
            "dur_std": 534.052456750444
        },
        "50": {
            "dur_mean": 2988.431389811517,
            "dur_std": 544.3143692833813
        },
        "51": {
            "dur_mean": 3010.5929618063897,
            "dur_std": 545.897430979892
        },
        "52": {
            "dur_mean": 3060.6893266074144,
            "dur_std": 554.4261692181599
        },
        "53": {
            "dur_mean": 3149.2390657662004,
            "dur_std": 566.3503614819977
        },
        "54": {
            "dur_mean": 3192.038192751503,
            "dur_std": 570.9264279646038
        },
        "55": {
            "dur_mean": 3255.236228469288,
            "dur_std": 581.2748872515632
        },
        "56": {
            "dur_mean": 3322.2927690310016,
            "dur_std": 590.1226131596109
        },
        "57": {
            "dur_mean": 3358.4556695179795,
            "dur_std": 595.7944594212183
        },
        "58": {
            "dur_mean": 3439.8404001133927,
            "dur_std": 607.2551932722096
        },
        "59": {
            "dur_mean": 3471.4486852234513,
            "dur_std": 614.5757082618615
        },
        "60": {
            "dur_mean": 3514.3920965260345,
            "dur_std": 622.4371080467404
        },
        "61": {
            "dur_mean": 3595.9460193859754,
            "dur_std": 636.3760631896605
        },
        "62": {
            "dur_mean": 3670.829097710731,
            "dur_std": 657.0056780510233
        },
        "63": {
            "dur_mean": 3892.9979174323166,
            "dur_std": 694.597403037903
        },
        "65": {
            "dur_mean": 4090.5838575716457,
            "dur_std": 720.7127830093134
        },
        "66": {
            "dur_mean": 4231.995929108927,
            "dur_std": 736.4099598889495
        },
        "67": {
            "dur_mean": 4276.65683127572,
            "dur_std": 746.0736137719906
        },
        "68": {
            "dur_mean": 4591.804858067423,
            "dur_std": 822.0649976799955
        },
        "69": {
            "dur_mean": 4731.003785648187,
            "dur_std": 829.2901335928668
        },
        "70": {
            "dur_mean": 4773.391590283201,
            "dur_std": 838.3103155942946
        },
        "71": {
            "dur_mean": 4850.427060961507,