{
    "rows": {
        "start": 1354863,
        "route_filter": 0,
        "nan_filter": -40091,
        "negative_dur": -11,
        "outliers": -14933,
        "end": 1299828
    },
    "scr": 0.9454042457091237,
    "stats": {
        "1": {
            "dur_mean": 0.0,
            "dur_std": 0.0
        },
        "2": {
            "dur_mean": 73.7466483327604,
            "dur_std": 186.60554980971528
        },
        "3": {
            "dur_mean": 138.4242460435951,
            "dur_std": 193.2452161849363
        },
        "4": {
            "dur_mean": 179.77114653656324,
            "dur_std": 194.08341095426917
        },
        "5": {
            "dur_mean": 241.87317073170732,
            "dur_std": 201.6370159736927
        },
        "6": {
            "dur_mean": 313.92428539019966,
            "dur_std": 209.5097309755156
        },
        "7": {
            "dur_mean": 394.34064874673925,
            "dur_std": 219.7389650634132
        },
        "8": {
            "dur_mean": 433.63833891189654,
            "dur_std": 229.59853261749487
        },
        "9": {
            "dur_mean": 469.07819233386255,
            "dur_std": 246.15096241045327
        },
        "10": {
            "dur_mean": 577.5697509502468,
            "dur_std": 263.811289376596
        },
        "11": {
            "dur_mean": 609.7567076975438,
            "dur_std": 267.2297541821826
        },
        "12": {
            "dur_mean": 643.1380933477003,
            "dur_std": 272.2022066969488
        },
        "13": {
            "dur_mean": 671.8154029376736,
            "dur_std": 275.4325417962453
        },
        "14": {
            "dur_mean": 705.9294624631435,
            "dur_std": 280.28530385925137
        },
        "15": {
            "dur_mean": 748.9859953506832,
            "dur_std": 286.5062447481792
        },
        "16": {
            "dur_mean": 860.5633611158361,
            "dur_std": 311.65762149340406
        },
        "17": {
            "dur_mean": 902.2334711914339,
            "dur_std": 315.8471630667164
        },
        "18": {
            "dur_mean": 934.1065624823057,
            "dur_std": 320.1303540281391
        },
        "19": {
            "dur_mean": 981.3017895571412,
            "dur_std": 326.05135697519864
        },
        "20": {
            "dur_mean": 1072.5253824362605,
            "dur_std": 337.51537174141674
        },
        "21": {
            "dur_mean": 1128.0184156844969,
            "dur_std": 344.8589925896192
        },
        "22": {
            "dur_mean": 1183.553836563527,
            "dur_std": 352.3843412590778
        },
        "23": {
            "dur_mean": 1253.1314327816822,
            "dur_std": 360.9857868691861
        },
        "24": {
            "dur_mean": 1305.3586808703535,
            "dur_std": 369.40777240719524
        },
        "25": {
            "dur_mean": 1358.8878944088824,
            "dur_std": 378.79634521756316
        },
        "26": {
            "dur_mean": 1428.9434689022319,
            "dur_std": 389.43167339530737
        },
        "27": {
            "dur_mean": 1463.2864019935437,
            "dur_std": 400.7551758336648
        },
        "28": {
            "dur_mean": 1559.1048198941558,
            "dur_std": 427.3930235121753
        },
        "29": {
            "dur_mean": 1866.230595029157,
            "dur_std": 489.8095556933465
        },
        "30": {
            "dur_mean": 2098.2322729901675,
            "dur_std": 524.6216115829657
        },
        "31": {
            "dur_mean": 2311.9080924855493,
            "dur_std": 551.086616164763
        },
        "32": {
            "dur_mean": 2433.7239622532275,
            "dur_std": 554.6202567684725
        },
        "33": {
            "dur_mean": 2547.184983172798,
            "dur_std": 567.7090426835244
        },
        "34": {
            "dur_mean": 2693.3290837117243,
            "dur_std": 590.8253799583634
        },
        "35": {
            "dur_mean": 2836.2401092197756,
            "dur_std": 608.1256595787211
        },
        "36": {
            "dur_mean": 2899.94805647551,
            "dur_std": 613.1131202097209
        },
        "37": {
            "dur_mean": 2942.9623605947954,
            "dur_std": 622.6727273079497
        },
        "38": {
            "dur_mean": 2975.772943773234,
            "dur_std": 628.5189914799824
        },
        "39": {
            "dur_mean": 3025.751016378209,
            "dur_std": 636.5746691321315
        },
        "40": {
            "dur_mean": 3087.989778139157,
            "dur_std": 641.552558594279
        },
        "41": {
            "dur_mean": 3153.264839121849,
            "dur_std": 645.5266271634704
        },
        "42": {
            "dur_mean": 3192.8317550688434,
            "dur_std": 646.962788574656
        },
        "43": {
            "dur_mean": 3254.2813244263725,
            "dur_std": 653.9465654065192
        },
        "44": {
            "dur_mean": 3285.4782760223047,
            "dur_std": 657.8164457670053
        },
        "45": {
            "dur_mean": 3343.800720218389,
            "dur_std": 669.3273088033164
        },
        "46": {
            "dur_mean": 3416.7745251786027,
            "dur_std": 679.0064693042598
        },
        "47": {
            "dur_mean": 3480.1793471947963,
            "dur_std": 685.8359091230635
        },
        "48": {
            "dur_mean": 3535.7861083686626,
            "dur_std": 692.8339166477396
        },
        "49": {
            "dur_mean": 3591.1031538595576,
            "dur_std": 697.0498850272267
        },
        "50": {
            "dur_mean": 3687.030514385353,
            "dur_std": 705.0261538720165
        },
        "51": {
            "dur_mean": 3713.6049404242954,
            "dur_std": 706.9495745716122
        },
        "52": {
            "dur_mean": 3733.718802673641,
            "dur_std": 709.7689682915474
        },
        "53": {
            "dur_mean": 3783.33785120121,
            "dur_std": 718.9041647705931
        },
        "54": {
            "dur_mean": 3857.7103202431044,
            "dur_std": 726.4693880595312
        },
        "55": {
            "dur_mean": 3921.8938648870158,
            "dur_std": 728.3336929612822
        },
        "56": {
            "dur_mean": 3990.871725754468,
            "dur_std": 736.5795686703742
        },
        "57": {
            "dur_mean": 4027.4252711814715,
            "dur_std": 738.7595715895865
        },
        "58": {
            "dur_mean": 4085.2621057568294,
            "dur_std": 742.8374675148527
        },
        "59": {
            "dur_mean": 4128.907208633937,
            "dur_std": 745.1148418033303
        },
        "60": {
            "dur_mean": 4157.608399812295,
            "dur_std": 747.7415080887388
        },
        "61": {
            "dur_mean": 4217.601138096914,
            "dur_std": 752.3370838764797
        },
        "62": {
            "dur_mean": 4248.118196230404,
            "dur_std": 754.9200298717249
        },
        "63": {
            "dur_mean": 4283.06683880054,
            "dur_std": 757.0757847338896
        },
        "64": {
            "dur_mean": 4319.972657395999,
            "dur_std": 759.8554628670583
        },
        "65": {
            "dur_mean": 4378.540285194531,
            "dur_std": 768.5015463845438
        },
        "66": {
            "dur_mean": 4449.812078173602,
            "dur_std": 778.2102736231819
        },
        "67": {
            "dur_mean": 4489.411899313501,
            "dur_std": 781.7538365340694
        },
        "68": {
            "dur_mean": 4516.588287072355,
            "dur_std": 785.1495084077554
        },
        "69": {
            "dur_mean": 4558.779753521127,
            "dur_std": 791.3680475025975
        },
        "70": {
            "dur_mean": 4604.547798003523,
            "dur_std": 794.8957405065381
        },