{
    "rows": {
        "start": 1318388,
        "route_filter": -27688,
        "nan_filter": -34011,
        "negative_dur": -41,
        "outliers": -11447,
        "end": 1245201
    },
    "scr": 0.9510793054903801,
    "stats": {
        "1": {
            "dur_mean": 0.0,
            "dur_std": 0.0
        },
        "2": {
            "dur_mean": 121.31806916086391,
            "dur_std": 67.76519508297743
        },
        "3": {
            "dur_mean": 203.8806949122496,
            "dur_std": 101.82728056349096
        },
        "4": {
            "dur_mean": 247.53316386852683,
            "dur_std": 104.49779351661711
        },
        "5": {
            "dur_mean": 267.1759943265765,
            "dur_std": 93.43971264334502
        },
        "6": {
            "dur_mean": 342.43563597783805,
            "dur_std": 106.43485676008082
        },
        "7": {
            "dur_mean": 399.3724137931035,
            "dur_std": 112.89231604927562
        },
        "8": {
            "dur_mean": 430.4631299734748,
            "dur_std": 119.70777517613779
        },
        "9": {
            "dur_mean": 460.82931573053577,
            "dur_std": 124.21948460177406
        },
        "10": {
            "dur_mean": 550.2651930445033,
            "dur_std": 135.55348255888458
        },
        "11": {
            "dur_mean": 589.6079575596817,
            "dur_std": 138.02245312611058
        },
        "12": {
            "dur_mean": 629.5644638330484,
            "dur_std": 140.4825338246655
        },
        "13": {
            "dur_mean": 663.9526194825859,
            "dur_std": 143.00009353392392
        },
        "14": {
            "dur_mean": 697.5413573700954,
            "dur_std": 146.70328126787973
        },
        "15": {
            "dur_mean": 752.557179049078,
            "dur_std": 151.71610319837208
        },
        "16": {
            "dur_mean": 793.6924345981616,
            "dur_std": 154.96991759199744
        },
        "17": {
            "dur_mean": 845.3488865323436,
            "dur_std": 159.51719966135795
        },
        "18": {
            "dur_mean": 912.4320273778617,
            "dur_std": 162.3425905265084
        },
        "19": {
            "dur_mean": 965.3481158223742,
            "dur_std": 170.35408188513387
        },
        "20": {
            "dur_mean": 1014.2852764352234,
            "dur_std": 174.9354054105095
        },
        "21": {
            "dur_mean": 1085.1214639321074,
            "dur_std": 182.07479770647447
        },
        "22": {
            "dur_mean": 1180.4342383638927,
            "dur_std": 201.3776429098515
        },
        "23": {
            "dur_mean": 1201.9789770391685,
            "dur_std": 206.6250578260017
        },
        "24": {
            "dur_mean": 1262.4508422844397,
            "dur_std": 215.08732808779172
        },
        "25": {
            "dur_mean": 1295.7859741784036,
            "dur_std": 221.42526871218575
        },
        "26": {
            "dur_mean": 1373.2009274477577,
            "dur_std": 229.64603270270777
        },
        "27": {
            "dur_mean": 1430.5417230226403,
            "dur_std": 241.3469219268519
        },
        "28": {
            "dur_mean": 1484.0798237885463,
            "dur_std": 256.9792418466918
        },
        "29": {
            "dur_mean": 1549.153733184515,
            "dur_std": 275.17886436852444
        },
        "30": {
            "dur_mean": 1596.9060095165364,
            "dur_std": 297.56594709231706
        },
        "31": {
            "dur_mean": 1707.9286428025628,
            "dur_std": 318.4644529132892
        },
        "32": {
            "dur_mean": 1745.1431090214517,
            "dur_std": 323.4132369170829
        },
        "33": {
            "dur_mean": 1793.3509256538348,
            "dur_std": 333.94611044275877
        },
        "34": {
            "dur_mean": 1822.9770189255908,
            "dur_std": 334.90912116411994
        },
        "35": {
            "dur_mean": 1886.9297090802233,
            "dur_std": 352.0812330403672
        },
        "36": {
            "dur_mean": 1958.6331844363465,
            "dur_std": 363.19785863625464
        },
        "37": {
            "dur_mean": 2015.4997355274757,
            "dur_std": 372.39988945009543
        },
        "38": {
            "dur_mean": 2068.021335370871,
            "dur_std": 380.5673229396358
        },
        "39": {
            "dur_mean": 2101.7794498001413,
            "dur_std": 388.0300490173792
        },
        "40": {
            "dur_mean": 2186.259851479219,
            "dur_std": 405.37367303187426
        },
        "41": {
            "dur_mean": 2307.1109245712914,
            "dur_std": 426.3913618958561
        },
        "42": {
            "dur_mean": 2375.310442032028,
            "dur_std": 435.7655053407924
        },
        "43": {
            "dur_mean": 2497.133037428023,
            "dur_std": 458.32157488189284
        },
        "44": {
            "dur_mean": 2516.549844049904,
            "dur_std": 463.40989730929937
        },
        "45": {
            "dur_mean": 2636.3934357374296,
            "dur_std": 477.4266384419931
        },
        "46": {
            "dur_mean": 2794.7917242207677,
            "dur_std": 492.94617652937603
        },
        "47": {
            "dur_mean": 3189.8525045262522,
            "dur_std": 553.6305270009667
        },
        "48": {
            "dur_mean": 3314.3877450679124,
            "dur_std": 570.8309132960951
        },
        "49": {
            "dur_mean": 3334.1251464873867,
            "dur_std": 574.8413418392513
        },
        "50": {
            "dur_mean": 3392.229821169647,
            "dur_std": 579.6440866774403
        },
        "51": {
            "dur_mean": 3467.921979815072,
            "dur_std": 591.4084822565908
        },
        "52": {
            "dur_mean": 3539.27994681494,
            "dur_std": 596.7470997625618
        },
        "53": {
            "dur_mean": 3589.2752160512478,
            "dur_std": 602.3169227993827
        },
        "54": {
            "dur_mean": 3656.4544630446608,
            "dur_std": 609.2206328000905
        },
        "55": {
            "dur_mean": 3698.003022609116,
            "dur_std": 613.8734308247418
        },
        "56": {
            "dur_mean": 3756.7919414362636,
            "dur_std": 621.2408584666466
        },
        "57": {
            "dur_mean": 3774.9021614094568,
            "dur_std": 623.3372627846663
        },
        "58": {
            "dur_mean": 3811.0381448292565,
            "dur_std": 634.5571418009904
        },
        "59": {
            "dur_mean": 3891.3817002182877,
            "dur_std": 654.2020304604758
        },
        "60": {
            "dur_mean": 3950.466051817244,
            "dur_std": 663.2812239116142
        },
        "61": {
            "dur_mean": 3977.5506920835355,
            "dur_std": 666.2725180299401
        },
        "62": {
            "dur_mean": 4026.9152748253873,
            "dur_std": 671.0116610186855
        },
        "63": {
            "dur_mean": 4065.5299155682437,
            "dur_std": 676.0517385273644
        },
        "64": {
            "dur_mean": 4132.714407398394,
            "dur_std": 681.1984630903993
        },
        "65": {
            "dur_mean": 4184.204844206426,
            "dur_std": 689.6911281585616
        },
        "66": {
            "dur_mean": 4241.200292041859,
            "dur_std": 702.0756361552412
        },
        "67": {
            "dur_mean": 4299.9958003651855,
            "dur_std": 714.8019624765334
        },
        "68": {
            "dur_mean": 4406.158977480219,
            "dur_std": 736.8581836141846
        },
        "69": {
            "dur_mean": 4439.149589041096,
            "dur_std": 740.4167959668807
        },
        "70": {
            "dur_mean": 4535.600633142579,