{
    "rows": {
        "start": 27744,
        "route_filter": -161,
        "nan_filter": -118,
        "negative_dur": 0,
        "outliers": -201,
        "end": 27264
    },
    "scr": 0.6923076923076923,
    "stats": {
        "1": {
            "dur_mean": 0.0,
            "dur_std": 0.0
        },
        "2": {
            "dur_mean": 81.53277310924369,
            "dur_std": 19.952135946532273
        },
        "3": {
            "dur_mean": 139.22203389830509,
            "dur_std": 29.47543403371575
        },
        "4": {
            "dur_mean": 173.9135593220339,
            "dur_std": 31.93373315611484
        },
        "5": {
            "dur_mean": 186.9728813559322,
            "dur_std": 33.06297859620534
        },
        "6": {
            "dur_mean": 233.86463620981388,
            "dur_std": 36.32940562938487
        },
        "7": {
            "dur_mean": 277.21319796954316,
            "dur_std": 40.37907532155056
        },
        "8": {
            "dur_mean": 296.4348561759729,
            "dur_std": 45.18885496996167
        },
        "9": {
            "dur_mean": 313.1285956006768,
            "dur_std": 48.78027919695411
        },
        "10": {
            "dur_mean": 372.3248730964467,
            "dur_std": 53.97016791106245
        },
        "11": {
            "dur_mean": 401.3688663282572,
            "dur_std": 58.22533066240593
        },
        "12": {
            "dur_mean": 432.3824027072758,
            "dur_std": 60.68970226485606
        },
        "13": {
            "dur_mean": 459.8155668358714,
            "dur_std": 63.0170665178659
        },
        "14": {
            "dur_mean": 482.49915397631133,
            "dur_std": 65.29497280694204
        },
        "15": {
            "dur_mean": 525.9813874788495,
            "dur_std": 70.68460378547034
        },
        "16": {
            "dur_mean": 555.9847457627119,
            "dur_std": 73.99783026589962
        },
        "17": {
            "dur_mean": 592.9525423728813,
            "dur_std": 79.35633109932527
        },
        "18": {
            "dur_mean": 647.8404074702886,
            "dur_std": 83.24616187248726
        },
        "19": {
            "dur_mean": 675.1302876480541,
            "dur_std": 88.91278308746047
        },
        "20": {
            "dur_mean": 711.735244519393,
            "dur_std": 95.25615743548671
        },
        "21": {
            "dur_mean": 769.8888888888889,
            "dur_std": 98.88636797750183
        },
        "22": {
            "dur_mean": 842.0505902192243,
            "dur_std": 105.6547353978142
        },
        "23": {
            "dur_mean": 853.2861952861953,
            "dur_std": 107.34498880676593
        },
        "24": {
            "dur_mean": 894.6127946127946,
            "dur_std": 111.33846837868848
        },
        "25": {
            "dur_mean": 909.523569023569,
            "dur_std": 115.32951669002865
        },
        "26": {
            "dur_mean": 965.1094276094276,
            "dur_std": 119.3079248112827
        },
        "27": {
            "dur_mean": 997.7775891341256,
            "dur_std": 122.46566827099828
        },
        "28": {
            "dur_mean": 1024.5993265993266,
            "dur_std": 125.26024605074221
        },
        "29": {
            "dur_mean": 1062.030303030303,
            "dur_std": 128.62646715007781
        },
        "30": {
            "dur_mean": 1076.2121212121212,
            "dur_std": 130.0680796748339
        },
        "31": {
            "dur_mean": 1135.9342327150084,
            "dur_std": 136.6666789686897
        },
        "32": {
            "dur_mean": 1158.1329966329965,
            "dur_std": 139.56160276638323
        },
        "33": {
            "dur_mean": 1182.944537815126,
            "dur_std": 142.9521191398678
        },
        "34": {
            "dur_mean": 1204.7126050420168,
            "dur_std": 145.64426621711846
        },
        "35": {
            "dur_mean": 1239.70756302521,
            "dur_std": 149.96771322536202
        },
        "36": {
            "dur_mean": 1276.9159663865546,
            "dur_std": 155.27237824217815
        },
        "37": {
            "dur_mean": 1303.2655462184873,
            "dur_std": 159.6138229106025
        },
        "38": {
            "dur_mean": 1334.6352941176472,
            "dur_std": 164.20433531241844
        },
        "39": {
            "dur_mean": 1352.3915966386555,
            "dur_std": 166.44075476003331
        },
        "40": {
            "dur_mean": 1406.9689655172415,
            "dur_std": 172.26897594014673
        },
        "41": {
            "dur_mean": 1498.6603448275862,
            "dur_std": 175.5859181701058
        },
        "42": {
            "dur_mean": 1559.9820143884892,
            "dur_std": 192.27517733727115
        },
        "43": {
            "dur_mean": 1649.6420863309352,
            "dur_std": 217.87540771875186
        },
        "44": {
            "dur_mean": 1658.1492805755395,
            "dur_std": 221.85603078545756
        },
        "45": {
            "dur_mean": 1763.7859712230215,
            "dur_std": 265.8443747507601
        },
        "46": {
            "dur_mean": 1888.372972972973,
            "dur_std": 300.71992977441346
        },
        "47": {
            "dur_mean": 2185.809178743961,
            "dur_std": 392.0683463331595
        }
    },
    "feature_eval": {
        "f_values": {
            "weather_main_Clouds": 0.06093481148629767,
            "weather_main_Drizzle": 0.9594628683580287,
            "weather_main_Fog": 0.005980517302904237,
            "weather_main_Mist": 5.440679114186829,
            "weather_main_Rain": 0.7522909511632321,
            "weather_main_Snow": 1.2519288955185475,
            "weather_description_few clouds": 2.2651564067869034,
            "weather_description_fog": 0.005980517302904237,
            "weather_description_light intensity drizzle": 0.24695379671842418,
            "weather_description_light intensity drizzle rain": 0.8031534654200354,
            "weather_description_light intensity shower rain": 0.10148005556065214,
            "weather_description_light rain": 0.16907680298755873,
            "weather_description_light shower snow": 2.843014800796793,
            "weather_description_light snow": 0.07963794126504853,
            "weather_description_mist": 5.440679114186829,
            "weather_description_moderate rain": 2.7311949915599882,
            "weather_description_overcast clouds": 2.2800176118112727,
            "weather_description_scattered clouds": 1.3545883043312363,
            "weather_description_sky is clear": 2.846197312740614,
            "weekday_1": 59.345927162825895,
            "weekday_2": 16.38676182862583,
            "weekday_3": 2.9370583736225058,
            "weekday_4": 65.98715685970248,
            "weekday_5": 22.27651245356144,
            "weekday_6": 24.914650458617317,
            "month_2": 0.09730700298288705,
            "month_3": 0.5172501855548942,
            "month_4": 0.016399645948961046,
            "month_5": 0.7342901358939515,
            "month_6": 0.5222666040634967,
            "month_7": 1.419545171811301,
            "month_8": 1.047408500654338,
            "month_9": 1.473844693295273,
            "month_10": 11.146238895010745,
            "month_11": 4.194002385007886,
            "month_12": 11.678128840675056,
            "hour_1": 4.035576594882756,
            "hour_22": 8.301352035575901,
            "hour_23": 879.2374952315283,
            "holiday_1": 1.1622948849404187
        },
        "correlations": {
            "daystamp": 0.011993692906514117,
            "progr_number": 0.9603105714673152,
            "arr_p": 0.46563981349648503,
            "arr_a": 0.5143070369681098,
            "dep_p": 0.46563981349648503,
            "dep_a": 0.5145172845221674,
            "end_p": 0.013787759517991495,