{
    "rows": {
        "start": 10630,
        "route_filter": 0,
        "nan_filter": -12,
        "negative_dur": 0,
        "outliers": -69,
        "end": 10549
    },
    "scr": 0.6684931506849315,
    "stats": {
        "1": {
            "dur_mean": 0.0,
            "dur_std": 0.0
        },
        "2": {
            "dur_mean": 40.06936416184971,
            "dur_std": 62.939546225046996
        },
        "4": {
            "dur_mean": 99.07671232876713,
            "dur_std": 69.9301427732162
        },
        "5": {
            "dur_mean": 130.63287671232877,
            "dur_std": 71.34656181754877
        },
        "6": {
            "dur_mean": 158.36986301369862,
            "dur_std": 73.3667415086466
        },
        "7": {
            "dur_mean": 188.5972602739726,
            "dur_std": 76.79338980503469
        },
        "8": {
            "dur_mean": 211.12876712328767,
            "dur_std": 78.03846874615795
        },
        "9": {
            "dur_mean": 221.3123287671233,
            "dur_std": 80.1405083827627
        },
        "10": {
            "dur_mean": 282.386301369863,
            "dur_std": 85.22321259890498
        },
        "11": {
            "dur_mean": 300.1698630136986,
            "dur_std": 86.6812315467063
        },
        "12": {
            "dur_mean": 315.32876712328766,
            "dur_std": 87.99370213392592
        },
        "13": {
            "dur_mean": 333.82191780821915,
            "dur_std": 89.2462857394633
        },
        "14": {
            "dur_mean": 348.0712328767123,
            "dur_std": 91.42038733034161
        },
        "15": {
            "dur_mean": 373.3150684931507,
            "dur_std": 93.01226976728275
        },
        "16": {
            "dur_mean": 432.786301369863,
            "dur_std": 99.75829761829407
        },
        "17": {
            "dur_mean": 460.43013698630136,
            "dur_std": 102.90120446562172
        },
        "18": {
            "dur_mean": 483.1945205479452,
            "dur_std": 104.2874460252266
        },
        "19": {
            "dur_mean": 511.7068493150685,
            "dur_std": 106.82081166423683
        },
        "20": {
            "dur_mean": 580.1160220994475,
            "dur_std": 114.59021445789529
        },
        "21": {
            "dur_mean": 607.9060773480663,
            "dur_std": 117.86201151336839
        },
        "22": {
            "dur_mean": 636.2782369146006,
            "dur_std": 119.83117611103407
        },
        "23": {
            "dur_mean": 673.2727272727273,
            "dur_std": 124.42823932022623
        },
        "24": {
            "dur_mean": 699.8846153846154,
            "dur_std": 127.25711109657115
        },
        "25": {
            "dur_mean": 727.2857142857143,
            "dur_std": 131.25633958940233
        },
        "26": {
            "dur_mean": 764.804945054945,
            "dur_std": 135.6830607638031
        },
        "27": {
            "dur_mean": 777.6565934065934,
            "dur_std": 136.66752073417027
        },
        "3": {
            "dur_mean": 84.69536423841059,
            "dur_std": 70.38281591255434
        },
        "28": {
            "dur_mean": 820.3581661891118,
            "dur_std": 140.66249478914284
        },
        "29": {
            "dur_mean": 998.3082706766917,
            "dur_std": 189.25130264803803
        },
        "30": {
            "dur_mean": 1141.9795081967213,
            "dur_std": 191.2453974544061
        }
    },
    "feature_eval": {
        "f_values": {
            "weather_main_Clouds": 0.0111389380775367,
            "weather_main_Drizzle": 0.3055508921532144,
            "weather_main_Fog": 1.6151050011753416,
            "weather_main_Mist": 1.334815627732957,
            "weather_main_Rain": 0.8508089773996882,
            "weather_main_Snow": 2.3649548820876567,
            "weather_description_few clouds": 0.002233722413207682,
            "weather_description_fog": 1.6151050011753416,
            "weather_description_light intensity drizzle": 0.1701771694563586,
            "weather_description_light intensity drizzle rain": 0.13314964001303678,
            "weather_description_light intensity shower rain": 1.9107236971288308,
            "weather_description_light rain": 0.0062563535359722285,
            "weather_description_light shower snow": 0.7119109856562568,
            "weather_description_light snow": 2.2646388951291794,
            "weather_description_mist": 1.334815627732957,
            "weather_description_moderate rain": 1.323233637312257,
            "weather_description_overcast clouds": 1.3861342472621883,
            "weather_description_scattered clouds": 0.03589591445242702,
            "weather_description_sky is clear": 2.9723159909525507,
            "weekday_1": 33.77824804562718,
            "weekday_2": 8.425242782510862,
            "weekday_3": 0.05259480001592918,
            "weekday_4": 62.992039383119355,
            "weekday_5": 59.44109658427168,
            "weekday_6": 28.156192088927124,
            "month_2": 0.4833698629614453,
            "month_3": 0.16296114335713036,
            "month_4": 5.161449611472097,
            "month_5": 0.8004325605634924,
            "month_6": 2.1904749584131986,
            "month_7": 0.0038328340716255152,
            "month_8": 1.3693654839431644,
            "month_9": 0.3210211741229076,
            "month_10": 0.16219991276790116,
            "month_11": 0.08665423097510791,
            "month_12": 1.5049650089903104,
            "hour_22": 2.537735641987176,
            "hour_23": 0.09245862646097151,
            "holiday_1": 8.803968390310736
        },
        "correlations": {
            "daystamp": 0.0285283694982987,
            "progr_number": 0.943061331050708,
            "arr_p": 0.6936641287937891,
            "arr_a": 0.7237415908591536,
            "dep_p": 0.6936641287937891,
            "dep_a": 0.726529930584611,
            "end_p": -0.03010724739499644,
            "start_p": -0.026784238882331026,
            "start_a": 0.013174925278927907,
            "temp": 0.011917724434614257,
            "feels_like": 0.018055884210837567,
            "temp_min": 0.014078939277966019,
            "temp_max": 0.010387676243606474,
            "pressure": -0.002425177535380826,
            "humidity": 0.013681097738899289,
            "wind_speed": -0.02053251503956398,
            "wind_deg": -0.007252138412908702,
            "clouds_all": 0.012844345156584884,
            "dt": 0.02855560797520858,
            "dur_s": 0.9185699428630132
        }
    },
    "modelling": {
        "XGBoost": {
            "time": 0.8750026226043701,
            "r_2": 0.9802392959763203,
            "mse": 1584.4931539830134,
            "rmse": 39.805692482143975,
            "mae": 25.20411223613737
        },
        "Benchmark": {
            "r_2": 0.8486521723471163,
            "mse": 12135.680818802122,
            "rmse": 110.16206615165731,
            "mae": 77.27445034116755
        }
    },