{
    "rows": {
        "start": 572360,
        "route_filter": -59252,
        "nan_filter": -65556,
        "negative_dur": -77,
        "outliers": -4266,
        "end": 443209
    },
    "scr": 0.969717475892404,
    "stats": {
        "1": {
            "dur_mean": 0.0,
            "dur_std": 0.0
        },
        "2": {
            "dur_mean": 34.38874702076949,
            "dur_std": 13.60518954774724
        },
        "3": {
            "dur_mean": 58.40381179273377,
            "dur_std": 19.119468525236673
        },
        "4": {
            "dur_mean": 103.11841769459804,
            "dur_std": 29.930969815671062
        },
        "5": {
            "dur_mean": 138.7925699226388,
            "dur_std": 36.76283715148905
        },
        "6": {
            "dur_mean": 205.5114659419059,
            "dur_std": 46.317239434435145
        },
        "7": {
            "dur_mean": 234.49014610941217,
            "dur_std": 50.4227711848404
        },
        "8": {
            "dur_mean": 281.9349172677132,
            "dur_std": 61.36499698402434
        },
        "9": {
            "dur_mean": 366.44430304572836,
            "dur_std": 70.7616488213229
        },
        "10": {
            "dur_mean": 399.72702564973673,
            "dur_std": 76.44733643814588
        },
        "11": {
            "dur_mean": 432.7800967167218,
            "dur_std": 83.43610982723735
        },
        "12": {
            "dur_mean": 462.47714358408956,
            "dur_std": 90.22948106230685
        },
        "13": {
            "dur_mean": 525.6175298804781,
            "dur_std": 119.86391002148046
        },
        "14": {
            "dur_mean": 597.7467571004663,
            "dur_std": 139.47063201791727
        },
        "15": {
            "dur_mean": 661.7187049749979,
            "dur_std": 151.05132037994403
        },
        "16": {
            "dur_mean": 703.3662091170988,
            "dur_std": 161.8270172025346
        },
        "17": {
            "dur_mean": 733.6076088798509,
            "dur_std": 167.6056540502577
        },
        "18": {
            "dur_mean": 821.1020753917832,
            "dur_std": 185.0155131010207
        },
        "19": {
            "dur_mean": 891.0674233440624,
            "dur_std": 199.4700166273991
        },
        "20": {
            "dur_mean": 921.1104710267706,
            "dur_std": 200.43085294091532
        },
        "21": {
            "dur_mean": 979.9640860579367,
            "dur_std": 207.6787790983971
        },
        "22": {
            "dur_mean": 1029.8198610405016,
            "dur_std": 215.3531892127615
        },
        "23": {
            "dur_mean": 1057.9119566138463,
            "dur_std": 219.5803249658585
        },
        "24": {
            "dur_mean": 1110.265463480766,
            "dur_std": 228.8740238913365
        },
        "25": {
            "dur_mean": 1176.8076597186916,
            "dur_std": 237.97267725098962
        },
        "26": {
            "dur_mean": 1205.4531819337344,
            "dur_std": 242.2083338401297
        },
        "27": {
            "dur_mean": 1235.8193914738538,
            "dur_std": 245.962521129905
        },
        "28": {
            "dur_mean": 1318.0618006103764,
            "dur_std": 259.151369795575
        },
        "29": {
            "dur_mean": 1373.9264157341472,
            "dur_std": 266.0168477755764
        },
        "30": {
            "dur_mean": 1404.3071313491055,
            "dur_std": 270.20613857660373
        },
        "31": {
            "dur_mean": 1456.2594539596405,
            "dur_std": 275.7936459944989
        },
        "32": {
            "dur_mean": 1481.7970154315753,
            "dur_std": 281.50068617027244
        },
        "33": {
            "dur_mean": 1581.496226575087,
            "dur_std": 297.5839379782553
        },
        "34": {
            "dur_mean": 1617.2050402880166,
            "dur_std": 301.7165586175027
        },
        "35": {
            "dur_mean": 1697.4389601563164,
            "dur_std": 324.1738772783439
        },
        "36": {
            "dur_mean": 1871.365681179177,
            "dur_std": 354.87756038439693
        },
        "37": {
            "dur_mean": 2015.75332197615,
            "dur_std": 379.8185861880273
        },
        "38": {
            "dur_mean": 2410.610505191519,
            "dur_std": 452.6910445197803
        }
    },
    "feature_eval": {
        "f_values": {
            "weather_main_Clouds": 24.547112763860554,
            "weather_main_Drizzle": 3.261293263093727,
            "weather_main_Fog": 3.705187404785626,
            "weather_main_Mist": 0.03328784888423373,
            "weather_main_Rain": 1.0565893404796398,
            "weather_main_Smoke": 1.2746033831782984,
            "weather_main_Snow": 11.843581034628148,
            "weather_description_broken clouds": 40.681829966973105,
            "weather_description_drizzle": 1.1322160142882098,
            "weather_description_few clouds": 19.392287796420447,
            "weather_description_fog": 3.705187404785626,
            "weather_description_heavy intensity rain": 0.07733670095417855,
            "weather_description_light intensity drizzle": 1.033822024641671,
            "weather_description_light intensity drizzle rain": 2.0082070059551578,
            "weather_description_light intensity shower rain": 8.571097487256054,
            "weather_description_light rain": 3.4122272810381777,
            "weather_description_light shower snow": 6.086951366625992,
            "weather_description_light snow": 15.940183812737677,
            "weather_description_mist": 0.03328784888423373,
            "weather_description_moderate rain": 6.251846751019151,
            "weather_description_overcast clouds": 10.98447620184634,
            "weather_description_proximity shower rain": 10.590608770629663,
            "weather_description_rain and drizzle": 6.652099309546214,
            "weather_description_scattered clouds": 4.304076719147331,
            "weather_description_shower rain": 7.819652054543354,
            "weather_description_sky is clear": 104.05653359566486,
            "weather_description_smoke": 1.2746033831782984,
            "weekday_1": 13.569173499736813,
            "weekday_2": 57.02909590228897,
            "weekday_3": 113.31521628244478,
            "weekday_4": 233.444862551535,
            "weekday_5": 111.10909392050793,
            "weekday_6": 683.5076636457349,
            "month_2": 2.0990687737873825,
            "month_3": 16.60628147576589,
            "month_4": 3.941303134100873,
            "month_5": 11.961919596074093,
            "month_6": 4.564747498999215,
            "month_7": 45.231558600989366,
            "month_8": 35.63896803793636,
            "month_9": 2.421859370145623,
            "month_10": 20.583827135209418,
            "month_11": 33.7491866446921,
            "month_12": 0.9347331652095725,
            "hour_6": 623.3919177948253,
            "hour_7": 460.5544336201872,
            "hour_8": 461.47084384971123,
            "hour_9": 247.75797150669652,
            "hour_10": 199.74331352396192,
            "hour_11": 229.28610534728946,
            "hour_12": 480.6318709460549,
            "hour_13": 586.8417423665196,
            "hour_14": 348.79640549764883,
            "hour_15": 419.578337572013,
            "hour_16": 443.7991857137895,
            "hour_17": 224.83033343010376,
            "hour_18": 28.617531607457806,
            "hour_19": 79.10552059781259,
            "hour_20": 1308.798094467382,
            "hour_21": 1631.5927857675729,
            "hour_22": 1452.659019801272,
            "hour_23": 816.4986283553742,
            "holiday_1": 285.30009958125635
        },
        "correlations": {
            "daystamp": 0.004414507051610044,
            "progr_number": 0.9366253404557465,
            "arr_p": -0.0811631928192679,