{
    "rows": {
        "start": 1924139,
        "route_filter": -391663,
        "nan_filter": -83865,
        "negative_dur": -81,
        "outliers": -10878,
        "end": 1437652
    },
    "scr": 0.7124591561301321,
    "stats": {
        "1": {
            "dur_mean": 0.0,
            "dur_std": 0.0
        },
        "2": {
            "dur_mean": 37.61628072844848,
            "dur_std": 45.75267474257423
        },
        "3": {
            "dur_mean": 82.05354345659087,
            "dur_std": 56.85528373733768
        },
        "4": {
            "dur_mean": 180.85010909780857,
            "dur_std": 72.18402051979913
        },
        "5": {
            "dur_mean": 279.53217622231705,
            "dur_std": 103.3212240766834
        },
        "6": {
            "dur_mean": 379.9515792468937,
            "dur_std": 116.1735827583803
        },
        "7": {
            "dur_mean": 434.19685824118454,
            "dur_std": 125.62950732294073
        },
        "8": {
            "dur_mean": 518.4272291557918,
            "dur_std": 136.97021161331358
        },
        "9": {
            "dur_mean": 575.1575748943645,
            "dur_std": 143.083968129426
        },
        "10": {
            "dur_mean": 656.2567278940624,
            "dur_std": 154.92680743373958
        },
        "11": {
            "dur_mean": 705.3084081090063,
            "dur_std": 158.06302052940683
        },
        "12": {
            "dur_mean": 766.4623599772166,
            "dur_std": 165.01925578567204
        },
        "13": {
            "dur_mean": 850.44202932941,
            "dur_std": 175.29364135506205
        },
        "14": {
            "dur_mean": 913.8947318462268,
            "dur_std": 183.60934299647985
        },
        "15": {
            "dur_mean": 933.6402334851937,
            "dur_std": 187.08791789772155
        },
        "16": {
            "dur_mean": 1004.5873867033645,
            "dur_std": 199.90226913225106
        },
        "17": {
            "dur_mean": 1039.5730214461946,
            "dur_std": 204.5297880337227
        },
        "18": {
            "dur_mean": 1103.8037485172006,
            "dur_std": 212.47550627320823
        },
        "19": {
            "dur_mean": 1158.9477580071175,
            "dur_std": 220.28478158874202
        },
        "20": {
            "dur_mean": 1243.1921434671222,
            "dur_std": 232.58153171716688
        },
        "21": {
            "dur_mean": 1286.2440100583574,
            "dur_std": 238.08285394656565
        },
        "22": {
            "dur_mean": 1319.2749703440095,
            "dur_std": 242.91284830536605
        },
        "23": {
            "dur_mean": 1367.7315417121695,
            "dur_std": 250.8042126697983
        },
        "24": {
            "dur_mean": 1458.6909997625266,
            "dur_std": 262.70988213573247
        },
        "25": {
            "dur_mean": 1513.764328790541,
            "dur_std": 270.6394268606113
        },
        "26": {
            "dur_mean": 1569.5170956406116,
            "dur_std": 278.5093943725115
        },
        "27": {
            "dur_mean": 1639.4948717948719,
            "dur_std": 287.7891100149721
        },
        "28": {
            "dur_mean": 1691.9616425350107,
            "dur_std": 296.4434841898342
        },
        "29": {
            "dur_mean": 1746.8893477641698,
            "dur_std": 305.6465853443604
        },
        "30": {
            "dur_mean": 1819.371766269521,
            "dur_std": 316.3348456368097
        },
        "31": {
            "dur_mean": 1857.1028574140878,
            "dur_std": 327.7195861149704
        },
        "32": {
            "dur_mean": 1958.7523637573051,
            "dur_std": 355.36638992466374
        },
        "33": {
            "dur_mean": 2279.3569384835478,
            "dur_std": 452.5358550919531
        },
        "34": {
            "dur_mean": 2429.1607718612604,
            "dur_std": 445.2499886484127
        },
        "35": {
            "dur_mean": 2440.130430338342,
            "dur_std": 447.52847988569994
        },
        "36": {
            "dur_mean": 2668.303580138523,
            "dur_std": 473.5480376267648
        },
        "37": {
            "dur_mean": 2792.8109732264998,
            "dur_std": 472.2703250921478
        },
        "38": {
            "dur_mean": 2906.809136757577,
            "dur_std": 484.10264690045227
        },
        "39": {
            "dur_mean": 3052.9142212189618,
            "dur_std": 505.0156621963184
        },
        "40": {
            "dur_mean": 3199.4160669701864,
            "dur_std": 520.4597958926753
        },
        "41": {
            "dur_mean": 3263.1341493268055,
            "dur_std": 523.921696727987
        },
        "42": {
            "dur_mean": 3304.4338994664968,
            "dur_std": 532.4999110661192
        },
        "43": {
            "dur_mean": 3336.4036899285506,
            "dur_std": 537.6614754943787
        },
        "44": {
            "dur_mean": 3385.672375825789,
            "dur_std": 545.0875611563733
        },
        "45": {
            "dur_mean": 3448.1661285588493,
            "dur_std": 549.890996213093
        },
        "46": {
            "dur_mean": 3514.0754329321985,
            "dur_std": 558.8393794875807
        },
        "47": {
            "dur_mean": 3553.2738345643984,
            "dur_std": 557.4184270908961
        },
        "48": {
            "dur_mean": 3614.9147301991097,
            "dur_std": 565.6559087142494
        },
        "49": {
            "dur_mean": 3644.661791322213,
            "dur_std": 569.9637319080049
        },
        "50": {
            "dur_mean": 3702.8294281661206,
            "dur_std": 581.7342467929769
        },
        "51": {
            "dur_mean": 3771.0532185482293,
            "dur_std": 591.7106428940284
        },
        "52": {
            "dur_mean": 3797.8414204656624,
            "dur_std": 594.8225683175883
        },
        "53": {
            "dur_mean": 3889.823310843845,
            "dur_std": 615.9697390118689
        },
        "54": {
            "dur_mean": 3955.708048112654,
            "dur_std": 624.3982741961203
        },
        "55": {
            "dur_mean": 3984.7228226319135,
            "dur_std": 627.204346369496
        },
        "56": {
            "dur_mean": 4012.0837977901633,
            "dur_std": 630.8762253665784
        },
        "57": {
            "dur_mean": 4038.0351537671736,
            "dur_std": 634.8538706722915
        },
        "58": {
            "dur_mean": 4112.604116755489,
            "dur_std": 646.5445379120303
        },
        "59": {
            "dur_mean": 4202.3708178438665,
            "dur_std": 659.1105973393367
        },
        "60": {
            "dur_mean": 4284.1060227995495,
            "dur_std": 668.3760277680442
        },
        "61": {
            "dur_mean": 4414.522218394764,
            "dur_std": 696.3695062841289
        },
        "62": {
            "dur_mean": 4478.419439104934,
            "dur_std": 702.1757831696378
        },
        "63": {
            "dur_mean": 4510.5942405600335,
            "dur_std": 706.1828353190169
        },
        "64": {
            "dur_mean": 4583.029049457621,
            "dur_std": 719.575610410219
        },
        "65": {
            "dur_mean": 4610.408655978708,
            "dur_std": 726.8462129893662
        },
        "66": {
            "dur_mean": 4696.096849242223,
            "dur_std": 738.8473567648878
        },
        "67": {
            "dur_mean": 4771.426029910491,
            "dur_std": 736.0435432355865
        },
        "68": {
            "dur_mean": 4892.558588652852,
            "dur_std": 775.5962157753587
        },
        "69": {
            "dur_mean": 4926.3802897346695,
            "dur_std": 781.8358340515626
        },
        "70": {
            "dur_mean": 4979.335191746561,