{
    "rows": {
        "start": 1975064,
        "route_filter": -31950,
        "nan_filter": -115368,
        "negative_dur": -67,
        "outliers": -19888,
        "end": 1807791
    },
    "scr": 0.8804550469885477,
    "stats": {
        "1": {
            "dur_mean": 0.0,
            "dur_std": 0.0
        },
        "2": {
            "dur_mean": 34.254309978768575,
            "dur_std": 96.53721357005342
        },
        "3": {
            "dur_mean": 84.33129467527999,
            "dur_std": 115.2763724111695
        },
        "4": {
            "dur_mean": 175.95243015690778,
            "dur_std": 133.2595205136196
        },
        "5": {
            "dur_mean": 313.468133215805,
            "dur_std": 161.93540116721516
        },
        "6": {
            "dur_mean": 383.6214218676678,
            "dur_std": 171.89382090923135
        },
        "7": {
            "dur_mean": 452.71125216387765,
            "dur_std": 178.2419666817318
        },
        "8": {
            "dur_mean": 476.900134382799,
            "dur_std": 182.23655781147994
        },
        "9": {
            "dur_mean": 528.7633335891336,
            "dur_std": 186.1205512776697
        },
        "10": {
            "dur_mean": 568.0801778322858,
            "dur_std": 191.08115769371682
        },
        "11": {
            "dur_mean": 667.732448761089,
            "dur_std": 208.09272848099886
        },
        "12": {
            "dur_mean": 797.0781267890538,
            "dur_std": 230.49758282868174
        },
        "13": {
            "dur_mean": 864.2417079679756,
            "dur_std": 237.25557864668593
        },
        "14": {
            "dur_mean": 923.7334425729746,
            "dur_std": 248.98578790835364
        },
        "15": {
            "dur_mean": 979.6182143946326,
            "dur_std": 257.58086468061174
        },
        "16": {
            "dur_mean": 1013.3313129002745,
            "dur_std": 260.77231765083906
        },
        "17": {
            "dur_mean": 1039.5872307985514,
            "dur_std": 263.6084821261149
        },
        "18": {
            "dur_mean": 1079.410199725568,
            "dur_std": 282.11564626339236
        },
        "19": {
            "dur_mean": 1134.31825284903,
            "dur_std": 309.91119624406787
        },
        "20": {
            "dur_mean": 1262.7761057564098,
            "dur_std": 342.71991747015545
        },
        "21": {
            "dur_mean": 1322.4473614021717,
            "dur_std": 361.06772666102376
        },
        "22": {
            "dur_mean": 1416.9379644095568,
            "dur_std": 373.37863115449835
        },
        "23": {
            "dur_mean": 1454.6177467901093,
            "dur_std": 377.45818788754707
        },
        "24": {
            "dur_mean": 1502.8444071929289,
            "dur_std": 385.75407794949416
        },
        "25": {
            "dur_mean": 1532.024498037871,
            "dur_std": 390.1230209456474
        },
        "26": {
            "dur_mean": 1598.900297052327,
            "dur_std": 410.4480859028342
        },
        "27": {
            "dur_mean": 1672.7109140051011,
            "dur_std": 421.30461208511645
        },
        "28": {
            "dur_mean": 1731.5657469077069,
            "dur_std": 428.2836163384145
        },
        "29": {
            "dur_mean": 1785.7426646877498,
            "dur_std": 436.0109208024642
        },
        "30": {
            "dur_mean": 1822.81144640207,
            "dur_std": 444.4174233875188
        },
        "31": {
            "dur_mean": 1911.8775160762527,
            "dur_std": 462.83835411155303
        },
        "32": {
            "dur_mean": 2035.8795580110498,
            "dur_std": 485.47392722446114
        },
        "33": {
            "dur_mean": 2106.6309165109274,
            "dur_std": 493.47560958886277
        },
        "34": {
            "dur_mean": 2229.666475994356,
            "dur_std": 512.283601837627
        },
        "35": {
            "dur_mean": 2249.2201250667276,
            "dur_std": 516.2668560193816
        },
        "36": {
            "dur_mean": 2369.1804104050652,
            "dur_std": 526.3055631627193
        },
        "37": {
            "dur_mean": 2533.899740477826,
            "dur_std": 539.4882425921846
        },
        "38": {
            "dur_mean": 2985.048663756796,
            "dur_std": 610.5006256695918
        },
        "39": {
            "dur_mean": 3081.1643474503026,
            "dur_std": 628.7948659517518
        },
        "40": {
            "dur_mean": 3155.709040988429,
            "dur_std": 623.8641696269078
        },
        "41": {
            "dur_mean": 3233.257327586207,
            "dur_std": 631.4609321081858
        },
        "42": {
            "dur_mean": 3307.836979064762,
            "dur_std": 634.8499507145865
        },
        "43": {
            "dur_mean": 3358.372275910638,
            "dur_std": 638.4387886196276
        },
        "44": {
            "dur_mean": 3426.46305495795,
            "dur_std": 642.9671966180741
        },
        "45": {
            "dur_mean": 3467.802456579565,
            "dur_std": 646.3381467146393
        },
        "46": {
            "dur_mean": 3526.499099945214,
            "dur_std": 650.7657640782049
        },
        "47": {
            "dur_mean": 3544.474430260788,
            "dur_std": 652.1017545392818
        },
        "48": {
            "dur_mean": 3578.289042007595,
            "dur_std": 658.6092396629206
        },
        "49": {
            "dur_mean": 3656.738252137758,
            "dur_std": 671.6101335686077
        },
        "50": {
            "dur_mean": 3716.065493953196,
            "dur_std": 678.4008980017295
        },
        "51": {
            "dur_mean": 3743.8757759094838,
            "dur_std": 680.7433597417837
        },
        "52": {
            "dur_mean": 3793.2633709278107,
            "dur_std": 684.3049880758547
        },
        "53": {
            "dur_mean": 3830.0449561834403,
            "dur_std": 687.5523812780415
        },
        "54": {
            "dur_mean": 3904.7745980581,
            "dur_std": 690.7164448255875
        },
        "55": {
            "dur_mean": 3952.649671763827,
            "dur_std": 695.2225752918885
        },
        "56": {
            "dur_mean": 4035.7753890897657,
            "dur_std": 702.5952121978225
        },
        "57": {
            "dur_mean": 4103.734038370813,
            "dur_std": 708.993545085881
        },
        "58": {
            "dur_mean": 4143.10243308046,
            "dur_std": 713.1882424335222
        },
        "59": {
            "dur_mean": 4180.108775101191,
            "dur_std": 716.3938353756561
        },
        "60": {
            "dur_mean": 4254.464911591355,
            "dur_std": 721.720234649603
        },
        "61": {
            "dur_mean": 4310.831453609463,
            "dur_std": 728.1394434637795
        },
        "62": {
            "dur_mean": 4386.658586414175,
            "dur_std": 734.7248874159843
        },
        "63": {
            "dur_mean": 4460.43241967832,
            "dur_std": 740.9843494193143
        },
        "64": {
            "dur_mean": 4615.6723146032,
            "dur_std": 760.2140479019235
        },
        "65": {
            "dur_mean": 4661.770930693069,
            "dur_std": 762.0683730991312
        },
        "66": {
            "dur_mean": 4736.381200940352,
            "dur_std": 767.1102457315089
        },
        "67": {
            "dur_mean": 4799.447636960263,
            "dur_std": 772.570273480997
        },
        "68": {
            "dur_mean": 4880.893677584893,
            "dur_std": 775.6302090781293
        },
        "69": {
            "dur_mean": 4910.756766510285,
            "dur_std": 779.7871632640567
        },
        "70": {
            "dur_mean": 5103.307599662772,
            "dur_std": 836.5095145093075
        },