{
    "rows": {
        "start": 617972,
        "route_filter": -116290,
        "nan_filter": -12449,
        "negative_dur": 0,
        "outliers": -7147,
        "end": 482086
    },
    "scr": 0.9282174128531306,
    "stats": {
        "1": {
            "dur_mean": 0.0,
            "dur_std": 0.0
        },
        "2": {
            "dur_mean": 72.09549534574468,
            "dur_std": 21.557451998498966
        },
        "3": {
            "dur_mean": 106.74280023238443,
            "dur_std": 29.794406658869107
        },
        "4": {
            "dur_mean": 134.28778949115963,
            "dur_std": 36.15309243753739
        },
        "5": {
            "dur_mean": 160.43489086231222,
            "dur_std": 44.95811941113839
        },
        "6": {
            "dur_mean": 214.42582303673603,
            "dur_std": 62.62288592565436
        },
        "7": {
            "dur_mean": 279.9733963202387,
            "dur_std": 78.34414312859893
        },
        "8": {
            "dur_mean": 311.1405486036297,
            "dur_std": 83.53030440792756
        },
        "9": {
            "dur_mean": 367.86030325627644,
            "dur_std": 97.92941289411159
        },
        "10": {
            "dur_mean": 395.2722452361226,
            "dur_std": 102.35833649395524
        },
        "11": {
            "dur_mean": 475.07385940216943,
            "dur_std": 115.9994025314897
        },
        "12": {
            "dur_mean": 554.483606557377,
            "dur_std": 131.17219064932618
        },
        "13": {
            "dur_mean": 584.9940318302388,
            "dur_std": 137.04166799069256
        },
        "14": {
            "dur_mean": 612.6721651193634,
            "dur_std": 147.67322017318034
        },
        "15": {
            "dur_mean": 678.2559064909227,
            "dur_std": 191.38404629603417
        },
        "16": {
            "dur_mean": 866.5701019815936,
            "dur_std": 260.4128731630206
        },
        "17": {
            "dur_mean": 923.6168007297454,
            "dur_std": 281.4606500884237
        },
        "18": {
            "dur_mean": 1012.5763387297634,
            "dur_std": 296.2021423867127
        },
        "19": {
            "dur_mean": 1047.6683825971438,
            "dur_std": 303.3419170696765
        },
        "20": {
            "dur_mean": 1092.6671649227703,
            "dur_std": 310.3441713518284
        },
        "21": {
            "dur_mean": 1120.5821639126464,
            "dur_std": 316.1370852269189
        },
        "22": {
            "dur_mean": 1183.5553802723348,
            "dur_std": 338.7598218422225
        },
        "23": {
            "dur_mean": 1251.4610211706101,
            "dur_std": 351.08312442806664
        },
        "24": {
            "dur_mean": 1304.6644523789753,
            "dur_std": 360.56238793919954
        },
        "25": {
            "dur_mean": 1354.222932580538,
            "dur_std": 369.2852123808962
        },
        "26": {
            "dur_mean": 1387.9860511457987,
            "dur_std": 380.8585913425107
        },
        "27": {
            "dur_mean": 1470.2284289276809,
            "dur_std": 405.6711804922317
        },
        "28": {
            "dur_mean": 1582.9171592706687,
            "dur_std": 426.6591321362525
        },
        "29": {
            "dur_mean": 1645.001084236864,
            "dur_std": 434.6224451899215
        },
        "30": {
            "dur_mean": 1756.3507587126896,
            "dur_std": 452.6309527652287
        },
        "31": {
            "dur_mean": 1773.6656664166042,
            "dur_std": 456.8114401985775
        },
        "32": {
            "dur_mean": 1881.7959319773258,
            "dur_std": 463.47787551897216
        },
        "33": {
            "dur_mean": 2020.9610606186943,
            "dur_std": 478.7397393782789
        },
        "34": {
            "dur_mean": 2313.733311025598,
            "dur_std": 549.0898488952012
        },
        "35": {
            "dur_mean": 2460.6537408356153,
            "dur_std": 561.4056022479134
        },
        "36": {
            "dur_mean": 2531.891908695266,
            "dur_std": 578.1273097750794
        },
        "37": {
            "dur_mean": 2581.813343994314,
            "dur_std": 596.1446116018064
        },
        "38": {
            "dur_mean": 2657.9390330607894,
            "dur_std": 618.517793432431
        },
        "39": {
            "dur_mean": 2835.396814096289,
            "dur_std": 652.829309057507
        },
        "40": {
            "dur_mean": 2943.331309100373,
            "dur_std": 678.0639577841907
        },
        "41": {
            "dur_mean": 2978.6277842907384,
            "dur_std": 694.6706025169559
        }
    },
    "feature_eval": {
        "f_values": {
            "weather_main_Clouds": 43.97322228305413,
            "weather_main_Drizzle": 0.056851377937440044,
            "weather_main_Fog": 12.336114151590673,
            "weather_main_Mist": 8.011393984856593,
            "weather_main_Rain": 6.093475092753858,
            "weather_main_Smoke": 1.9403239975695734,
            "weather_main_Snow": 22.498635007094325,
            "weather_description_broken clouds": 3.479509539777329,
            "weather_description_drizzle": 17.449120541391743,
            "weather_description_few clouds": 0.042991752329373856,
            "weather_description_fog": 12.336114151590673,
            "weather_description_light intensity drizzle": 0.04659896648755907,
            "weather_description_light intensity drizzle rain": 1.001437198634812,
            "weather_description_light intensity shower rain": 14.727408972329211,
            "weather_description_light rain": 0.0344775742603064,
            "weather_description_light shower snow": 9.144525300603036,
            "weather_description_light snow": 56.51534139873399,
            "weather_description_mist": 8.011393984856593,
            "weather_description_moderate rain": 10.739908004929715,
            "weather_description_overcast clouds": 8.774693879370684,
            "weather_description_proximity shower rain": 0.2225990458458484,
            "weather_description_rain and drizzle": 4.0810306195418935,
            "weather_description_scattered clouds": 30.383024630477717,
            "weather_description_sky is clear": 69.17665577955856,
            "weather_description_smoke": 1.9403239975695734,
            "weekday_1": 6.468700271640593,
            "weekday_2": 45.14875585719152,
            "weekday_3": 218.8484715009733,
            "weekday_4": 721.8423898407477,
            "weekday_5": 361.0676258682642,
            "weekday_6": 836.6633550194776,
            "month_2": 47.06353110004388,
            "month_3": 13.443235464649629,
            "month_4": 6.0291875299953075,
            "month_5": 7.713501328503299,
            "month_6": 15.603545981700295,
            "month_7": 98.0685972137852,
            "month_8": 29.96363904217177,
            "month_9": 2.6072513560745634,
            "month_10": 38.99350798943687,
            "hour_5": 234.35213143102976,
            "hour_6": 480.0198521972469,
            "hour_7": 565.3176686286175,
            "hour_8": 2461.969321283704,
            "hour_9": 3634.379655145862,
            "hour_10": 25.56609618449377,
            "hour_11": 38.00965787478774,
            "hour_12": 68.82931963371539,
            "hour_13": 51.17041095719427,
            "hour_14": 7.162152269413407,
            "hour_15": 8.891983829434754,
            "hour_16": 0.0020359619199207374,
            "hour_17": 32.84489926649391,
            "hour_18": 358.81906841466537,
            "hour_19": 58.61331744165159,
            "hour_20": 665.1019872317792,
            "hour_21": 1205.783390071329,
            "hour_22": 2235.343675851878,
            "hour_23": 3132.917544044357,
            "holiday_1": 550.9386541867918
        },