{
    "rows": {
        "start": 807713,
        "route_filter": -2821,
        "nan_filter": -28124,
        "negative_dur": -873,
        "outliers": -6268,
        "end": 769627
    },
    "scr": 0.9827543114221444,
    "stats": {
        "1": {
            "dur_mean": 0.0,
            "dur_std": 0.0
        },
        "2": {
            "dur_mean": 94.79296577946768,
            "dur_std": 105.11356508107593
        },
        "3": {
            "dur_mean": 159.19762720466946,
            "dur_std": 115.72228202643095
        },
        "4": {
            "dur_mean": 211.08905321703958,
            "dur_std": 130.8627422102303
        },
        "5": {
            "dur_mean": 255.11897694979476,
            "dur_std": 139.86381163724332
        },
        "6": {
            "dur_mean": 355.1538754281365,
            "dur_std": 159.89305629452065
        },
        "7": {
            "dur_mean": 710.9516770892552,
            "dur_std": 267.5941742155425
        },
        "8": {
            "dur_mean": 839.2062559241706,
            "dur_std": 317.9696003679139
        },
        "9": {
            "dur_mean": 952.7591259315398,
            "dur_std": 333.27959266739254
        },
        "10": {
            "dur_mean": 1095.4636610469154,
            "dur_std": 353.17958701354706
        },
        "11": {
            "dur_mean": 1237.842961654894,
            "dur_std": 373.5274106675372
        },
        "12": {
            "dur_mean": 1300.405567101203,
            "dur_std": 387.2706103518107
        },
        "13": {
            "dur_mean": 1344.0084985835695,
            "dur_std": 404.19684781206166
        },
        "14": {
            "dur_mean": 1374.9622890959456,
            "dur_std": 399.6744074361044
        },
        "15": {
            "dur_mean": 1423.7356495468277,
            "dur_std": 403.83672310936663
        },
        "16": {
            "dur_mean": 1486.1906110376942,
            "dur_std": 412.97322270434165
        },
        "17": {
            "dur_mean": 1552.0425371255978,
            "dur_std": 421.4319669028899
        },
        "18": {
            "dur_mean": 1592.5187889469378,
            "dur_std": 425.4807370720581
        },
        "19": {
            "dur_mean": 1653.8096946805163,
            "dur_std": 436.61600793486696
        },
        "20": {
            "dur_mean": 1684.4599937047528,
            "dur_std": 444.4604480612797
        },
        "21": {
            "dur_mean": 1743.8834267010764,
            "dur_std": 465.5386365158374
        },
        "22": {
            "dur_mean": 1812.6516974239466,
            "dur_std": 478.5426493680786
        },
        "23": {
            "dur_mean": 1862.9061415136023,
            "dur_std": 490.71314154911914
        },
        "24": {
            "dur_mean": 1908.7762966706678,
            "dur_std": 494.3881533016347
        },
        "25": {
            "dur_mean": 1934.558812381554,
            "dur_std": 498.7141437019954
        },
        "26": {
            "dur_mean": 1964.8285533796588,
            "dur_std": 502.34402746926037
        },
        "27": {
            "dur_mean": 2074.9897115445306,
            "dur_std": 534.0685837962602
        },
        "28": {
            "dur_mean": 2149.4361400189214,
            "dur_std": 552.9157759074774
        },
        "29": {
            "dur_mean": 2183.0612592172433,
            "dur_std": 559.5024040630012
        },
        "30": {
            "dur_mean": 2229.85870044747,
            "dur_std": 568.7295155816695
        },
        "31": {
            "dur_mean": 2294.64188039574,
            "dur_std": 578.1203636706994
        },
        "32": {
            "dur_mean": 2367.099608388075,
            "dur_std": 588.2126126584278
        },
        "33": {
            "dur_mean": 2466.2605206622015,
            "dur_std": 599.1718478946837
        },
        "34": {
            "dur_mean": 2530.804435738658,
            "dur_std": 606.7691581078227
        },
        "35": {
            "dur_mean": 2585.8724802527645,
            "dur_std": 613.8862987617935
        },
        "36": {
            "dur_mean": 2659.892926998549,
            "dur_std": 631.2147455330588
        },
        "37": {
            "dur_mean": 2707.4056354009076,
            "dur_std": 639.6595350597071
        },
        "38": {
            "dur_mean": 2765.2969065656566,
            "dur_std": 643.2502141255966
        },
        "39": {
            "dur_mean": 2822.601237842617,
            "dur_std": 653.8135260434342
        },
        "40": {
            "dur_mean": 2869.874051593323,
            "dur_std": 659.3341931010946
        },
        "41": {
            "dur_mean": 2903.820199074368,
            "dur_std": 662.7542446646305
        },
        "42": {
            "dur_mean": 2945.6028031456112,
            "dur_std": 669.1165013129639
        },
        "43": {
            "dur_mean": 2991.652493504848,
            "dur_std": 672.8932874657769
        },
        "44": {
            "dur_mean": 3024.327208211887,
            "dur_std": 675.905367296811
        },
        "45": {
            "dur_mean": 3080.618685428155,
            "dur_std": 677.6973248046537
        },
        "46": {
            "dur_mean": 3150.651043318323,
            "dur_std": 686.2764191515448
        },
        "47": {
            "dur_mean": 3253.5266598958992,
            "dur_std": 706.6356665889996
        },
        "48": {
            "dur_mean": 3409.6710952895555,
            "dur_std": 721.4343820428722
        },
        "49": {
            "dur_mean": 3445.928903020668,
            "dur_std": 725.0426694043473
        }
    },
    "feature_eval": {
        "f_values": {
            "weather_main_Clouds": 1.864159868320422,
            "weather_main_Drizzle": 149.54663751807044,
            "weather_main_Fog": 52.30986739452753,
            "weather_main_Mist": 5.670127075406386,
            "weather_main_Rain": 228.9897574947818,
            "weather_main_Smoke": 6.336318920609754e-05,
            "weather_main_Snow": 36.12147340513816,
            "weather_description_broken clouds": 5.40797626184685,
            "weather_description_drizzle": 4.415259730134529,
            "weather_description_few clouds": 27.403672589461376,
            "weather_description_fog": 52.30986739452753,
            "weather_description_heavy intensity rain": 25.592868494595322,
            "weather_description_light intensity drizzle": 41.93811395035915,
            "weather_description_light intensity drizzle rain": 117.52346529858484,
            "weather_description_light intensity shower rain": 98.93167313385341,
            "weather_description_light rain": 9.430209589215519,
            "weather_description_light shower snow": 6.901873129590272,
            "weather_description_light snow": 47.38261640177203,
            "weather_description_mist": 5.670127075406386,
            "weather_description_moderate rain": 8.744404132557092,
            "weather_description_overcast clouds": 137.84171829841043,
            "weather_description_proximity shower rain": 380.6692839772942,
            "weather_description_rain and drizzle": 18.010989252761178,
            "weather_description_scattered clouds": 120.43131683002342,
            "weather_description_shower rain": 22.62528060020257,
            "weather_description_sky is clear": 6.511044406926827,
            "weather_description_smoke": 6.336318920609754e-05,
            "weekday_1": 231.62697491018906,
            "weekday_2": 543.7299571390329,
            "weekday_3": 963.3576195398148,
            "weekday_4": 1234.7588581437265,
            "weekday_5": 1951.1375198477724,
            "weekday_6": 4062.490781362333,
            "month_2": 3.4296391483479716,
            "month_3": 0.24002311189160203,
            "month_4": 4.296902454863371,
            "month_5": 7.134645922647657,
            "month_6": 50.22429021603264,