{
    "rows": {
        "start": 830502,
        "route_filter": -190587,
        "nan_filter": -36757,
        "negative_dur": 0,
        "outliers": -10792,
        "end": 592366
    },
    "scr": 0.9029491054652398,
    "stats": {
        "1": {
            "dur_mean": 0.0,
            "dur_std": 0.0
        },
        "2": {
            "dur_mean": 45.146837962544105,
            "dur_std": 74.99029414938431
        },
        "3": {
            "dur_mean": 110.335007113566,
            "dur_std": 107.13373460900421
        },
        "4": {
            "dur_mean": 143.81840713813617,
            "dur_std": 111.06988541601409
        },
        "5": {
            "dur_mean": 184.16496794344894,
            "dur_std": 113.40671540884266
        },
        "6": {
            "dur_mean": 224.74845869297164,
            "dur_std": 116.60356840190578
        },
        "7": {
            "dur_mean": 269.33368922470436,
            "dur_std": 122.37780100283686
        },
        "8": {
            "dur_mean": 393.0577270487765,
            "dur_std": 142.90032235243345
        },
        "9": {
            "dur_mean": 451.3864214760693,
            "dur_std": 154.64421429298582
        },
        "10": {
            "dur_mean": 510.4993432933837,
            "dur_std": 175.44741952937866
        },
        "11": {
            "dur_mean": 566.2522566880026,
            "dur_std": 187.06530375056465
        },
        "12": {
            "dur_mean": 605.3137303149606,
            "dur_std": 193.69593545424695
        },
        "13": {
            "dur_mean": 689.6597718131823,
            "dur_std": 203.00791080593868
        },
        "14": {
            "dur_mean": 740.2303462990317,
            "dur_std": 212.71640985880765
        },
        "15": {
            "dur_mean": 807.3004186161044,
            "dur_std": 218.73573325765727
        },
        "16": {
            "dur_mean": 901.4656375728713,
            "dur_std": 236.46669215635782
        },
        "17": {
            "dur_mean": 974.3684428264107,
            "dur_std": 251.6207505264581
        },
        "18": {
            "dur_mean": 1040.5447060760744,
            "dur_std": 261.82437147940345
        },
        "19": {
            "dur_mean": 1093.6581385813859,
            "dur_std": 271.24955627529215
        },
        "20": {
            "dur_mean": 1127.945560383701,
            "dur_std": 281.5422496910717
        },
        "21": {
            "dur_mean": 1186.7404066907184,
            "dur_std": 294.68086686209324
        },
        "22": {
            "dur_mean": 1272.2922269596588,
            "dur_std": 313.22439608765876
        },
        "23": {
            "dur_mean": 1329.6733120026254,
            "dur_std": 319.34268352077055
        },
        "24": {
            "dur_mean": 1374.3963069347558,
            "dur_std": 333.845676063479
        },
        "25": {
            "dur_mean": 1425.4216313802724,
            "dur_std": 363.7197690343131
        },
        "26": {
            "dur_mean": 1475.9280203545634,
            "dur_std": 393.63232728560996
        },
        "27": {
            "dur_mean": 1577.9707549494783,
            "dur_std": 414.50125052868344
        },
        "28": {
            "dur_mean": 1612.4239264307414,
            "dur_std": 418.84771982783826
        },
        "29": {
            "dur_mean": 1657.760036121829,
            "dur_std": 426.2942017381869
        },
        "30": {
            "dur_mean": 1685.936627811525,
            "dur_std": 431.1837223693727
        },
        "31": {
            "dur_mean": 1747.7057375030781,
            "dur_std": 449.00844222688653
        },
        "32": {
            "dur_mean": 1813.746942460806,
            "dur_std": 459.23245702289745
        },
        "33": {
            "dur_mean": 1866.4193680755027,
            "dur_std": 467.69514424518013
        },
        "34": {
            "dur_mean": 1916.2496921940408,
            "dur_std": 476.43042441182615
        },
        "35": {
            "dur_mean": 1950.1584995485512,
            "dur_std": 486.4145924172252
        },
        "36": {
            "dur_mean": 2034.273063336893,
            "dur_std": 510.3077635126383
        },
        "37": {
            "dur_mean": 2148.969305464121,
            "dur_std": 532.3832900624591
        },
        "38": {
            "dur_mean": 2211.34352340145,
            "dur_std": 541.3654400368868
        },
        "39": {
            "dur_mean": 2323.324023727138,
            "dur_std": 560.8441897786115
        },
        "40": {
            "dur_mean": 2340.8644863662576,
            "dur_std": 565.1571519204088
        },
        "41": {
            "dur_mean": 2449.760998517054,
            "dur_std": 572.9949582542431
        },
        "42": {
            "dur_mean": 2590.213909030982,
            "dur_std": 588.8050111340426
        },
        "43": {
            "dur_mean": 2882.2875082617315,
            "dur_std": 661.4019467732985
        },
        "44": {
            "dur_mean": 3032.6770461859614,
            "dur_std": 671.8732433825
        },
        "45": {
            "dur_mean": 3103.9959846368715,
            "dur_std": 687.5661922860929
        },
        "46": {
            "dur_mean": 3155.3875109170303,
            "dur_std": 703.9093834367595
        },
        "47": {
            "dur_mean": 3231.7296069868994,
            "dur_std": 724.76829207688
        },
        "48": {
            "dur_mean": 3411.423837005946,
            "dur_std": 757.0444659668193
        },
        "49": {
            "dur_mean": 3518.1640332993543,
            "dur_std": 781.3406423639501
        },
        "50": {
            "dur_mean": 3566.1924700041372,
            "dur_std": 798.4450689699494
        }
    },
    "feature_eval": {
        "f_values": {
            "weather_main_Clouds": 76.06155338223805,
            "weather_main_Drizzle": 11.254493860796394,
            "weather_main_Fog": 44.89714045461341,
            "weather_main_Mist": 8.610108753020755,
            "weather_main_Rain": 6.554490723678882,
            "weather_main_Smoke": 1.1543513419082212,
            "weather_main_Snow": 13.393667902849232,
            "weather_description_broken clouds": 9.113795478981654,
            "weather_description_drizzle": 4.4260175142713525,
            "weather_description_few clouds": 3.098658158971348,
            "weather_description_fog": 44.89714045461341,
            "weather_description_light intensity drizzle": 1.1548457422720235,
            "weather_description_light intensity drizzle rain": 12.817280991666042,
            "weather_description_light intensity shower rain": 11.256619245837612,
            "weather_description_light rain": 0.7218567471173662,
            "weather_description_light shower snow": 1.007256417449793,
            "weather_description_light snow": 51.276471352729736,
            "weather_description_mist": 8.610108753020755,
            "weather_description_moderate rain": 20.003609220033177,
            "weather_description_overcast clouds": 1.6418434826175234,
            "weather_description_proximity shower rain": 0.8377819368186107,
            "weather_description_rain and drizzle": NaN,
            "weather_description_scattered clouds": 56.51480281190005,
            "weather_description_sky is clear": 67.77929486126733,
            "weather_description_smoke": 1.1543513419082212,
            "weekday_1": 6.5681744404541025,
            "weekday_2": 85.0244856443347,
            "weekday_3": 363.66297342310907,
            "weekday_4": 582.2927162849427,
            "weekday_5": 218.03881538136505,
            "weekday_6": 1594.4261101954437,
            "month_2": 60.54727563571703,
            "month_3": 13.118178564063173,
            "month_4": 7.090319345505823,
            "month_5": 28.33838889956512,
            "month_6": 0.1424951524314427,
            "month_7": 59.43570057127312,