{
    "rows": {
        "start": 17002,
        "route_filter": 0,
        "nan_filter": -473,
        "negative_dur": 0,
        "outliers": -203,
        "end": 16326
    },
    "scr": 0.9622166246851386,
    "stats": {
        "1": {
            "dur_mean": 0.0,
            "dur_std": 0.0
        },
        "2": {
            "dur_mean": 108.52896725440806,
            "dur_std": 110.53806553177282
        },
        "3": {
            "dur_mean": 181.0479797979798,
            "dur_std": 121.03825201813126
        },
        "4": {
            "dur_mean": 241.3181818181818,
            "dur_std": 132.03403770097526
        },
        "5": {
            "dur_mean": 300.2449494949495,
            "dur_std": 143.04457338336127
        },
        "6": {
            "dur_mean": 424.18781725888323,
            "dur_std": 161.61191933786412
        },
        "7": {
            "dur_mean": 802.6708860759494,
            "dur_std": 240.18989534398614
        },
        "8": {
            "dur_mean": 929.1974683544304,
            "dur_std": 248.3719506745868
        },
        "9": {
            "dur_mean": 1046.546835443038,
            "dur_std": 265.4455782912505
        },
        "10": {
            "dur_mean": 1189.7822784810126,
            "dur_std": 278.81160640814755
        },
        "11": {
            "dur_mean": 1361.6759493670886,
            "dur_std": 304.6400993896561
        },
        "12": {
            "dur_mean": 1439.8278481012658,
            "dur_std": 323.90177701187275
        },
        "13": {
            "dur_mean": 1512.1012658227849,
            "dur_std": 356.0609724684031
        },
        "14": {
            "dur_mean": 1554.2708860759494,
            "dur_std": 370.45447467273283
        },
        "15": {
            "dur_mean": 1614.3629441624366,
            "dur_std": 380.3090048673149
        },
        "16": {
            "dur_mean": 1684.738578680203,
            "dur_std": 384.8607430433613
        },
        "17": {
            "dur_mean": 1756.1776649746193,
            "dur_std": 385.4079282446345
        },
        "18": {
            "dur_mean": 1799.763959390863,
            "dur_std": 388.31560656355646
        },
        "19": {
            "dur_mean": 1875.6675126903554,
            "dur_std": 399.46017468031727
        },
        "20": {
            "dur_mean": 1914.972081218274,
            "dur_std": 410.19247853607203
        },
        "21": {
            "dur_mean": 2012.4670050761422,
            "dur_std": 432.1016987277705
        },
        "22": {
            "dur_mean": 2090.6370558375634,
            "dur_std": 440.7387826730524
        },
        "23": {
            "dur_mean": 2148.8629441624366,
            "dur_std": 450.93283747803486
        },
        "24": {
            "dur_mean": 2192.6319796954313,
            "dur_std": 453.79750121003065
        },
        "25": {
            "dur_mean": 2218.6700507614214,
            "dur_std": 455.7249268173113
        },
        "26": {
            "dur_mean": 2254.159898477157,
            "dur_std": 459.8409696514266
        },
        "27": {
            "dur_mean": 2412.0989847715737,
            "dur_std": 491.84910784148315
        },
        "28": {
            "dur_mean": 2512.799492385787,
            "dur_std": 499.3080279428617
        },
        "29": {
            "dur_mean": 2550.403553299492,
            "dur_std": 505.02706156556656
        },
        "30": {
            "dur_mean": 2607.6852791878173,
            "dur_std": 513.60097524
        },
        "31": {
            "dur_mean": 2679.4213197969543,
            "dur_std": 517.660872368147
        },
        "32": {
            "dur_mean": 2756.7182741116753,
            "dur_std": 521.097739652366
        },
        "33": {
            "dur_mean": 2865.096446700508,
            "dur_std": 524.8213517323406
        },
        "34": {
            "dur_mean": 2932.779187817259,
            "dur_std": 529.1768580036988
        },
        "35": {
            "dur_mean": 2993.096446700508,
            "dur_std": 534.7194606668442
        },
        "36": {
            "dur_mean": 3090.230964467005,
            "dur_std": 544.1397814311715
        },
        "37": {
            "dur_mean": 3145.248730964467,
            "dur_std": 554.9155166296486
        },
        "38": {
            "dur_mean": 3196.195431472081,
            "dur_std": 559.7559627112339
        },
        "39": {
            "dur_mean": 3224.467700258398,
            "dur_std": 561.1683462332204
        },
        "40": {
            "dur_mean": 3257.3238341968913,
            "dur_std": 560.3605205944162
        },
        "41": {
            "dur_mean": 3445.238219895288,
            "dur_std": 573.023397858596
        },
        "42": {
            "dur_mean": 3497.112565445026,
            "dur_std": 573.6570078224858
        }
    },
    "feature_eval": {
        "f_values": {
            "weather_main_Clouds": 18.57168253412183,
            "weather_main_Drizzle": 9.322789329542003,
            "weather_main_Fog": 0.2858864297804609,
            "weather_main_Mist": 1.460479757953224,
            "weather_main_Rain": 17.669329523468242,
            "weather_main_Snow": 0.0007891491346776911,
            "weather_description_few clouds": 1.3380968745855808,
            "weather_description_fog": 0.2858864297804609,
            "weather_description_light intensity drizzle": 12.281421042886203,
            "weather_description_light intensity drizzle rain": 0.0659429319191044,
            "weather_description_light intensity shower rain": 0.054911225344107126,
            "weather_description_light rain": 12.62706949960187,
            "weather_description_light shower snow": 0.0007891491346776911,
            "weather_description_mist": 1.460479757953224,
            "weather_description_moderate rain": 29.188796732375682,
            "weather_description_overcast clouds": 15.000472406206322,
            "weather_description_proximity shower rain": 4.877171302413871,
            "weather_description_scattered clouds": 6.509984373786732,
            "weather_description_sky is clear": 1.4600418878313772,
            "weekday_1": 11.821314947304518,
            "weekday_2": 20.221256461403566,
            "weekday_3": 2.61881034931278,
            "weekday_4": 7.667145121893053,
            "month_2": 9.041300972194849,
            "month_3": 2.0029721951668593,
            "month_4": 0.08442899524993208,
            "month_5": 2.735984266574103,
            "month_6": 1.5913031420545427,
            "month_7": 14.792066625452042,
            "month_8": 9.313919575234944,
            "month_9": 0.008095207553481582,
            "month_10": 2.0144549334843593,
            "month_11": 80.08665452590029,
            "month_12": 43.87228448593888,
            "hour_16": 3982.6649685592834,
            "hour_17": 4232.061285885112,
            "holiday_1": 9.575530770674636
        },
        "correlations": {
            "daystamp": 0.06935083770975611,
            "progr_number": 0.920024969050839,
            "arr_p": 0.4455575176124969,
            "arr_a": 0.4770644658773939,
            "dep_p": 0.4455575176124969,
            "dep_a": 0.4760772408248732,
            "end_p": 0.18722887556916493,
            "start_p": 0.18425033168686725,
            "start_a": 0.1856468434087205,
            "temp": -0.07026938944061872,
            "feels_like": -0.054839811759202904,
            "temp_min": -0.06978424156293267,
            "temp_max": -0.061348789838739475,
            "pressure": -0.025331273177674155,
            "humidity": 0.07898223932575443,
            "wind_speed": -0.02911623759367853,
            "wind_deg": 0.000608137614471351,
            "clouds_all": -0.016321779863779553,
            "dt": 0.06951040781084934,
            "dur_s": 0.9287112056082243
        }
    },
    "modelling": {
        "XGBoost": {
            "time": 1.5625042915344238,