{
    "rows": {
        "start": 9750,
        "route_filter": -1811,
        "nan_filter": -1978,
        "negative_dur": 0,
        "outliers": -19,
        "end": 5942
    },
    "scr": 0.9699248120300752,
    "stats": {
        "1": {
            "dur_mean": 0.0,
            "dur_std": 0.0
        },
        "2": {
            "dur_mean": 31.484848484848484,
            "dur_std": 18.834143450628506
        },
        "3": {
            "dur_mean": 105.84962406015038,
            "dur_std": 153.67421740342317
        },
        "4": {
            "dur_mean": 218.8421052631579,
            "dur_std": 158.23595931322538
        },
        "5": {
            "dur_mean": 266.76691729323306,
            "dur_std": 158.1511497586103
        },
        "6": {
            "dur_mean": 361.0676691729323,
            "dur_std": 155.3160119498661
        },
        "7": {
            "dur_mean": 409.63157894736844,
            "dur_std": 154.87162199139522
        },
        "8": {
            "dur_mean": 515.0601503759399,
            "dur_std": 159.94922297491868
        },
        "9": {
            "dur_mean": 584.8721804511279,
            "dur_std": 164.62912467089953
        },
        "10": {
            "dur_mean": 663.8421052631579,
            "dur_std": 169.18350455560406
        },
        "11": {
            "dur_mean": 824.1060606060606,
            "dur_std": 197.0748010652226
        },
        "12": {
            "dur_mean": 916.5343511450382,
            "dur_std": 214.65683875969694
        },
        "13": {
            "dur_mean": 995.1317829457364,
            "dur_std": 216.91006128134657
        },
        "14": {
            "dur_mean": 1077.0601503759399,
            "dur_std": 229.27259015623062
        },
        "15": {
            "dur_mean": 1147.03007518797,
            "dur_std": 255.32881176814672
        },
        "16": {
            "dur_mean": 1240.9398496240601,
            "dur_std": 266.8984246521425
        },
        "17": {
            "dur_mean": 1390.142857142857,
            "dur_std": 312.91399590169954
        },
        "18": {
            "dur_mean": 1453.0902255639098,
            "dur_std": 316.74541585371475
        },
        "19": {
            "dur_mean": 1529.624060150376,
            "dur_std": 341.5625325751463
        },
        "20": {
            "dur_mean": 1644.0751879699249,
            "dur_std": 398.55505349647495
        },
        "21": {
            "dur_mean": 1760.6691729323309,
            "dur_std": 444.90950257539623
        },
        "22": {
            "dur_mean": 1893.1203007518798,
            "dur_std": 457.2300998468599
        },
        "23": {
            "dur_mean": 1940.8345864661653,
            "dur_std": 457.4318160889901
        },
        "24": {
            "dur_mean": 2004.827067669173,
            "dur_std": 461.692136557209
        },
        "25": {
            "dur_mean": 2044.187969924812,
            "dur_std": 467.54884934180683
        },
        "26": {
            "dur_mean": 2150.4511278195487,
            "dur_std": 494.22753418639155
        },
        "27": {
            "dur_mean": 2234.3007518796994,
            "dur_std": 506.2917769513162
        },
        "28": {
            "dur_mean": 2300.2556390977443,
            "dur_std": 515.3829505025533
        },
        "29": {
            "dur_mean": 2370.3984962406016,
            "dur_std": 522.5825719856873
        },
        "30": {
            "dur_mean": 2431.4285714285716,
            "dur_std": 524.2607101507724
        },
        "31": {
            "dur_mean": 2581.0,
            "dur_std": 535.6206538666007
        },
        "32": {
            "dur_mean": 2769.097744360902,
            "dur_std": 555.5582895618912
        },
        "33": {
            "dur_mean": 2848.1729323308273,
            "dur_std": 560.6421846969695
        },
        "34": {
            "dur_mean": 2997.6466165413535,
            "dur_std": 565.6104933915897
        },
        "35": {
            "dur_mean": 3023.1052631578946,
            "dur_std": 569.5354335314414
        },
        "36": {
            "dur_mean": 3135.4812030075186,
            "dur_std": 568.6757557468926
        },
        "37": {
            "dur_mean": 3278.5488721804513,
            "dur_std": 581.1312696092491
        },
        "38": {
            "dur_mean": 3748.466165413534,
            "dur_std": 684.8828759509108
        },
        "39": {
            "dur_mean": 3913.2923076923075,
            "dur_std": 677.5077040799289
        },
        "40": {
            "dur_mean": 4016.869230769231,
            "dur_std": 663.1188043317113
        },
        "41": {
            "dur_mean": 4095.3384615384616,
            "dur_std": 658.515755950322
        },
        "42": {
            "dur_mean": 4190.469230769231,
            "dur_std": 663.2318591909735
        },
        "43": {
            "dur_mean": 4405.846153846154,
            "dur_std": 671.5397840591722
        },
        "44": {
            "dur_mean": 4535.598484848485,
            "dur_std": 685.7037490404063
        },
        "45": {
            "dur_mean": 4593.796992481203,
            "dur_std": 678.0559751564997
        }
    },
    "feature_eval": {
        "f_values": {
            "weather_main_Clouds": 9.240504451746174,
            "weather_main_Drizzle": 0.22333198248077263,
            "weather_main_Fog": 13.654350356846344,
            "weather_main_Mist": 0.3674907669526938,
            "weather_main_Rain": 9.418695776312052,
            "weather_description_few clouds": 4.690727229418038,
            "weather_description_fog": 13.654350356846344,
            "weather_description_light intensity drizzle": 3.4519355607980606,
            "weather_description_light intensity drizzle rain": 0.971899448193579,
            "weather_description_light intensity shower rain": 2.14461382464669,
            "weather_description_light rain": 9.0770548259761,
            "weather_description_mist": 0.3674907669526938,
            "weather_description_overcast clouds": 11.056446655880434,
            "weather_description_proximity shower rain": 13.133890586364355,
            "weather_description_scattered clouds": 7.251635730866047,
            "weather_description_sky is clear": 0.013508647277117024,
            "weekday_1": 0.8656456955063848,
            "weekday_2": 0.24370918074788023,
            "weekday_3": 0.007962043202204788,
            "weekday_4": 10.761487487618576,
            "month_2": 8.082169433433686,
            "month_3": 4.517306155545845,
            "month_4": 0.1876850830702729,
            "month_5": 4.668388116781242,
            "month_6": 20.187234669793646,
            "month_7": 12.587246777532359,
            "month_8": 20.42355694125295,
            "month_9": 12.782973632725323,
            "month_10": 39.31705765989652,
            "hour_9": 4074.1561120026045
        },
        "correlations": {
            "daystamp": -0.0020931077391888324,
            "progr_number": 0.9420033126501576,
            "arr_p": 0.9540593674381397,
            "arr_a": 0.9954574534465833,
            "dep_p": 0.9540593674381397,
            "dep_a": 0.9955912746563319,
            "end_p": 0.10886591546300395,
            "start_p": NaN,
            "start_a": -0.09737689002345983,
            "temp": -0.022490421028856167,
            "feels_like": -0.05120492155839648,
            "temp_min": -0.02308742294310647,
            "temp_max": -0.03289541157127041,
            "pressure": 0.0031160809925870185,
            "humidity": -0.10482336245523785,
            "wind_speed": 0.08426422997561268,
            "wind_deg": 0.04226189853732991,
            "clouds_all": -0.05230687165080374,
            "dt": -0.0019208070553644663,
            "dur_s": 0.95405936743814
        }
    },
    "modelling": {
        "XGBoost": {
            "time": 0.4218757152557373,
            "r_2": 0.9909760917819285,
            "mse": 18128.618826683633,