{
    "rows": {
        "start": 19082,
        "route_filter": 0,
        "nan_filter": -376,
        "negative_dur": 0,
        "outliers": -217,
        "end": 18489
    },
    "scr": 0.1076923076923077,
    "stats": {
        "1": {
            "dur_mean": 0.0,
            "dur_std": 0.0
        },
        "2": {
            "dur_mean": 134.1104513064133,
            "dur_std": 71.344241993801
        },
        "3": {
            "dur_mean": 198.58333333333334,
            "dur_std": 77.36386918878961
        },
        "4": {
            "dur_mean": 245.8501783590963,
            "dur_std": 84.51896886606247
        },
        "5": {
            "dur_mean": 270.4209274673008,
            "dur_std": 86.61271895818338
        },
        "6": {
            "dur_mean": 302.6330166270784,
            "dur_std": 93.5749211942041
        },
        "7": {
            "dur_mean": 414.65833333333336,
            "dur_std": 104.63589712628038
        },
        "8": {
            "dur_mean": 480.4284009546539,
            "dur_std": 107.03620577981398
        },
        "9": {
            "dur_mean": 513.2374701670644,
            "dur_std": 108.47460732454192
        },
        "10": {
            "dur_mean": 535.700477326969,
            "dur_std": 109.89326754022714
        },
        "11": {
            "dur_mean": 564.13723150358,
            "dur_std": 111.02540001494792
        },
        "12": {
            "dur_mean": 631.8902147971361,
            "dur_std": 138.5371254399444
        },
        "13": {
            "dur_mean": 725.4982035928143,
            "dur_std": 148.43208827239258
        },
        "14": {
            "dur_mean": 762.968862275449,
            "dur_std": 148.5961775057741
        },
        "15": {
            "dur_mean": 793.0131736526946,
            "dur_std": 154.64748672379966
        },
        "16": {
            "dur_mean": 823.9400479616307,
            "dur_std": 163.92188065069325
        },
        "17": {
            "dur_mean": 944.9857142857143,
            "dur_std": 190.66899825557124
        },
        "18": {
            "dur_mean": 1294.590053763441,
            "dur_std": 708.880052351834
        },
        "19": {
            "dur_mean": 1336.4649006622517,
            "dur_std": 723.4325357027788
        },
        "20": {
            "dur_mean": 1390.2815013404825,
            "dur_std": 725.8982298598861
        },
        "21": {
            "dur_mean": 1548.2310924369747,
            "dur_std": 775.2313040972878
        },
        "22": {
            "dur_mean": 1587.9946043165467,
            "dur_std": 709.7809571818909
        },
        "23": {
            "dur_mean": 1871.1653992395438,
            "dur_std": 821.3060964217631
        },
        "24": {
            "dur_mean": 1390.6979166666667,
            "dur_std": 260.1022924195975
        },
        "25": {
            "dur_mean": 1452.8333333333333,
            "dur_std": 262.0049684810804
        },
        "26": {
            "dur_mean": 1494.25,
            "dur_std": 263.1115032793031
        },
        "27": {
            "dur_mean": 1556.7916666666667,
            "dur_std": 287.1583797971414
        },
        "28": {
            "dur_mean": 1655.2637362637363,
            "dur_std": 314.23773149090783
        }
    },
    "feature_eval": {
        "f_values": {
            "weather_main_Clouds": 1.5567138448049032,
            "weather_main_Drizzle": 2.50134480997593,
            "weather_main_Fog": 1.952484356663372,
            "weather_main_Mist": 1.2918156915476833,
            "weather_main_Rain": 4.258893646749835,
            "weather_main_Snow": 2.4687093787848826,
            "weather_description_few clouds": 0.09781372044194692,
            "weather_description_fog": 1.952484356663372,
            "weather_description_light intensity drizzle": 5.598193459979876,
            "weather_description_light intensity drizzle rain": 0.09139318790739753,
            "weather_description_light intensity shower rain": 11.899560649021174,
            "weather_description_light rain": 0.336890948105816,
            "weather_description_light shower snow": 2.4687093787848826,
            "weather_description_mist": 1.2918156915476833,
            "weather_description_moderate rain": 6.793277872073046,
            "weather_description_overcast clouds": 4.092864449085723,
            "weather_description_proximity shower rain": 0.48241949265869655,
            "weather_description_scattered clouds": 2.311978730914312,
            "weather_description_sky is clear": 1.526079969012262,
            "weekday_1": 0.3035758597418462,
            "weekday_2": 1.3991638936556332,
            "weekday_3": 0.6351715455033092,
            "weekday_4": 0.6530129957986139,
            "month_2": 17.30267558197055,
            "month_3": 4.029520245270457,
            "month_4": 1.94626308253913,
            "month_5": 0.9252524585492055,
            "month_6": 11.596912184610119,
            "month_7": 0.47272292283350736,
            "month_8": 0.05856894613878109,
            "month_9": 11.058106555207761,
            "month_10": 3.0010084622080897,
            "month_11": 59.36176291262632,
            "month_12": 18.548409733968054,
            "hour_11": 317.7555725837752,
            "hour_15": 28.65889455809095,
            "hour_16": 139.1056988278102,
            "hour_17": 158.13416618791913,
            "holiday_1": 0.8367078791901168
        },
        "correlations": {
            "daystamp": 0.03300541152388625,
            "progr_number": 0.7912522048087302,
            "arr_p": 0.15858588744450589,
            "arr_a": 0.18495397916658796,
            "dep_p": 0.15858588744450589,
            "dep_a": 0.19019900174255525,
            "end_p": 0.1307834268074461,
            "start_p": 0.13107504278941978,
            "start_a": 0.13094838213898927,
            "temp": -0.015618165588073397,
            "feels_like": -0.017334997503948048,
            "temp_min": -0.019595078846836766,
            "temp_max": -0.015536107892575002,
            "pressure": -0.013393698768150396,
            "humidity": -0.02560134355926347,
            "wind_speed": 0.0005634556036310907,
            "wind_deg": -0.013546232148914282,
            "clouds_all": -0.001556253711215785,
            "dt": 0.03318047101506084,
            "dur_s": 0.7877679548360669
        }
    },
    "modelling": {
        "XGBoost": {
            "time": 1.9708893299102783,
            "r_2": 0.823011086685998,
            "mse": 59416.9549433865,
            "rmse": 243.75593314499343,
            "mae": 116.73801585965515
        },
        "Benchmark": {
            "r_2": 0.525501453647771,
            "mse": 159293.92537313432,
            "rmse": 399.1164308483607,
            "mae": 186.15595933376596
        }
    },
    "features": [
        "weather_description_few clouds",
        "weather_description_fog",
        "weather_description_light intensity drizzle",
        "weather_description_light intensity drizzle rain",
        "weather_description_light intensity shower rain",
        "weather_description_light rain",
        "weather_description_light shower snow",
        "weather_description_mist",
        "weather_description_moderate rain",
        "weather_description_overcast clouds",
        "weather_description_proximity shower rain",
        "weather_description_scattered clouds",
        "weather_description_sky is clear",
        "weekday_1",
        "weekday_2",
        "weekday_3",
        "weekday_4",
        "month_2",
        "month_3",
        "month_4",
        "month_5",
        "month_6",
        "month_7",
        "month_8",
        "month_9",
        "month_10",
        "month_11",
        "month_12",
        "hour_11",
        "hour_15",
        "hour_16",
        "hour_17",
        "holiday_1",
        "progr_number",
        "dur_s",
        "humidity"
    ]
}