{
    "rows": {
        "start": 19973,
        "route_filter": -4279,
        "nan_filter": -11454,
        "negative_dur": 0,
        "outliers": -4,
        "end": 4236
    },
    "scr": 0.4945652173913043,
    "stats": {
        "14": {
            "dur_mean": 440.2896174863388,
            "dur_std": 380.0989868924489
        },
        "15": {
            "dur_mean": 537.7624309392265,
            "dur_std": 371.6313345278444
        },
        "16": {
            "dur_mean": 578.639344262295,
            "dur_std": 371.3357400656676
        },
        "17": {
            "dur_mean": 597.5792349726776,
            "dur_std": 371.72596104643407
        },
        "18": {
            "dur_mean": 624.2065217391304,
            "dur_std": 369.0805453000512
        },
        "19": {
            "dur_mean": 648.7608695652174,
            "dur_std": 368.8756323229336
        },
        "20": {
            "dur_mean": 695.0815217391304,
            "dur_std": 369.39073879572857
        },
        "21": {
            "dur_mean": 777.4914285714286,
            "dur_std": 371.74730121493974
        },
        "22": {
            "dur_mean": 798.6931818181819,
            "dur_std": 373.50501570025364
        },
        "23": {
            "dur_mean": 830.7329545454545,
            "dur_std": 375.25315225754036
        },
        "31": {
            "dur_mean": 1334.7374301675977,
            "dur_std": 422.10158170339156
        },
        "24": {
            "dur_mean": 1027.1510791366907,
            "dur_std": 351.731697682515
        },
        "25": {
            "dur_mean": 1121.514705882353,
            "dur_std": 358.1417882946304
        },
        "26": {
            "dur_mean": 1162.4264705882354,
            "dur_std": 360.35050082144437
        },
        "27": {
            "dur_mean": 1183.9407407407407,
            "dur_std": 362.1831762776285
        },
        "28": {
            "dur_mean": 1209.6917293233082,
            "dur_std": 357.9852752272956
        },
        "29": {
            "dur_mean": 1303.5833333333333,
            "dur_std": 365.4701049096864
        },
        "30": {
            "dur_mean": 1332.7112676056338,
            "dur_std": 387.36135164930084
        },
        "1": {
            "dur_mean": 0.0,
            "dur_std": 0.0
        },
        "9": {
            "dur_mean": 479.57142857142856,
            "dur_std": 378.43682826819423
        },
        "10": {
            "dur_mean": 473.88775510204084,
            "dur_std": 185.0141194195708
        },
        "11": {
            "dur_mean": 614.7272727272727,
            "dur_std": 214.53941259062628
        },
        "12": {
            "dur_mean": 655.8021978021978,
            "dur_std": 208.6007467644149
        },
        "13": {
            "dur_mean": 691.1188118811881,
            "dur_std": 232.4408005118169
        },
        "2": {
            "dur_mean": 161.83505154639175,
            "dur_std": 165.22526796848518
        },
        "3": {
            "dur_mean": 183.86315789473684,
            "dur_std": 161.67485169553328
        },
        "4": {
            "dur_mean": 221.90625,
            "dur_std": 167.99242327056237
        },
        "5": {
            "dur_mean": 252.46875,
            "dur_std": 168.84336890646375
        },
        "6": {
            "dur_mean": 307.0,
            "dur_std": 170.36678697816413
        },
        "7": {
            "dur_mean": 368.8125,
            "dur_std": 169.9845387705971
        },
        "8": {
            "dur_mean": 435.9381443298969,
            "dur_std": 205.20831968356924
        }
    },
    "feature_eval": {
        "f_values": {
            "weather_main_Drizzle": 0.5705033582597941,
            "weather_main_Fog": 3.5553306510771265,
            "weather_main_Mist": 0.03444648068821935,
            "weather_main_Rain": 0.6059117162411422,
            "weather_main_Snow": 5.223401665178285,
            "weather_description_few clouds": 4.030767279817614,
            "weather_description_fog": 3.5553306510771265,
            "weather_description_light intensity drizzle": 10.656617880311638,
            "weather_description_light intensity drizzle rain": 8.665828199652472,
            "weather_description_light intensity shower rain": 1.0882688754367371,
            "weather_description_light rain": 0.5386774060993891,
            "weather_description_light shower snow": 5.223401665178285,
            "weather_description_mist": 0.03444648068821935,
            "weather_description_moderate rain": 6.542473938612384,
            "weather_description_overcast clouds": 0.823852282528977,
            "weather_description_proximity shower rain": 18.396731260533286,
            "weather_description_scattered clouds": 0.21339608370851268,
            "weekday_1": 8.565885823315195,
            "weekday_2": 22.883171589993548,
            "weekday_3": 19.293369102130747,
            "weekday_4": 21.80088707837719,
            "month_2": 76.70872323120655,
            "month_3": 34.499045366363795,
            "month_4": 59.734259196802746,
            "month_5": 33.14654742653975,
            "month_6": 0.14550971393031828,
            "month_7": 20.683838525199533,
            "month_8": 28.685654321317987,
            "month_9": 46.17831287234784,
            "month_10": 0.015786906125578856,
            "month_11": 230.9317673774828,
            "month_12": 19.633322190364247,
            "hour_11": 101.35783563590665,
            "hour_16": 125.89735315212405,
            "hour_17": 116.83520463139114,
            "holiday_1": 0.06579328954941675
        },
        "correlations": {
            "daystamp": 0.34196807966926207,
            "progr_number": 0.7099936293284256,
            "arr_p": 0.005929883529565884,
            "arr_a": 0.010054193328798316,
            "dep_p": 0.005929883529565884,
            "dep_a": 0.010113166972445969,
            "end_p": -0.022942583550244235,
            "start_p": -0.017598684160184494,
            "start_a": -0.036310365975800125,
            "temp": -0.10242986225060985,
            "feels_like": -0.06099077960412026,
            "temp_min": -0.08623841172565094,
            "temp_max": -0.1027778506125023,
            "pressure": -0.03551872587311205,
            "humidity": 0.12605325932969874,
            "wind_speed": -0.08810537094157901,
            "wind_deg": -0.0371411719731171,
            "clouds_all": 0.03200207945050726,
            "dt": 0.3421255686166223,
            "dur_s": 0.5844532557022383
        }
    },
    "modelling": {
        "XGBoost": {
            "time": 0.36048221588134766,
            "r_2": 0.9614343541008171,
            "mse": 9308.479807192007,
            "rmse": 96.48046334461712,
            "mae": 54.49173925427247
        },
        "Benchmark": {
            "r_2": 0.26586007561056435,
            "mse": 177197.2568460812,
            "rmse": 420.94804530497726,
            "mae": 318.3163361661945
        }
    },