{
    "rows": {
        "start": 5862,
        "route_filter": 0,
        "nan_filter": -549,
        "negative_dur": 0,
        "outliers": -19,
        "end": 5294
    },
    "scr": 0.75,
    "stats": {
        "1": {
            "dur_mean": 0.0,
            "dur_std": 0.0
        },
        "2": {
            "dur_mean": 109.52,
            "dur_std": 24.864693301405772
        },
        "3": {
            "dur_mean": 188.5,
            "dur_std": 31.5288227922748
        },
        "4": {
            "dur_mean": 324.80263157894734,
            "dur_std": 55.72552251571198
        },
        "5": {
            "dur_mean": 333.2631578947368,
            "dur_std": 55.76578841812188
        },
        "6": {
            "dur_mean": 348.5394736842105,
            "dur_std": 56.02652723831778
        },
        "7": {
            "dur_mean": 376.5263157894737,
            "dur_std": 59.02123317004043
        },
        "8": {
            "dur_mean": 430.63157894736844,
            "dur_std": 62.15418293357536
        },
        "9": {
            "dur_mean": 444.32894736842104,
            "dur_std": 62.91928970946716
        },
        "10": {
            "dur_mean": 493.7236842105263,
            "dur_std": 66.38184464328793
        },
        "11": {
            "dur_mean": 599.6184210526316,
            "dur_std": 76.25395589393172
        },
        "12": {
            "dur_mean": 655.6315789473684,
            "dur_std": 84.87101462105315
        },
        "13": {
            "dur_mean": 796.4342105263158,
            "dur_std": 98.66756785980093
        },
        "14": {
            "dur_mean": 887.2368421052631,
            "dur_std": 111.13485722863042
        },
        "15": {
            "dur_mean": 981.6842105263158,
            "dur_std": 126.70829602161712
        },
        "16": {
            "dur_mean": 1106.8026315789473,
            "dur_std": 136.68943092395912
        },
        "17": {
            "dur_mean": 1180.3815789473683,
            "dur_std": 144.0548013412732
        },
        "18": {
            "dur_mean": 1311.3552631578948,
            "dur_std": 149.58196896215964
        },
        "19": {
            "dur_mean": 1356.3815789473683,
            "dur_std": 153.07400973431234
        },
        "20": {
            "dur_mean": 1413.8947368421052,
            "dur_std": 159.55885676429818
        },
        "21": {
            "dur_mean": 1511.578947368421,
            "dur_std": 174.59669818625972
        },
        "22": {
            "dur_mean": 1576.8947368421052,
            "dur_std": 182.4294989996496
        },
        "23": {
            "dur_mean": 1627.1842105263158,
            "dur_std": 190.43022942984067
        },
        "24": {
            "dur_mean": 1687.8157894736842,
            "dur_std": 194.41122810690513
        },
        "25": {
            "dur_mean": 1805.9868421052631,
            "dur_std": 205.40902241924056
        },
        "26": {
            "dur_mean": 1892.0263157894738,
            "dur_std": 215.02818256741514
        },
        "27": {
            "dur_mean": 1966.8815789473683,
            "dur_std": 226.79170867297378
        },
        "28": {
            "dur_mean": 2118.2631578947367,
            "dur_std": 247.9560911893368
        },
        "29": {
            "dur_mean": 2217.4473684210525,
            "dur_std": 249.73614848405333
        },
        "30": {
            "dur_mean": 2284.842105263158,
            "dur_std": 261.0718957238448
        },
        "31": {
            "dur_mean": 2559.16,
            "dur_std": 335.9513333481181
        },
        "32": {
            "dur_mean": 2719.7638888888887,
            "dur_std": 333.91229737701053
        },
        "33": {
            "dur_mean": 3000.0694444444443,
            "dur_std": 354.9911455507099
        },
        "34": {
            "dur_mean": 3184.8333333333335,
            "dur_std": 382.43139861665037
        },
        "35": {
            "dur_mean": 3292.887323943662,
            "dur_std": 386.2596665196604
        },
        "36": {
            "dur_mean": 3390.3380281690143,
            "dur_std": 390.4163324914269
        },
        "37": {
            "dur_mean": 3454.281690140845,
            "dur_std": 393.39293998671144
        },
        "38": {
            "dur_mean": 3610.2428571428572,
            "dur_std": 393.2429066669764
        },
        "41": {
            "dur_mean": 3872.1830985915494,
            "dur_std": 431.9701150330774
        },
        "42": {
            "dur_mean": 3918.152777777778,
            "dur_std": 433.84285659386785
        },
        "43": {
            "dur_mean": 3995.2638888888887,
            "dur_std": 433.0386247306436
        },
        "44": {
            "dur_mean": 4123.138888888889,
            "dur_std": 446.7515396556161
        },
        "45": {
            "dur_mean": 4176.333333333333,
            "dur_std": 448.20279615244846
        },
        "46": {
            "dur_mean": 4218.708333333333,
            "dur_std": 449.29746216403476
        },
        "47": {
            "dur_mean": 4272.0,
            "dur_std": 452.11490673156186
        },
        "48": {
            "dur_mean": 4342.835616438356,
            "dur_std": 454.1879204109068
        },
        "49": {
            "dur_mean": 4375.890410958904,
            "dur_std": 453.51036866879514
        },
        "50": {
            "dur_mean": 4429.835616438356,
            "dur_std": 455.91102365662164
        },
        "51": {
            "dur_mean": 4467.58904109589,
            "dur_std": 457.66253444409233
        },
        "52": {
            "dur_mean": 4545.945205479452,
            "dur_std": 464.5005947374185
        },
        "53": {
            "dur_mean": 4604.698630136986,
            "dur_std": 463.15757112730205
        },
        "54": {
            "dur_mean": 4678.6164383561645,
            "dur_std": 463.269019221523
        },
        "55": {
            "dur_mean": 4707.369863013699,
            "dur_std": 465.1520213521989
        },
        "56": {
            "dur_mean": 4751.767123287671,
            "dur_std": 468.7946281140112
        },
        "57": {
            "dur_mean": 4777.493150684932,
            "dur_std": 470.8415964846491
        },
        "58": {
            "dur_mean": 4883.109589041096,
            "dur_std": 486.23369900250856
        },
        "59": {
            "dur_mean": 5006.835616438356,
            "dur_std": 506.4781451273378
        },
        "60": {
            "dur_mean": 5054.86301369863,
            "dur_std": 505.5390499003265
        },
        "61": {
            "dur_mean": 5085.534246575343,
            "dur_std": 507.9496115154145
        },
        "62": {
            "dur_mean": 5113.054794520548,
            "dur_std": 510.6073695558544
        },
        "63": {
            "dur_mean": 5133.753424657534,
            "dur_std": 511.6848742911858
        },
        "64": {
            "dur_mean": 5166.424657534247,
            "dur_std": 513.3351709330806
        },
        "65": {
            "dur_mean": 5189.780821917808,
            "dur_std": 514.4453930252176
        },
        "66": {
            "dur_mean": 5243.7945205479455,
            "dur_std": 511.8798404710521
        },
        "67": {
            "dur_mean": 5268.397260273972,
            "dur_std": 513.5868621687958
        },
        "68": {
            "dur_mean": 5302.273972602739,
            "dur_std": 516.35585436881
        },
        "69": {
            "dur_mean": 5337.739726027397,
            "dur_std": 515.0695483620866
        },
        "70": {
            "dur_mean": 5466.260273972603,
            "dur_std": 550.2612770159801
        },
        "71": {
            "dur_mean": 5583.780821917808,
            "dur_std": 592.1089250058111
        },
        "72": {
            "dur_mean": 5635.094594594595,
            "dur_std": 609.5632428991015
        },
        "73": {
            "dur_mean": 5766.027397260274,