{
    "rows": {
        "start": 581701,
        "route_filter": -72913,
        "nan_filter": -26186,
        "negative_dur": -1,
        "outliers": -4677,
        "end": 477924
    },
    "scr": 0.6084983498349835,
    "stats": {
        "1": {
            "dur_mean": 0.0,
            "dur_std": 0.0
        },
        "2": {
            "dur_mean": 22.52432283029298,
            "dur_std": 18.812914145787968
        },
        "3": {
            "dur_mean": 146.5731050669612,
            "dur_std": 69.01840670487806
        },
        "4": {
            "dur_mean": 194.7605088495575,
            "dur_std": 73.49971913328291
        },
        "5": {
            "dur_mean": 246.69168048645662,
            "dur_std": 81.73988539949791
        },
        "6": {
            "dur_mean": 297.5261555494049,
            "dur_std": 88.95675054790212
        },
        "7": {
            "dur_mean": 320.40227021040977,
            "dur_std": 93.00034835099052
        },
        "8": {
            "dur_mean": 369.8225851093274,
            "dur_std": 102.63164391526043
        },
        "9": {
            "dur_mean": 411.8055825579781,
            "dur_std": 106.27155455586225
        },
        "10": {
            "dur_mean": 464.7934165720772,
            "dur_std": 114.09073737652746
        },
        "11": {
            "dur_mean": 482.01473245309245,
            "dur_std": 116.58933918437151
        },
        "12": {
            "dur_mean": 531.9231090100111,
            "dur_std": 118.42062829764231
        },
        "13": {
            "dur_mean": 551.7779013203614,
            "dur_std": 120.67569304617817
        },
        "14": {
            "dur_mean": 591.2605614230127,
            "dur_std": 123.51101913649272
        },
        "15": {
            "dur_mean": 624.3934607924633,
            "dur_std": 129.79858015689302
        },
        "16": {
            "dur_mean": 697.2301939058171,
            "dur_std": 138.53888242855527
        },
        "17": {
            "dur_mean": 849.9173233789576,
            "dur_std": 178.6028552103658
        },
        "18": {
            "dur_mean": 890.1568979817529,
            "dur_std": 182.3961846166127
        },
        "19": {
            "dur_mean": 924.712785072564,
            "dur_std": 189.8220618004351
        },
        "20": {
            "dur_mean": 993.7845196959227,
            "dur_std": 198.57448608226946
        },
        "21": {
            "dur_mean": 1073.8624740843125,
            "dur_std": 209.37599938457737
        },
        "22": {
            "dur_mean": 1103.3666021564832,
            "dur_std": 214.01050641874644
        },
        "23": {
            "dur_mean": 1126.074934328771,
            "dur_std": 223.17198892492559
        },
        "24": {
            "dur_mean": 1197.4735241255357,
            "dur_std": 265.7886820461957
        },
        "25": {
            "dur_mean": 1411.3005116857973,
            "dur_std": 335.5298821214269
        },
        "26": {
            "dur_mean": 1465.6282990189304,
            "dur_std": 347.4652541426604
        },
        "27": {
            "dur_mean": 1542.9169086133002,
            "dur_std": 363.8356848457995
        },
        "28": {
            "dur_mean": 1575.852225601327,
            "dur_std": 368.74246580406526
        },
        "29": {
            "dur_mean": 1620.3337480989908,
            "dur_std": 376.76234233430114
        },
        "30": {
            "dur_mean": 1647.7022953539822,
            "dur_std": 383.22112031566655
        },
        "31": {
            "dur_mean": 1721.5262721238937,
            "dur_std": 401.5620166850059
        },
        "32": {
            "dur_mean": 1806.8243915929204,
            "dur_std": 425.6975732445687
        },
        "33": {
            "dur_mean": 1824.256739941933,
            "dur_std": 428.77466424484015
        },
        "34": {
            "dur_mean": 1846.4361952163695,
            "dur_std": 434.11790376582593
        },
        "35": {
            "dur_mean": 1892.5179706939452,
            "dur_std": 446.70647643689824
        },
        "36": {
            "dur_mean": 1980.5531444367657,
            "dur_std": 463.3517269040746
        },
        "37": {
            "dur_mean": 2031.4126918291165,
            "dur_std": 469.4072202560342
        },
        "38": {
            "dur_mean": 2062.773016311861,
            "dur_std": 475.33820558702536
        },
        "39": {
            "dur_mean": 2086.5707175445873,
            "dur_std": 480.49240565415084
        },
        "40": {
            "dur_mean": 2183.132070253077,
            "dur_std": 503.6596911520833
        },
        "41": {
            "dur_mean": 2257.982575024201,
            "dur_std": 523.3756651137476
        },
        "42": {
            "dur_mean": 2369.305779383162,
            "dur_std": 574.4170272670685
        },
        "43": {
            "dur_mean": 2411.4430488644184,
            "dur_std": 619.1219906138069
        },
        "44": {
            "dur_mean": 2443.065412805974,
            "dur_std": 600.6507110071843
        },
        "45": {
            "dur_mean": 2480.7047026279392,
            "dur_std": 608.4078326421533
        },
        "46": {
            "dur_mean": 2539.8358229598894,
            "dur_std": 617.0793974241817
        },
        "47": {
            "dur_mean": 2672.8935960591134,
            "dur_std": 634.3304939962642
        },
        "48": {
            "dur_mean": 2693.400746991285,
            "dur_std": 641.0900147664129
        },
        "49": {
            "dur_mean": 2724.574491630931,
            "dur_std": 646.6249648785928
        },
        "50": {
            "dur_mean": 2756.731386659286,
            "dur_std": 652.4076412245921
        },
        "51": {
            "dur_mean": 2778.102102933038,
            "dur_std": 655.7689937070206
        },
        "52": {
            "dur_mean": 2808.3073197730732,
            "dur_std": 662.3068718750446
        },
        "53": {
            "dur_mean": 2855.0373754152824,
            "dur_std": 673.7906945252993
        },
        "54": {
            "dur_mean": 2977.913401476434,
            "dur_std": 704.2759512645521
        },
        "55": {
            "dur_mean": 3068.8902022215893,
            "dur_std": 727.533131767081
        },
        "58": {
            "dur_mean": 3336.903368794326,
            "dur_std": 758.439773888934
        },
        "59": {
            "dur_mean": 3445.7060469454377,
            "dur_std": 783.5900081423358
        },
        "60": {
            "dur_mean": 3487.9610295186853,
            "dur_std": 779.128307756206
        },
        "61": {
            "dur_mean": 3522.584346064815,
            "dur_std": 786.2568747398726
        },
        "62": {
            "dur_mean": 3551.3519561137578,
            "dur_std": 790.9593028833043
        },
        "63": {
            "dur_mean": 3576.9259899208064,
            "dur_std": 799.3215132964291
        },
        "64": {
            "dur_mean": 3603.1632594298876,
            "dur_std": 803.6279899758882
        },
        "65": {
            "dur_mean": 3674.972486315183,
            "dur_std": 818.044591872957
        },
        "66": {
            "dur_mean": 3720.8685540950455,
            "dur_std": 824.6125316007968
        },
        "67": {
            "dur_mean": 3815.058874584117,
            "dur_std": 839.4799261724346
        },
        "68": {
            "dur_mean": 3883.668102416846,
            "dur_std": 850.913579194475
        },
        "69": {
            "dur_mean": 3962.296003828667,
            "dur_std": 870.6017282764533
        },
        "56": {
            "dur_mean": 3260.758593596543,
            "dur_std": 762.8321702078599
        },
        "57": {
            "dur_mean": 3349.4717789022966,
            "dur_std": 781.6629000498708
        }
    },