{
    "rows": {
        "start": 101603,
        "route_filter": -61375,
        "nan_filter": -349,
        "negative_dur": -15,
        "outliers": -589,
        "end": 39275
    },
    "scr": 0.667639902676399,
    "stats": {
        "1": {
            "dur_mean": 0.0,
            "dur_std": 0.0
        },
        "2": {
            "dur_mean": 98.97465886939571,
            "dur_std": 41.30590523219178
        },
        "3": {
            "dur_mean": 282.8966357874208,
            "dur_std": 70.86731706295183
        },
        "4": {
            "dur_mean": 369.33642125792295,
            "dur_std": 109.56883095455264
        },
        "5": {
            "dur_mean": 419.20819112627987,
            "dur_std": 105.71452608584899
        },
        "6": {
            "dur_mean": 485.851199216838,
            "dur_std": 118.77233335956555
        },
        "7": {
            "dur_mean": 526.8017621145375,
            "dur_std": 120.9968809824092
        },
        "8": {
            "dur_mean": 577.2121509064184,
            "dur_std": 122.87373388863088
        },
        "9": {
            "dur_mean": 626.4423737126042,
            "dur_std": 125.48888299019637
        },
        "10": {
            "dur_mean": 687.3831041257367,
            "dur_std": 127.8925131825486
        },
        "11": {
            "dur_mean": 709.9124378109452,
            "dur_std": 127.78611615842512
        },
        "12": {
            "dur_mean": 915.9219440353461,
            "dur_std": 137.6223452643563
        },
        "13": {
            "dur_mean": 1032.719960765081,
            "dur_std": 141.87795398194353
        },
        "14": {
            "dur_mean": 1145.0830483634588,
            "dur_std": 167.54849005857443
        },
        "15": {
            "dur_mean": 1414.7696793002915,
            "dur_std": 160.1439934176738
        },
        "16": {
            "dur_mean": 1438.477008590197,
            "dur_std": 162.54692050907096
        },
        "17": {
            "dur_mean": 1490.9709923664122,
            "dur_std": 163.71073066015407
        },
        "18": {
            "dur_mean": 1506.3194514982224,
            "dur_std": 165.36396182491123
        },
        "19": {
            "dur_mean": 1543.3768844221106,
            "dur_std": 169.56022930164445
        },
        "20": {
            "dur_mean": 1632.414744232698,
            "dur_std": 246.7975945743123
        }
    },
    "feature_eval": {
        "f_values": {
            "weather_main_Clouds": 0.4910288708282269,
            "weather_main_Drizzle": 1.1571627949404657,
            "weather_main_Fog": 0.04507632734632024,
            "weather_main_Mist": 2.0931543757113444,
            "weather_main_Rain": 0.21995085215947854,
            "weather_main_Smoke": 2.7488095150100564,
            "weather_main_Snow": 1.7013814478395848,
            "weather_description_broken clouds": 0.8419334749982319,
            "weather_description_few clouds": 0.4445552097026197,
            "weather_description_fog": 0.04507632734632024,
            "weather_description_light intensity drizzle": 0.47155815178497046,
            "weather_description_light intensity drizzle rain": 0.7007603846642171,
            "weather_description_light intensity shower rain": 1.3504102688745758,
            "weather_description_light rain": 0.021777587195757526,
            "weather_description_light shower snow": 1.0016943282145712,
            "weather_description_mist": 2.0931543757113444,
            "weather_description_moderate rain": 6.5948656639942485,
            "weather_description_overcast clouds": 0.9301547346533819,
            "weather_description_proximity shower rain": 2.8853321138003287,
            "weather_description_scattered clouds": 0.583240065499505,
            "weather_description_sky is clear": 3.603169066973458,
            "weather_description_smoke": 2.7488095150100564,
            "weekday_1": 0.7023669930553476,
            "weekday_2": 0.003653422585285353,
            "weekday_3": 0.8747133268971622,
            "weekday_4": 3.8414554498044007,
            "weekday_5": 0.24401494150338135,
            "weekday_6": 1.8672338904107795,
            "month_2": 3.3618674240191333,
            "month_3": 6.690179750808175,
            "month_4": 0.17378758653843002,
            "month_5": 0.4111531813940209,
            "month_6": 0.8195930367812301,
            "month_7": 0.41243393742837736,
            "month_8": 0.02006831744517542,
            "month_9": 5.237562961474001,
            "month_10": 2.0614999353297527,
            "hour_10": 63.11157222311113,
            "hour_11": 7.404784480877532,
            "hour_12": 1.1238692519835707,
            "hour_13": 21.616632922159972,
            "hour_14": 136.82248493546794,
            "hour_15": 7.362841956565621,
            "hour_16": 7.9299046709125935,
            "hour_17": 6.481280298630762,
            "hour_18": 1619.4698567753458,
            "holiday_1": 8.210495218926946
        },
        "correlations": {
            "daystamp": 0.023546744089042823,
            "progr_number": 0.9651977416580095,
            "arr_p": 0.10737758633421483,
            "arr_a": 0.11291677921350085,
            "dep_p": 0.10737758633421483,
            "dep_a": 0.11260369366851669,
            "end_p": 0.056775742372505114,
            "start_p": 0.05654864272285677,
            "start_a": 0.05652306424644886,
            "temp": 0.03552825031684485,
            "feels_like": 0.030550823112726586,
            "temp_min": 0.034049102984888654,
            "temp_max": 0.03605669675885569,
            "pressure": 0.018478844782225334,
            "humidity": -0.029035490397222898,
            "wind_speed": -0.0016719556470956994,
            "wind_deg": -0.0023605985636063805,
            "clouds_all": -0.006751976057671977,
            "dt": 0.023680964662685197,
            "dur_s": 0.9732238133483115
        }
    },
    "modelling": {
        "XGBoost": {
            "time": 4.2078282833099365,
            "r_2": 0.9792450234212421,
            "mse": 5524.299434328941,
            "rmse": 74.32563107252398,
            "mae": 52.94181879149312
        },
        "Benchmark": {
            "r_2": 0.9273261614488693,
            "mse": 19343.41114166412,
            "rmse": 139.08059225378688,
            "mae": 100.59945004582951
        }
    },
    "features": [
        "weather_description_broken clouds",
        "weather_description_few clouds",
        "weather_description_fog",
        "weather_description_light intensity drizzle",
        "weather_description_light intensity drizzle rain",
        "weather_description_light intensity shower rain",
        "weather_description_light rain",
        "weather_description_light shower snow",
        "weather_description_mist",
        "weather_description_moderate rain",
        "weather_description_overcast clouds",
        "weather_description_proximity shower rain",
        "weather_description_scattered clouds",
        "weather_description_sky is clear",
        "weather_description_smoke",
        "weekday_1",
        "weekday_2",
        "weekday_3",
        "weekday_4",
        "weekday_5",
        "weekday_6",
        "month_2",
        "month_3",
        "month_4",
        "month_5",
        "month_6",
        "month_7",
        "month_8",
        "month_9",
        "month_10",
        "hour_10",
        "hour_11",
        "hour_12",
        "hour_13",
        "hour_14",
        "hour_15",
        "hour_16",
        "hour_17",
        "hour_18",
        "holiday_1",
        "progr_number",
        "dur_s",
        "humidity"
    ]
}