{
    "rows": {
        "start": 826561,
        "route_filter": 0,
        "nan_filter": -23010,
        "negative_dur": -123,
        "outliers": -6678,
        "end": 796750
    },
    "scr": 0.6355625491738789,
    "stats": {
        "1": {
            "dur_mean": 0.0,
            "dur_std": 0.0
        },
        "2": {
            "dur_mean": 73.9769399091062,
            "dur_std": 82.68943771301811
        },
        "3": {
            "dur_mean": 141.62016487000633,
            "dur_std": 104.4977409803703
        },
        "4": {
            "dur_mean": 242.3544684556321,
            "dur_std": 116.33794646367822
        },
        "5": {
            "dur_mean": 276.1560423916482,
            "dur_std": 118.25097453549289
        },
        "6": {
            "dur_mean": 349.03138091850445,
            "dur_std": 124.40113255898648
        },
        "7": {
            "dur_mean": 387.42652754722945,
            "dur_std": 127.37300998452613
        },
        "8": {
            "dur_mean": 439.588286436927,
            "dur_std": 133.33692520971627
        },
        "9": {
            "dur_mean": 462.49683994311897,
            "dur_std": 136.16997705438362
        },
        "10": {
            "dur_mean": 499.1438388625592,
            "dur_std": 139.35428008477894
        },
        "11": {
            "dur_mean": 543.3738546603475,
            "dur_std": 145.08847282111643
        },
        "12": {
            "dur_mean": 599.6450797662296,
            "dur_std": 150.78119695041755
        },
        "13": {
            "dur_mean": 672.9294461562772,
            "dur_std": 160.84834407304666
        },
        "14": {
            "dur_mean": 782.5271391324959,
            "dur_std": 181.83189341444577
        },
        "15": {
            "dur_mean": 888.1788252013264,
            "dur_std": 200.1330765242515
        },
        "16": {
            "dur_mean": 903.1882445759369,
            "dur_std": 203.47161092704349
        },
        "17": {
            "dur_mean": 952.2689791091841,
            "dur_std": 214.98008426883604
        },
        "18": {
            "dur_mean": 1016.2817723115736,
            "dur_std": 234.52701044221314
        },
        "19": {
            "dur_mean": 1129.259285545304,
            "dur_std": 270.4196790125485
        },
        "20": {
            "dur_mean": 1202.331493455291,
            "dur_std": 289.6953219778715
        },
        "21": {
            "dur_mean": 1287.663880126183,
            "dur_std": 312.4313063651375
        },
        "22": {
            "dur_mean": 1343.990930599369,
            "dur_std": 324.7252668516223
        },
        "23": {
            "dur_mean": 1378.4020179725683,
            "dur_std": 331.3555155819945
        },
        "24": {
            "dur_mean": 1404.4542803090021,
            "dur_std": 336.89303902924473
        },
        "25": {
            "dur_mean": 1473.2202146125926,
            "dur_std": 348.527518205071
        },
        "26": {
            "dur_mean": 1559.3788177728673,
            "dur_std": 358.62249034612876
        },
        "27": {
            "dur_mean": 1679.6827940015785,
            "dur_std": 384.5614334597182
        },
        "28": {
            "dur_mean": 1713.4180728591705,
            "dur_std": 389.3386828937666
        },
        "29": {
            "dur_mean": 1786.5395649432535,
            "dur_std": 400.49818016814345
        },
        "30": {
            "dur_mean": 1814.999132765689,
            "dur_std": 403.23188696204437
        },
        "31": {
            "dur_mean": 1858.6781971475848,
            "dur_std": 407.3876455606977
        },
        "32": {
            "dur_mean": 1889.3219604444093,
            "dur_std": 411.5492008470658
        },
        "33": {
            "dur_mean": 1940.7986439608956,
            "dur_std": 415.3827865925077
        },
        "34": {
            "dur_mean": 2018.0159356263805,
            "dur_std": 422.0831622798499
        },
        "35": {
            "dur_mean": 2066.2212759246117,
            "dur_std": 428.131124801316
        },
        "36": {
            "dur_mean": 2126.4616172761666,
            "dur_std": 436.0971039921255
        },
        "37": {
            "dur_mean": 2178.2276057669583,
            "dur_std": 447.38305525410925
        },
        "38": {
            "dur_mean": 2245.192610682212,
            "dur_std": 457.0765945874876
        },
        "39": {
            "dur_mean": 2285.02268788404,
            "dur_std": 463.99350162201455
        },
        "40": {
            "dur_mean": 2306.166364710516,
            "dur_std": 468.55887243772054
        },
        "41": {
            "dur_mean": 2332.9742458848546,
            "dur_std": 475.6711199776393
        },
        "42": {
            "dur_mean": 2393.461368827282,
            "dur_std": 491.4031694334323
        },
        "43": {
            "dur_mean": 2459.777331442974,
            "dur_std": 502.40395330594197
        },
        "44": {
            "dur_mean": 2493.8228715444593,
            "dur_std": 505.95706478417475
        },
        "45": {
            "dur_mean": 2564.0233107575996,
            "dur_std": 519.6536340996165
        },
        "46": {
            "dur_mean": 2663.472705789681,
            "dur_std": 547.8246153873009
        },
        "47": {
            "dur_mean": 2756.365707528577,
            "dur_std": 569.3009586836184
        },
        "48": {
            "dur_mean": 2814.0391894023023,
            "dur_std": 593.6150370409738
        },
        "49": {
            "dur_mean": 2870.2676234032488,
            "dur_std": 618.5111893029675
        },
        "50": {
            "dur_mean": 2984.6990536277603,
            "dur_std": 644.2024327172676
        },
        "51": {
            "dur_mean": 3045.450998973387,
            "dur_std": 667.2421859280997
        },
        "52": {
            "dur_mean": 3182.5853754940713,
            "dur_std": 710.1824274556343
        },
        "53": {
            "dur_mean": 3217.7456307594534,
            "dur_std": 717.0327477526956
        },
        "54": {
            "dur_mean": 3260.200158541419,
            "dur_std": 729.7993940184699
        },
        "55": {
            "dur_mean": 3330.4639003490956,
            "dur_std": 740.5369417110622
        },
        "56": {
            "dur_mean": 3375.1737267967633,
            "dur_std": 750.7244786228272
        },
        "57": {
            "dur_mean": 3443.970716609793,
            "dur_std": 764.4558709218337
        },
        "58": {
            "dur_mean": 3491.9509796145,
            "dur_std": 772.9630418135337
        },
        "59": {
            "dur_mean": 3558.7954924212363,
            "dur_std": 789.1533417683313
        },
        "60": {
            "dur_mean": 3607.611896207585,
            "dur_std": 793.1797665104388
        },
        "61": {
            "dur_mean": 3677.6294868706336,
            "dur_std": 806.6828048515372
        },
        "62": {
            "dur_mean": 3795.5242538881885,
            "dur_std": 810.2380999478438
        },
        "63": {
            "dur_mean": 3829.980387205387,
            "dur_std": 818.0427182707222
        },
        "64": {
            "dur_mean": 3964.854525194998,
            "dur_std": 872.3068059480033
        }
    },
    "feature_eval": {
        "f_values": {
            "weather_main_Clouds": 41.0233931227053,
            "weather_main_Drizzle": 16.32356646937394,
            "weather_main_Fog": 55.10790828222573,
            "weather_main_Mist": 8.637543909280872,
            "weather_main_Rain": 12.745508553050685,
            "weather_main_Smoke": 3.1729046613456022,
            "weather_main_Snow": 24.520392058831558,
            "weather_description_broken clouds": 26.38128233632604,
            "weather_description_drizzle": 1.1034321138734389,
            "weather_description_few clouds": 16.242956192519827,