{
    "rows": {
        "start": 234500,
        "route_filter": -17513,
        "nan_filter": -15084,
        "negative_dur": 0,
        "outliers": -2017,
        "end": 199886
    },
    "scr": 0.6232272901494825,
    "stats": {
        "1": {
            "dur_mean": 0.0,
            "dur_std": 0.0
        },
        "2": {
            "dur_mean": 49.33879781420765,
            "dur_std": 56.973342045430016
        },
        "3": {
            "dur_mean": 130.5097125097125,
            "dur_std": 60.55023403984759
        },
        "4": {
            "dur_mean": 153.41101202016284,
            "dur_std": 62.48910014266708
        },
        "5": {
            "dur_mean": 350.30843373493974,
            "dur_std": 85.89020789081458
        },
        "6": {
            "dur_mean": 395.47783825816487,
            "dur_std": 91.30041056630752
        },
        "7": {
            "dur_mean": 421.94910644910647,
            "dur_std": 95.07091945070287
        },
        "8": {
            "dur_mean": 485.1485225505443,
            "dur_std": 107.20838580505534
        },
        "9": {
            "dur_mean": 515.362223085892,
            "dur_std": 109.33187880579601
        },
        "10": {
            "dur_mean": 562.110031104199,
            "dur_std": 112.30267947328605
        },
        "11": {
            "dur_mean": 593.0933488914819,
            "dur_std": 114.2233078020406
        },
        "12": {
            "dur_mean": 620.9066874027994,
            "dur_std": 116.18373170050106
        },
        "13": {
            "dur_mean": 653.9774582199767,
            "dur_std": 121.17258666532915
        },
        "14": {
            "dur_mean": 700.412427184466,
            "dur_std": 125.53179805984445
        },
        "15": {
            "dur_mean": 745.2429181218471,
            "dur_std": 129.13596332462694
        },
        "16": {
            "dur_mean": 804.3030655801319,
            "dur_std": 136.07928119621323
        },
        "17": {
            "dur_mean": 824.8308110205666,
            "dur_std": 139.5181874339208
        },
        "18": {
            "dur_mean": 860.3544254658385,
            "dur_std": 145.49819791303818
        },
        "19": {
            "dur_mean": 919.0062111801242,
            "dur_std": 158.11421937692148
        },
        "20": {
            "dur_mean": 958.1728971962617,
            "dur_std": 165.91606294444767
        },
        "21": {
            "dur_mean": 1079.5972222222222,
            "dur_std": 190.52606639531245
        },
        "22": {
            "dur_mean": 1141.9555984555984,
            "dur_std": 208.32808295631008
        },
        "23": {
            "dur_mean": 1202.0516975308642,
            "dur_std": 225.3389856661089
        },
        "24": {
            "dur_mean": 1450.5617021276596,
            "dur_std": 300.4185820842278
        },
        "25": {
            "dur_mean": 1502.8743253662299,
            "dur_std": 308.16245573494655
        },
        "26": {
            "dur_mean": 1552.896259159275,
            "dur_std": 313.3203350668481
        },
        "27": {
            "dur_mean": 1705.8239164086688,
            "dur_std": 325.29863874258103
        },
        "28": {
            "dur_mean": 1784.0980650835531,
            "dur_std": 332.5104453611963
        },
        "29": {
            "dur_mean": 1855.8461538461538,
            "dur_std": 340.49073688313615
        },
        "31": {
            "dur_mean": 1992.035675082327,
            "dur_std": 364.35599469991087
        },
        "32": {
            "dur_mean": 2006.5287934186472,
            "dur_std": 361.13206598650714
        },
        "33": {
            "dur_mean": 2040.560794044665,
            "dur_std": 362.4374224806666
        },
        "34": {
            "dur_mean": 2059.0373651771956,
            "dur_std": 376.89097352560486
        },
        "35": {
            "dur_mean": 2108.3916056988833,
            "dur_std": 382.6886720277774
        },
        "36": {
            "dur_mean": 2164.919984538075,
            "dur_std": 390.1961424180499
        },
        "37": {
            "dur_mean": 2259.104895104895,
            "dur_std": 395.40870327628227
        },
        "38": {
            "dur_mean": 2327.9041682898323,
            "dur_std": 401.8578990331711
        },
        "39": {
            "dur_mean": 2396.6960249415433,
            "dur_std": 405.2440002836182
        },
        "40": {
            "dur_mean": 2440.9772024729523,
            "dur_std": 410.1612605146421
        },
        "41": {
            "dur_mean": 2478.7472190257,
            "dur_std": 413.02358171780344
        },
        "42": {
            "dur_mean": 2503.0076716532412,
            "dur_std": 413.81301916426156
        },
        "43": {
            "dur_mean": 2542.334228702993,
            "dur_std": 417.4080849259336
        },
        "44": {
            "dur_mean": 2562.6137322593017,
            "dur_std": 418.08138596571723
        },
        "45": {
            "dur_mean": 2673.3139133767727,
            "dur_std": 425.445407123029
        },
        "46": {
            "dur_mean": 2731.853967037179,
            "dur_std": 429.8294431693535
        },
        "47": {
            "dur_mean": 2749.5478294275836,
            "dur_std": 432.53635391913457
        },
        "48": {
            "dur_mean": 2817.1299846625766,
            "dur_std": 443.59523641353064
        },
        "49": {
            "dur_mean": 2845.8133640552996,
            "dur_std": 445.27026385508924
        },
        "50": {
            "dur_mean": 2894.6117103235747,
            "dur_std": 450.1117174978942
        },
        "51": {
            "dur_mean": 2909.2734678044994,
            "dur_std": 452.4091327134253
        },
        "52": {
            "dur_mean": 2967.5840319361278,
            "dur_std": 454.06199901136523
        },
        "53": {
            "dur_mean": 2989.79728651237,
            "dur_std": 456.9729784162452
        },
        "54": {
            "dur_mean": 3029.9066241021546,
            "dur_std": 459.81008148793353
        },
        "55": {
            "dur_mean": 3095.966094934184,
            "dur_std": 466.0228253960652
        },
        "56": {
            "dur_mean": 3124.161404893449,
            "dur_std": 469.01944693687676
        },
        "57": {
            "dur_mean": 3170.0252035672743,
            "dur_std": 472.9342592386237
        },
        "58": {
            "dur_mean": 3209.6952491309385,
            "dur_std": 475.16189161431083
        },
        "59": {
            "dur_mean": 3246.2247104247103,
            "dur_std": 477.43233722027304
        },
        "60": {
            "dur_mean": 3287.435303205871,
            "dur_std": 480.3206845163158
        },
        "61": {
            "dur_mean": 3318.4945945945947,
            "dur_std": 482.0076814257103
        },
        "62": {
            "dur_mean": 3344.5003855050118,
            "dur_std": 483.0601029418891
        },
        "63": {
            "dur_mean": 3428.9649055148475,
            "dur_std": 488.75613009890725
        },
        "64": {
            "dur_mean": 3475.6176697530864,
            "dur_std": 493.2904892625476
        },
        "65": {
            "dur_mean": 3536.141367323291,
            "dur_std": 500.77752306976146
        },
        "66": {
            "dur_mean": 3683.579150579151,
            "dur_std": 533.7682554362381
        },
        "67": {
            "dur_mean": 3741.075318655852,
            "dur_std": 545.2892566171602
        },
        "68": {
            "dur_mean": 3765.7644787644786,
            "dur_std": 547.8873129212961
        },
        "69": {
            "dur_mean": 3779.5106136626787,
            "dur_std": 549.3516295763532
        },
        "70": {
            "dur_mean": 3801.188064389478,
            "dur_std": 549.9939044571017
        },
        "71": {
            "dur_mean": 3846.1835443037976,