{
    "rows": {
        "start": 228438,
        "route_filter": -20354,
        "nan_filter": -56693,
        "negative_dur": 0,
        "outliers": -1106,
        "end": 150285
    },
    "scr": 0.0016233766233766235,
    "stats": {
        "1": {
            "dur_mean": 0.0,
            "dur_std": 0.0
        },
        "2": {
            "dur_mean": 26.79662860250136,
            "dur_std": 48.54167039225991
        },
        "3": {
            "dur_mean": 179.34282584884994,
            "dur_std": 73.24992455377337
        },
        "4": {
            "dur_mean": 213.53699673558216,
            "dur_std": 76.04385529590508
        },
        "5": {
            "dur_mean": 290.32082653616095,
            "dur_std": 81.27962827114403
        },
        "6": {
            "dur_mean": 340.25122349102776,
            "dur_std": 84.16542190970017
        },
        "7": {
            "dur_mean": 378.6454594888526,
            "dur_std": 87.5737054396603
        },
        "8": {
            "dur_mean": 406.2642740619902,
            "dur_std": 89.63189005179919
        },
        "9": {
            "dur_mean": 460.9331884845193,
            "dur_std": 92.34053464293596
        },
        "10": {
            "dur_mean": 528.1216730038022,
            "dur_std": 111.27089629165104
        },
        "11": {
            "dur_mean": 587.6804347826087,
            "dur_std": 118.3734748655342
        },
        "12": {
            "dur_mean": 611.4440217391304,
            "dur_std": 120.69705161132453
        },
        "13": {
            "dur_mean": 646.0700706137968,
            "dur_std": 122.05375677938964
        },
        "14": {
            "dur_mean": 670.1025501899078,
            "dur_std": 124.21788241483377
        },
        "15": {
            "dur_mean": 801.4368563685637,
            "dur_std": 163.92720974332997
        },
        "16": {
            "dur_mean": 923.2399565689468,
            "dur_std": 196.53646270562356
        },
        "17": {
            "dur_mean": 954.3061889250814,
            "dur_std": 204.33079562557654
        },
        "18": {
            "dur_mean": 1039.150543478261,
            "dur_std": 213.8215109694677
        },
        "19": {
            "dur_mean": 1068.9533116178068,
            "dur_std": 215.59502440698617
        },
        "20": {
            "dur_mean": 1152.6107491856678,
            "dur_std": 227.87535533802782
        },
        "21": {
            "dur_mean": 1195.4961956521738,
            "dur_std": 229.2746654095877
        },
        "22": {
            "dur_mean": 1228.110386079391,
            "dur_std": 230.74974619888957
        },
        "23": {
            "dur_mean": 1298.1887615930168,
            "dur_std": 236.75240494908414
        },
        "24": {
            "dur_mean": 1330.4285714285713,
            "dur_std": 239.18373093263918
        },
        "25": {
            "dur_mean": 1361.5525885558584,
            "dur_std": 242.2300627761618
        },
        "26": {
            "dur_mean": 1389.7487738419618,
            "dur_std": 244.67863460828326
        },
        "27": {
            "dur_mean": 1426.4006532389767,
            "dur_std": 247.57158151417391
        },
        "28": {
            "dur_mean": 1486.8038147138964,
            "dur_std": 251.96090660799436
        },
        "29": {
            "dur_mean": 1504.649945474373,
            "dur_std": 253.6217884985382
        },
        "30": {
            "dur_mean": 1560.233629300777,
            "dur_std": 253.96523198506165
        },
        "31": {
            "dur_mean": 1583.2495840266222,
            "dur_std": 256.5720921108916
        },
        "32": {
            "dur_mean": 1622.9478357380688,
            "dur_std": 258.73829934791246
        },
        "33": {
            "dur_mean": 1681.5551246537395,
            "dur_std": 264.02738066568884
        },
        "34": {
            "dur_mean": 1705.4756906077348,
            "dur_std": 267.85436113407667
        },
        "35": {
            "dur_mean": 1722.530701754386,
            "dur_std": 272.3731712589706
        },
        "36": {
            "dur_mean": 1750.5594785442695,
            "dur_std": 282.8207045887478
        },
        "37": {
            "dur_mean": 1805.3663956639566,
            "dur_std": 287.5408943060722
        },
        "38": {
            "dur_mean": 1831.4945828819068,
            "dur_std": 290.6611950758864
        },
        "39": {
            "dur_mean": 1856.1435536294691,
            "dur_std": 293.05134538899927
        },
        "40": {
            "dur_mean": 1926.955579631636,
            "dur_std": 306.0376443514404
        },
        "41": {
            "dur_mean": 2013.267857142857,
            "dur_std": 311.64740708113965
        },
        "42": {
            "dur_mean": 2057.821873308067,
            "dur_std": 315.6962711890064
        },
        "43": {
            "dur_mean": 2083.236599891716,
            "dur_std": 316.68117436998153
        },
        "44": {
            "dur_mean": 2105.8570655116405,
            "dur_std": 317.64182069466654
        },
        "45": {
            "dur_mean": 2158.3042772062804,
            "dur_std": 320.81088433567754
        },
        "46": {
            "dur_mean": 2223.6732564524987,
            "dur_std": 320.68711308481886
        },
        "47": {
            "dur_mean": 2274.153212520593,
            "dur_std": 325.53769911638915
        },
        "48": {
            "dur_mean": 2353.153930731171,
            "dur_std": 334.0739700072591
        },
        "49": {
            "dur_mean": 2425.8048378229796,
            "dur_std": 341.17981873413333
        },
        "50": {
            "dur_mean": 2483.973224043716,
            "dur_std": 347.580453288035
        },
        "51": {
            "dur_mean": 2522.7019543973943,
            "dur_std": 354.5740238488381
        },
        "52": {
            "dur_mean": 2554.825827455236,
            "dur_std": 358.46303217297515
        },
        "53": {
            "dur_mean": 2593.256243213898,
            "dur_std": 361.3969298853864
        },
        "54": {
            "dur_mean": 2629.3487235198263,
            "dur_std": 365.00085327439007
        },
        "55": {
            "dur_mean": 2708.9804560260586,
            "dur_std": 378.3787460286053
        },
        "56": {
            "dur_mean": 2771.9113924050635,
            "dur_std": 384.5741657346969
        },
        "57": {
            "dur_mean": 2841.8606828193833,
            "dur_std": 389.44841106050234
        },
        "59": {
            "dur_mean": 2880.2004405286343,
            "dur_std": 393.23554724125705
        },
        "60": {
            "dur_mean": 3137.2021099389226,
            "dur_std": 439.93484772178493
        },
        "61": {
            "dur_mean": 3202.611233480176,
            "dur_std": 453.0479122132578
        },
        "62": {
            "dur_mean": 3456.598556357579,
            "dur_std": 515.2094917799332
        },
        "63": {
            "dur_mean": 3630.616749861342,
            "dur_std": 541.4771233620049
        },
        "64": {
            "dur_mean": 3734.184794672586,
            "dur_std": 570.6256614054435
        },
        "65": {
            "dur_mean": 3815.483064963909,
            "dur_std": 582.3098000079232
        },
        "66": {
            "dur_mean": 3857.9363586054233,
            "dur_std": 589.89554027745
        },
        "67": {
            "dur_mean": 3886.5373547315994,
            "dur_std": 594.4071724130126
        },
        "68": {
            "dur_mean": 3937.36690647482,
            "dur_std": 600.8365696816244
        },
        "69": {
            "dur_mean": 3986.3624792473715,
            "dur_std": 605.4794900183086
        },
        "70": {
            "dur_mean": 4009.403984504704,
            "dur_std": 608.1162374915152
        },
        "71": {
            "dur_mean": 4036.170353982301,