{
    "rows": {
        "start": 111480,
        "route_filter": 0,
        "nan_filter": -14770,
        "negative_dur": -1,
        "outliers": -1290,
        "end": 95419
    },
    "scr": 0.9853846153846154,
    "stats": {
        "1": {
            "dur_mean": 0.0,
            "dur_std": 0.0
        },
        "2": {
            "dur_mean": 45.27809278350515,
            "dur_std": 26.76146595939003
        },
        "3": {
            "dur_mean": 131.7634436401241,
            "dur_std": 36.736632652892595
        },
        "4": {
            "dur_mean": 156.71771075019336,
            "dur_std": 41.496919156138866
        },
        "5": {
            "dur_mean": 480.5997425997426,
            "dur_std": 115.78688229311328
        },
        "6": {
            "dur_mean": 548.8017041053447,
            "dur_std": 140.8712189838803
        },
        "7": {
            "dur_mean": 621.9349005424955,
            "dur_std": 158.43933587069353
        },
        "8": {
            "dur_mean": 770.8904675794369,
            "dur_std": 187.36401825870954
        },
        "9": {
            "dur_mean": 839.5302481902792,
            "dur_std": 192.80565084272536
        },
        "10": {
            "dur_mean": 867.5232558139535,
            "dur_std": 196.2130381021242
        },
        "11": {
            "dur_mean": 912.3170542635659,
            "dur_std": 200.05519138608162
        },
        "12": {
            "dur_mean": 955.5047791268406,
            "dur_std": 205.7026513954245
        },
        "13": {
            "dur_mean": 1007.1491341431895,
            "dur_std": 209.7906913207532
        },
        "14": {
            "dur_mean": 1067.2417979850168,
            "dur_std": 215.23769426575535
        },
        "15": {
            "dur_mean": 1103.6568627450981,
            "dur_std": 217.85701118672577
        },
        "16": {
            "dur_mean": 1183.7351574599898,
            "dur_std": 223.01702724546175
        },
        "17": {
            "dur_mean": 1223.3572349754966,
            "dur_std": 227.51620239061526
        },
        "18": {
            "dur_mean": 1251.266769865841,
            "dur_std": 230.72358558349745
        },
        "19": {
            "dur_mean": 1331.5085714285715,
            "dur_std": 234.6317093395024
        },
        "20": {
            "dur_mean": 1381.6214601195115,
            "dur_std": 238.4491121215764
        },
        "21": {
            "dur_mean": 1425.9877985462097,
            "dur_std": 242.30947826693276
        },
        "22": {
            "dur_mean": 1454.7665541417814,
            "dur_std": 246.05123272448742
        },
        "23": {
            "dur_mean": 1535.505974025974,
            "dur_std": 257.59573679934726
        },
        "24": {
            "dur_mean": 1560.6778558417902,
            "dur_std": 259.70901467281584
        },
        "25": {
            "dur_mean": 1613.783958602846,
            "dur_std": 277.4455146767426
        }
    },
    "feature_eval": {
        "f_values": {
            "weather_main_Clouds": 0.1363668712330348,
            "weather_main_Drizzle": 0.2958040009505764,
            "weather_main_Fog": 2.858308537962285,
            "weather_main_Mist": 2.949993489640348,
            "weather_main_Rain": 2.2130039921763935,
            "weather_main_Smoke": 4.539794880709599,
            "weather_main_Snow": 3.574583420003702,
            "weather_description_broken clouds": 1.3377098494333375,
            "weather_description_drizzle": 0.03592178008776042,
            "weather_description_few clouds": 13.51275547660447,
            "weather_description_fog": 2.858308537962285,
            "weather_description_light intensity drizzle": 4.325583501167017,
            "weather_description_light intensity drizzle rain": 9.45128934319904,
            "weather_description_light intensity shower rain": 10.259916329784993,
            "weather_description_light rain": 0.04808837924824575,
            "weather_description_light shower snow": 0.5805998346201595,
            "weather_description_mist": 2.949993489640348,
            "weather_description_moderate rain": 0.08693378056902804,
            "weather_description_overcast clouds": 6.596265339010926,
            "weather_description_proximity shower rain": 0.012273706094367327,
            "weather_description_scattered clouds": 5.457871166862842,
            "weather_description_sky is clear": 0.45327119885951,
            "weather_description_smoke": 4.539794880709599,
            "weekday_1": 5.1610329956641285,
            "weekday_2": 21.37748391545172,
            "weekday_3": 69.82203676344993,
            "weekday_4": 42.884775936676625,
            "weekday_5": 98.86230983927909,
            "weekday_6": 106.38867823750086,
            "month_2": 1.3979063530164149,
            "month_3": 3.3709854899409195,
            "month_4": 0.20190629661123988,
            "month_5": 0.01650375354786659,
            "month_6": 7.998431650791282,
            "month_7": 12.533194959592798,
            "month_8": 27.15858423661485,
            "month_9": 0.42779936124413465,
            "month_10": 17.571262539755352,
            "month_11": 28.826527200179335,
            "month_12": 32.12743732986816,
            "hour_9": 29.52835413880284,
            "hour_10": 41.51272782011524,
            "hour_11": 33.015946699501846,
            "hour_12": 0.0342028684908881,
            "hour_13": 179.57605313444583,
            "hour_14": 28.379393283321104,
            "hour_15": 76.15470722557643,
            "hour_16": 403.9737562886815,
            "hour_17": 236.7652399648606,
            "hour_18": 55.162358152303774,
            "hour_19": 46.199942610097715,
            "hour_20": 393.3063426779985,
            "hour_21": 563.5352418370423,
            "holiday_1": 30.19675537095777
        },
        "correlations": {
            "daystamp": 0.026042270541566926,
            "progr_number": 0.9201081909383316,
            "arr_p": -0.01411398912456911,
            "arr_a": -0.006507101148562369,
            "dep_p": -0.01411398912456911,
            "dep_a": -0.006571341906777126,
            "end_p": -0.0406770079712639,
            "start_p": -0.04226022653522773,
            "start_a": -0.0409690451750467,
            "temp": 0.004288495462050229,
            "feels_like": -0.0032148940871167056,
            "temp_min": 0.005186391596224895,
            "temp_max": 0.001801497778719094,
            "pressure": -0.014618544049373178,
            "humidity": -0.03221005543586871,
            "wind_speed": 0.014363397140270124,
            "wind_deg": 0.00039762411017816223,
            "clouds_all": 0.0048250437692295926,
            "dt": 0.02601954379813956,
            "dur_s": 0.9530436066239245
        }
    },
    "modelling": {
        "XGBoost": {
            "time": 11.764509677886963,
            "r_2": 0.9649551482775213,
            "mse": 9076.32215084303,
            "rmse": 95.2697336557788,
            "mae": 68.6777520503545
        },
        "Benchmark": {
            "r_2": 0.8622335496483484,
            "mse": 35680.35313351499,
            "rmse": 188.89243799981773,
            "mae": 133.75468455250473
        }
    },