{
    "rows": {
        "start": 100386,
        "route_filter": 0,
        "nan_filter": -4936,
        "negative_dur": -7,
        "outliers": -2029,
        "end": 93414
    },
    "scr": 0.666564605021433,
    "stats": {
        "1": {
            "dur_mean": 0.0,
            "dur_std": 0.0
        },
        "2": {
            "dur_mean": 151.7527573529412,
            "dur_std": 398.9071697868265
        },
        "3": {
            "dur_mean": 298.2361024359775,
            "dur_std": 346.1301802631803
        },
        "4": {
            "dur_mean": 350.5407156076496,
            "dur_std": 343.01615295278555
        },
        "5": {
            "dur_mean": 375.8538840937115,
            "dur_std": 342.6046424438385
        },
        "6": {
            "dur_mean": 398.13920542038807,
            "dur_std": 342.90440866361837
        },
        "7": {
            "dur_mean": 576.5113986444856,
            "dur_std": 346.7986707757818
        },
        "8": {
            "dur_mean": 647.496,
            "dur_std": 351.91260844003654
        },
        "9": {
            "dur_mean": 897.3289190021559,
            "dur_std": 360.24204599827505
        },
        "10": {
            "dur_mean": 989.6124460874923,
            "dur_std": 361.3848975935263
        },
        "11": {
            "dur_mean": 1029.6746765249538,
            "dur_std": 364.8343535553894
        },
        "12": {
            "dur_mean": 1077.9747536945813,
            "dur_std": 367.3191049941282
        },
        "13": {
            "dur_mean": 1115.6169950738915,
            "dur_std": 368.20274487167444
        },
        "14": {
            "dur_mean": 1208.3100369458127,
            "dur_std": 379.6323066651111
        },
        "15": {
            "dur_mean": 1269.7650862068965,
            "dur_std": 390.26799039940477
        },
        "16": {
            "dur_mean": 1353.0126465144972,
            "dur_std": 410.52613214979993
        },
        "17": {
            "dur_mean": 1634.3770390889504,
            "dur_std": 475.336219847323
        },
        "18": {
            "dur_mean": 1791.8805050816138,
            "dur_std": 512.9041807140521
        },
        "19": {
            "dur_mean": 1925.2262931034484,
            "dur_std": 518.3818384359693
        },
        "20": {
            "dur_mean": 2024.476908866995,
            "dur_std": 523.8568819134741
        },
        "21": {
            "dur_mean": 2090.18621114189,
            "dur_std": 525.1348015837833
        },
        "22": {
            "dur_mean": 2387.088027085257,
            "dur_std": 568.72883623923
        },
        "23": {
            "dur_mean": 2415.9073846153847,
            "dur_std": 573.7313750457092
        },
        "24": {
            "dur_mean": 2436.097846153846,
            "dur_std": 575.3638930128161
        },
        "25": {
            "dur_mean": 2469.1086153846154,
            "dur_std": 580.7066376692882
        },
        "26": {
            "dur_mean": 2659.9474965229483,
            "dur_std": 615.1840183009153
        },
        "27": {
            "dur_mean": 2748.6258389261743,
            "dur_std": 624.1093493637233
        },
        "28": {
            "dur_mean": 2804.9143610013175,
            "dur_std": 630.4548614825688
        },
        "29": {
            "dur_mean": 2837.9124767225326,
            "dur_std": 628.5564097975283
        },
        "30": {
            "dur_mean": 3240.3274745605922,
            "dur_std": 668.9437788163928
        }
    },
    "feature_eval": {
        "f_values": {
            "weather_main_Clouds": 2.4245233182881307,
            "weather_main_Drizzle": 1.1804512360701658,
            "weather_main_Fog": 3.9514334035281764,
            "weather_main_Mist": 13.632779965423657,
            "weather_main_Rain": 0.7206730329596454,
            "weather_main_Smoke": 0.011420581132031406,
            "weather_main_Snow": 0.9672295043616672,
            "weather_description_broken clouds": 0.00010777638026848739,
            "weather_description_drizzle": 0.012945832142123541,
            "weather_description_few clouds": 1.9399701972978365,
            "weather_description_fog": 3.9514334035281764,
            "weather_description_heavy intensity rain": NaN,
            "weather_description_light intensity drizzle": 0.041288316767063606,
            "weather_description_light intensity drizzle rain": 3.970039028608129,
            "weather_description_light intensity shower rain": 0.6968911824005662,
            "weather_description_light rain": 1.835707984331971,
            "weather_description_light shower snow": 0.5479383220400439,
            "weather_description_light snow": 3.949209010571677,
            "weather_description_mist": 13.632779965423657,
            "weather_description_moderate rain": 29.311883267412927,
            "weather_description_overcast clouds": 3.779735858596856,
            "weather_description_proximity shower rain": 3.650409858532978,
            "weather_description_rain and drizzle": 2.133139060702662,
            "weather_description_scattered clouds": 1.2294151987704998,
            "weather_description_sky is clear": 25.672023820851635,
            "weather_description_smoke": 0.011420581132031406,
            "weekday_1": 0.01197087992180347,
            "weekday_2": 11.519188285302189,
            "weekday_3": 6.830581160698151,
            "weekday_4": 36.83987047555919,
            "weekday_5": 159.71532951754506,
            "month_2": 2.6287290558623653,
            "month_3": 1.3925449893073134,
            "month_4": 3.2480594213146685,
            "month_5": 0.005970047501652717,
            "month_6": 0.06666427722831221,
            "month_7": 36.00854040197412,
            "month_8": 34.70583091871741,
            "month_9": 3.914076001281275,
            "month_10": 11.368942509122494,
            "month_11": 59.505419157278624,
            "month_12": 7.040364625398324,
            "hour_7": 68.85720956620223,
            "hour_8": 216.17142288171866,
            "hour_9": 0.06643370760632768,
            "hour_10": 1529.8960704634085,
            "hour_13": 1385.3900533904691,
            "hour_14": 2.1424049849687763,
            "hour_15": 43.650700200312485,
            "hour_16": 32.40546258461843,
            "hour_17": 103.53172499993265,
            "hour_18": 292.88335979781766,
            "hour_19": 1460.6435249067579,
            "hour_20": 1933.8724360692165,
            "hour_21": 574.5704024650818,
            "hour_22": 1090.6730641804993,
            "hour_23": 816.6545731912931,
            "holiday_1": 7.2867568226205455
        },
        "correlations": {
            "daystamp": 0.020738626689016677,
            "progr_number": 0.910235473746041,
            "arr_p": 0.00032445371929831686,
            "arr_a": 0.00983801858613502,
            "dep_p": 0.00032445371929831686,
            "dep_a": 0.00979625082644773,
            "end_p": -0.04189067355816443,
            "start_p": -0.04356495669008865,
            "start_a": -0.04725518239680172,
            "temp": -0.009401598936262702,
            "feels_like": -0.014567200625270263,
            "temp_min": -0.007595525282031095,
            "temp_max": -0.012289686659815556,
            "pressure": -0.016411808490710778,
            "humidity": -0.007816861696978006,
            "wind_speed": 0.018125133271551155,
            "wind_deg": 0.008133312287176397,
            "clouds_all": 0.001149086180820438,
            "dt": 0.020739518210393174,
            "dur_s": 0.9020719560934953
        }
    },
    "modelling": {
        "XGBoost": {
            "time": 11.559173583984375,
            "r_2": 0.9358463591486046,
            "mse": 67542.47040687113,
            "rmse": 259.8893426188753,
            "mae": 169.80522794967172
        },
        "Benchmark": {
            "r_2": 0.7977558092023497,
            "mse": 212927.46741457566,