{
    "rows": {
        "start": 105102,
        "route_filter": 0,
        "nan_filter": -423,
        "negative_dur": -3,
        "outliers": -1230,
        "end": 103446
    },
    "scr": 0.911014312383323,
    "stats": {
        "1": {
            "dur_mean": 0.0,
            "dur_std": 0.0
        },
        "2": {
            "dur_mean": 118.99063962558502,
            "dur_std": 98.46329208079149
        },
        "3": {
            "dur_mean": 164.64795759276583,
            "dur_std": 102.99169839799106
        },
        "4": {
            "dur_mean": 195.4898659183037,
            "dur_std": 104.75768525644166
        },
        "5": {
            "dur_mean": 238.12374055415617,
            "dur_std": 111.74507598228797
        },
        "6": {
            "dur_mean": 291.336288998358,
            "dur_std": 126.03776268076234
        },
        "7": {
            "dur_mean": 401.9223684210526,
            "dur_std": 148.79888934355017
        },
        "8": {
            "dur_mean": 505.68938906752413,
            "dur_std": 176.6350078696028
        },
        "9": {
            "dur_mean": 516.9463539993575,
            "dur_std": 177.6678901506701
        },
        "10": {
            "dur_mean": 539.4904836193448,
            "dur_std": 184.81186317160703
        },
        "11": {
            "dur_mean": 605.4308892355695,
            "dur_std": 207.60992601544635
        },
        "12": {
            "dur_mean": 860.7527318139245,
            "dur_std": 275.5422115704792
        },
        "13": {
            "dur_mean": 924.7150436953808,
            "dur_std": 279.1294586918659
        },
        "14": {
            "dur_mean": 1041.9928214731585,
            "dur_std": 285.85868627989123
        },
        "15": {
            "dur_mean": 1162.1133666458463,
            "dur_std": 303.38704351338475
        },
        "16": {
            "dur_mean": 1352.1410296411857,
            "dur_std": 379.86401989731473
        },
        "17": {
            "dur_mean": 1396.9224057338736,
            "dur_std": 388.00962935025836
        },
        "18": {
            "dur_mean": 1583.376246882793,
            "dur_std": 429.424540380367
        },
        "19": {
            "dur_mean": 1631.0308603491271,
            "dur_std": 437.53714936751686
        },
        "20": {
            "dur_mean": 1667.2535079513564,
            "dur_std": 446.2766517946062
        },
        "21": {
            "dur_mean": 1733.3456982543642,
            "dur_std": 457.1207546733972
        },
        "22": {
            "dur_mean": 1817.260124610592,
            "dur_std": 468.34043870924467
        },
        "23": {
            "dur_mean": 1861.447352024922,
            "dur_std": 473.1237097735852
        },
        "24": {
            "dur_mean": 1915.5021806853583,
            "dur_std": 477.9588868977952
        },
        "25": {
            "dur_mean": 2222.548940149626,
            "dur_std": 535.9164048517362
        },
        "26": {
            "dur_mean": 2259.186662511686,
            "dur_std": 541.1721320940529
        },
        "27": {
            "dur_mean": 2387.887972072358,
            "dur_std": 561.0014909450639
        },
        "28": {
            "dur_mean": 2402.2014343623323,
            "dur_std": 562.3131055352585
        },
        "29": {
            "dur_mean": 2421.265439800374,
            "dur_std": 563.7801717813704
        },
        "30": {
            "dur_mean": 2500.2227074235807,
            "dur_std": 581.6886722159612
        },
        "31": {
            "dur_mean": 2517.5740567508574,
            "dur_std": 586.7913230603705
        },
        "32": {
            "dur_mean": 3193.9857094249746,
            "dur_std": 655.340960471998
        },
        "33": {
            "dur_mean": 3225.2756147540986,
            "dur_std": 676.4753986717943
        }
    },
    "feature_eval": {
        "f_values": {
            "weather_main_Clouds": 7.334080265042168,
            "weather_main_Drizzle": 1.3161090138465754,
            "weather_main_Fog": 4.917578472388957,
            "weather_main_Mist": 4.756225158857012,
            "weather_main_Rain": 0.23059128818660174,
            "weather_main_Smoke": 0.044510435294778175,
            "weather_main_Snow": 4.015982529113999,
            "weather_description_broken clouds": 1.6408091310942232,
            "weather_description_drizzle": 0.5569988327109604,
            "weather_description_few clouds": 0.033670323847963556,
            "weather_description_fog": 4.917578472388957,
            "weather_description_heavy intensity rain": 0.738446953390814,
            "weather_description_light intensity drizzle": 8.366814942986062,
            "weather_description_light intensity drizzle rain": 2.461086070719082,
            "weather_description_light intensity shower rain": 0.013796290573386497,
            "weather_description_light rain": 3.3047859512322053,
            "weather_description_light shower snow": 0.02438760075132856,
            "weather_description_light snow": 6.642632860921124,
            "weather_description_mist": 4.756225158857012,
            "weather_description_moderate rain": 1.8639229542060265,
            "weather_description_overcast clouds": 25.15485691354977,
            "weather_description_proximity shower rain": 12.585771382378155,
            "weather_description_scattered clouds": 9.312674137597408,
            "weather_description_sky is clear": 43.052887291486336,
            "weather_description_smoke": 0.044510435294778175,
            "weekday_1": 5.697143665891403,
            "weekday_2": 1.3693307416858072,
            "weekday_3": 27.510711180840108,
            "weekday_4": 19.723677262386378,
            "weekday_5": 212.24662841769657,
            "weekday_6": 22.695520012986,
            "month_2": 0.7912568994199265,
            "month_3": 0.18081551932452675,
            "month_4": 0.8581436395552434,
            "month_5": 0.04098973015212171,
            "month_6": 7.262331681555241,
            "month_7": 47.03575011483641,
            "month_8": 21.590101273181222,
            "month_9": 10.845591253659151,
            "month_10": 46.723646257405306,
            "month_11": 23.24885346530532,
            "month_12": 6.931442399709343,
            "hour_6": 1592.111801504233,
            "hour_7": 69.84110969327078,
            "hour_8": 37.36890729488054,
            "hour_9": 126.14385141549724,
            "hour_10": 1576.7623563652198,
            "hour_12": 1237.7383134529653,
            "hour_13": 17.27477715947129,
            "hour_14": 3606.47118851706,
            "hour_16": 1193.4941043911654,
            "hour_17": 1159.5132546488703,
            "hour_18": 7639.498479972152,
            "hour_19": 1236.8019085729802,
            "hour_20": 1580.3407761631847,
            "hour_21": 1265.7035921443612,
            "hour_22": 1397.0312599396796,
            "hour_23": 2279.2036332549633,
            "holiday_1": 11.108560366586927
        },
        "correlations": {
            "daystamp": 0.021209596497668688,
            "progr_number": 0.9149473200103553,
            "arr_p": -0.019196840153722836,
            "arr_a": -0.01023405224579301,
            "dep_p": -0.019196840153722836,
            "dep_a": -0.008696357798569344,
            "end_p": -0.055251892599220184,
            "start_p": -0.05931632063768387,
            "start_a": -0.058137629950283744,
            "temp": 0.019167751025402996,
            "feels_like": 0.005399388330972989,
            "temp_min": 0.016943397084384523,
            "temp_max": 0.01501661060902392,
            "pressure": -0.00851304910983046,
            "humidity": -0.057720784767878945,
            "wind_speed": 0.027702916226770298,
            "wind_deg": -0.000595503118766832,
            "clouds_all": 0.004024673090728183,
            "dt": 0.021166876567346744,
            "dur_s": 0.9488259128226613
        }
    },