{
    "rows": {
        "start": 206193,
        "route_filter": 0,
        "nan_filter": -8680,
        "negative_dur": 0,
        "outliers": -2392,
        "end": 195121
    },
    "scr": 0.985446108415946,
    "stats": {
        "1": {
            "dur_mean": 0.0,
            "dur_std": 0.0
        },
        "2": {
            "dur_mean": 140.2067051035661,
            "dur_std": 104.19078333214932
        },
        "3": {
            "dur_mean": 217.9479633184048,
            "dur_std": 121.56779392698999
        },
        "4": {
            "dur_mean": 328.2022900763359,
            "dur_std": 142.21854570845844
        },
        "5": {
            "dur_mean": 382.57497348886534,
            "dur_std": 148.53623389736936
        },
        "6": {
            "dur_mean": 395.50496933812644,
            "dur_std": 162.03456325663194
        },
        "7": {
            "dur_mean": 698.2790254237289,
            "dur_std": 257.0126682869837
        },
        "8": {
            "dur_mean": 804.2392273402675,
            "dur_std": 271.18089848070815
        },
        "9": {
            "dur_mean": 890.5938030560271,
            "dur_std": 287.9970040923599
        },
        "10": {
            "dur_mean": 970.6062407132243,
            "dur_std": 298.6813683219984
        },
        "11": {
            "dur_mean": 1183.3104325699746,
            "dur_std": 320.342782183187
        },
        "12": {
            "dur_mean": 1255.0833333333333,
            "dur_std": 331.8066856775007
        },
        "13": {
            "dur_mean": 1282.5732538330494,
            "dur_std": 335.43258380024076
        },
        "14": {
            "dur_mean": 1310.7085994040017,
            "dur_std": 340.5237647143469
        },
        "15": {
            "dur_mean": 1375.0738769427294,
            "dur_std": 359.5597201703408
        },
        "16": {
            "dur_mean": 1403.2422757298104,
            "dur_std": 361.54913257077544
        },
        "17": {
            "dur_mean": 1439.1822639096142,
            "dur_std": 363.35566966674327
        },
        "18": {
            "dur_mean": 1459.5501811208183,
            "dur_std": 364.31616839292684
        },
        "19": {
            "dur_mean": 1503.8796079266992,
            "dur_std": 366.8505120106909
        },
        "20": {
            "dur_mean": 1539.5968942778131,
            "dur_std": 372.3636375037623
        },
        "21": {
            "dur_mean": 1615.4274176408076,
            "dur_std": 383.32019834688884
        },
        "22": {
            "dur_mean": 1657.9628134296643,
            "dur_std": 388.43427565302926
        },
        "23": {
            "dur_mean": 1690.7298618490968,
            "dur_std": 393.32678520607567
        },
        "24": {
            "dur_mean": 1811.4623222245807,
            "dur_std": 399.7691773135814
        },
        "25": {
            "dur_mean": 1861.6988335100743,
            "dur_std": 414.50826926779644
        },
        "26": {
            "dur_mean": 1902.7377466581795,
            "dur_std": 422.71487987010477
        },
        "27": {
            "dur_mean": 2031.5348195329086,
            "dur_std": 438.91891256241
        },
        "28": {
            "dur_mean": 2077.796009339843,
            "dur_std": 443.6565600829832
        },
        "29": {
            "dur_mean": 2129.039269794099,
            "dur_std": 449.16587702290974
        },
        "30": {
            "dur_mean": 2167.8348195329086,
            "dur_std": 454.24955124659084
        },
        "31": {
            "dur_mean": 2233.0222882615158,
            "dur_std": 459.0382655368934
        },
        "32": {
            "dur_mean": 2300.9700127605274,
            "dur_std": 477.69750195731626
        },
        "33": {
            "dur_mean": 2344.1573679727426,
            "dur_std": 487.38514328244895
        },
        "34": {
            "dur_mean": 2377.4459114139695,
            "dur_std": 497.13224033394374
        },
        "35": {
            "dur_mean": 2430.977853492334,
            "dur_std": 526.7729286507308
        },
        "36": {
            "dur_mean": 2497.5588486140723,
            "dur_std": 567.8290656383335
        },
        "37": {
            "dur_mean": 2556.3570057581574,
            "dur_std": 585.6280194177957
        },
        "38": {
            "dur_mean": 2596.8663113006396,
            "dur_std": 592.6499931043182
        },
        "39": {
            "dur_mean": 2676.6386339381,
            "dur_std": 606.0894284008854
        },
        "40": {
            "dur_mean": 2710.6581360631267,
            "dur_std": 609.3344311764174
        },
        "41": {
            "dur_mean": 2739.0739714346623,
            "dur_std": 609.5577038425818
        },
        "42": {
            "dur_mean": 2934.2983732876714,
            "dur_std": 647.5861571141047
        }
    },
    "feature_eval": {
        "f_values": {
            "weather_main_Clouds": 0.8828170572260415,
            "weather_main_Drizzle": 55.723323897797144,
            "weather_main_Fog": 0.04776914245861438,
            "weather_main_Mist": 14.081214515959084,
            "weather_main_Rain": 69.22318555553692,
            "weather_main_Smoke": 0.20596142318190805,
            "weather_main_Snow": 11.71183326725762,
            "weather_description_broken clouds": 0.3941412489437914,
            "weather_description_drizzle": 2.3688445822953694,
            "weather_description_few clouds": 0.4273203633145197,
            "weather_description_fog": 0.04776914245861438,
            "weather_description_light intensity drizzle": 30.386816657783232,
            "weather_description_light intensity drizzle rain": 24.971016122129157,
            "weather_description_light intensity shower rain": 32.243648005002186,
            "weather_description_light rain": 1.3654693509255291,
            "weather_description_light shower snow": 2.589614502671674,
            "weather_description_light snow": 25.890466857240046,
            "weather_description_mist": 14.081214515959084,
            "weather_description_moderate rain": 11.079842984806552,
            "weather_description_overcast clouds": 19.926002128819253,
            "weather_description_proximity shower rain": 132.9845686863731,
            "weather_description_scattered clouds": 5.9418551024529584,
            "weather_description_sky is clear": 77.23521462299412,
            "weather_description_smoke": 0.20596142318190805,
            "weekday_1": 12.86264976461487,
            "weekday_2": 94.19289432147852,
            "weekday_3": 239.69882369893995,
            "weekday_4": 206.6840568544234,
            "weekday_5": 730.6853358213863,
            "weekday_6": 243.32491770217936,
            "month_2": 5.182478694960651,
            "month_3": 3.193665443643573,
            "month_4": 8.85080297266664,
            "month_5": 9.189493212125491,
            "month_6": 0.97673836322752,
            "month_7": 0.028499923126687643,
            "month_8": 1.707389355410917,
            "month_9": 1.0575268443814752,
            "month_10": 8.02402841616292,
            "month_11": 11.419812978920799,
            "month_12": 33.649224841242166,
            "hour_7": 430.8767619028097,
            "hour_8": 403.4511540071371,
            "hour_9": 67.26376287505492,
            "hour_10": 58.904946736522234,
            "hour_11": 66.46496404729747,
            "hour_12": 6.55660628749057,
            "hour_13": 15.616737459439973,
            "hour_14": 230.2764952500497,
            "hour_15": 68.48408729968907,
            "hour_16": 1532.6008777974805,
            "hour_17": 2106.8025196100753,
            "hour_18": 1376.6608060723638,
            "hour_19": 40.097152835220385,
            "hour_20": 6.6130216901003385,
            "hour_21": 439.9393386121468,
            "hour_22": 975.139597431269,
            "hour_23": 1440.7622589488697,