{
    "rows": {
        "start": 560711,
        "route_filter": 0,
        "nan_filter": -29289,
        "negative_dur": -26,
        "outliers": -4810,
        "end": 526586
    },
    "scr": 0.9877538829151732,
    "stats": {
        "1": {
            "dur_mean": 0.0,
            "dur_std": 0.0
        },
        "2": {
            "dur_mean": 155.4904121999094,
            "dur_std": 99.78012228645235
        },
        "3": {
            "dur_mean": 245.6349242252884,
            "dur_std": 136.27981039645408
        },
        "4": {
            "dur_mean": 367.78568215892057,
            "dur_std": 168.9965428389381
        },
        "5": {
            "dur_mean": 433.0287942411518,
            "dur_std": 180.47144961935086
        },
        "6": {
            "dur_mean": 451.09935657638783,
            "dur_std": 188.98161955419855
        },
        "7": {
            "dur_mean": 802.2646243727062,
            "dur_std": 290.3009470469162
        },
        "8": {
            "dur_mean": 908.7924216224344,
            "dur_std": 304.728593884023
        },
        "9": {
            "dur_mean": 999.3529632972322,
            "dur_std": 325.02670663472827
        },
        "10": {
            "dur_mean": 1085.7231901471914,
            "dur_std": 333.6940172665829
        },
        "11": {
            "dur_mean": 1174.9403466646656,
            "dur_std": 342.9072374908525
        },
        "12": {
            "dur_mean": 1289.5946574622947,
            "dur_std": 363.20006550610896
        },
        "13": {
            "dur_mean": 1442.7568907247464,
            "dur_std": 386.8656942000694
        },
        "14": {
            "dur_mean": 1482.9040180247841,
            "dur_std": 391.4324998424766
        },
        "16": {
            "dur_mean": 1750.4899540973738,
            "dur_std": 414.86389629188443
        },
        "17": {
            "dur_mean": 1805.1747273411056,
            "dur_std": 423.74206148364203
        },
        "18": {
            "dur_mean": 1853.0292415244683,
            "dur_std": 432.5526771334823
        },
        "19": {
            "dur_mean": 2003.163007518797,
            "dur_std": 457.09994538630525
        },
        "20": {
            "dur_mean": 2057.27410862043,
            "dur_std": 457.32703861390297
        },
        "21": {
            "dur_mean": 2115.7681660899652,
            "dur_std": 464.59249803889924
        },
        "22": {
            "dur_mean": 2160.1864751015496,
            "dur_std": 470.98011855878974
        },
        "23": {
            "dur_mean": 2221.029334336217,
            "dur_std": 477.2225765671061
        },
        "24": {
            "dur_mean": 2276.5931719055498,
            "dur_std": 489.76442416273335
        },
        "25": {
            "dur_mean": 2354.9034783918087,
            "dur_std": 499.4291484345891
        },
        "26": {
            "dur_mean": 2413.2541581997443,
            "dur_std": 509.9599789124731
        },
        "27": {
            "dur_mean": 2490.57067271353,
            "dur_std": 521.1383503849715
        },
        "28": {
            "dur_mean": 2536.7680447434054,
            "dur_std": 526.119858446677
        },
        "29": {
            "dur_mean": 2592.8270466399576,
            "dur_std": 530.499599518614
        },
        "30": {
            "dur_mean": 2664.5797112404566,
            "dur_std": 534.6862416576938
        },
        "31": {
            "dur_mean": 2724.353443713616,
            "dur_std": 544.9656011859181
        },
        "32": {
            "dur_mean": 2796.5639846165445,
            "dur_std": 559.2924632955235
        },
        "33": {
            "dur_mean": 2848.3684051854084,
            "dur_std": 564.1054629544025
        },
        "34": {
            "dur_mean": 2895.987325537533,
            "dur_std": 566.8733200088731
        },
        "35": {
            "dur_mean": 2942.453304164152,
            "dur_std": 571.1792334441644
        },
        "36": {
            "dur_mean": 2999.2517920470837,
            "dur_std": 574.7539079391829
        },
        "37": {
            "dur_mean": 3040.6911642646946,
            "dur_std": 579.2437597008532
        },
        "38": {
            "dur_mean": 3087.8168716517016,
            "dur_std": 585.7441529272503
        },
        "39": {
            "dur_mean": 3128.7517939421405,
            "dur_std": 589.1890233807094
        },
        "40": {
            "dur_mean": 3218.22208792869,
            "dur_std": 605.2722272404645
        },
        "41": {
            "dur_mean": 3263.3832629037124,
            "dur_std": 618.921463279409
        }
    },
    "feature_eval": {
        "f_values": {
            "weather_main_Clouds": 1.83585697701388,
            "weather_main_Drizzle": 104.89090766057,
            "weather_main_Fog": 43.3107560000941,
            "weather_main_Mist": 0.6502116885793597,
            "weather_main_Rain": 129.10237951378392,
            "weather_main_Smoke": 2.4235562470182703,
            "weather_main_Snow": 38.28416301436311,
            "weather_description_broken clouds": 5.116578258784172,
            "weather_description_drizzle": 3.083289547391697,
            "weather_description_few clouds": 5.094234234550671,
            "weather_description_fog": 43.3107560000941,
            "weather_description_heavy intensity rain": 18.753727800051305,
            "weather_description_light intensity drizzle": 22.51505159983604,
            "weather_description_light intensity drizzle rain": 99.74997084768127,
            "weather_description_light intensity shower rain": 51.856266295395535,
            "weather_description_light rain": 0.10875143352818042,
            "weather_description_light shower snow": 11.946925492358258,
            "weather_description_light snow": 25.037205742808318,
            "weather_description_mist": 0.6502116885793597,
            "weather_description_moderate rain": 37.57134197967667,
            "weather_description_overcast clouds": 152.3739675097836,
            "weather_description_proximity shower rain": 372.610190275328,
            "weather_description_scattered clouds": 129.5453748714581,
            "weather_description_sky is clear": 36.57985319965661,
            "weather_description_smoke": 2.4235562470182703,
            "weekday_1": 169.42650775881052,
            "weekday_2": 648.3450790869409,
            "weekday_3": 1004.5551190168442,
            "weekday_4": 631.1198031598261,
            "weekday_5": 2311.349538545047,
            "weekday_6": 2628.559787624911,
            "month_2": 7.1451912638188375,
            "month_3": 10.114817649234382,
            "month_4": 0.3789229370560994,
            "month_5": 36.51623180381643,
            "month_6": 3.778580065125335,
            "month_7": 12.53720892990057,
            "month_8": 24.675140024687437,
            "month_9": 1.6847001385199356,
            "month_10": 88.02133787801893,
            "month_11": 138.46740747666826,
            "month_12": 0.02667604724256811,
            "hour_1": 0.43128882050981854,
            "hour_6": 3900.456463114779,
            "hour_7": 5926.542551582388,
            "hour_8": 7.43842007808386,
            "hour_9": 460.39338679481244,
            "hour_10": 864.0624477450004,
            "hour_11": 1058.4851867005505,
            "hour_12": 463.0272093863424,
            "hour_13": 0.13980996473877386,
            "hour_14": 101.29652690593889,
            "hour_15": 254.6236191803267,
            "hour_16": 254.5000171269597,
            "hour_17": 6565.925588314263,
            "hour_18": 9122.046924828004,
            "hour_19": 1189.388741870797,
            "hour_20": 2.1112797462699375,
            "hour_21": 525.6529691475797,
            "hour_22": 2626.3699705735803,
            "hour_23": 3217.0059739688154,
            "holiday_1": 684.241210372295
        },
        "correlations": {
            "daystamp": 0.020117134543663363,