{
    "rows": {
        "start": 539439,
        "route_filter": -1553,
        "nan_filter": -76711,
        "negative_dur": 0,
        "outliers": -7822,
        "end": 453353
    },
    "scr": 8.055421298533914e-05,
    "stats": {
        "1": {
            "dur_mean": 0.0,
            "dur_std": 0.0
        },
        "2": {
            "dur_mean": 197.06544584330456,
            "dur_std": 188.63918723015024
        },
        "3": {
            "dur_mean": 232.83582212011814,
            "dur_std": 182.79062236752657
        },
        "4": {
            "dur_mean": 286.23093220338984,
            "dur_std": 186.69437492612127
        },
        "5": {
            "dur_mean": 348.3278065351019,
            "dur_std": 191.03611969826795
        },
        "6": {
            "dur_mean": 474.5513897866839,
            "dur_std": 199.09238611097427
        },
        "7": {
            "dur_mean": 578.1712783171521,
            "dur_std": 204.7390438841753
        },
        "8": {
            "dur_mean": 644.0878356518926,
            "dur_std": 214.8875676162919
        },
        "9": {
            "dur_mean": 752.0312878971623,
            "dur_std": 288.868013199966
        },
        "10": {
            "dur_mean": 837.153404960013,
            "dur_std": 301.58490776404426
        },
        "11": {
            "dur_mean": 899.1962669683257,
            "dur_std": 305.70158662006145
        },
        "12": {
            "dur_mean": 946.9401730131781,
            "dur_std": 308.53607281013257
        },
        "13": {
            "dur_mean": 1011.5211768509538,
            "dur_std": 315.8714875667635
        },
        "14": {
            "dur_mean": 1084.815344813647,
            "dur_std": 327.6978701510224
        },
        "15": {
            "dur_mean": 1182.9779447406688,
            "dur_std": 343.3580434164081
        },
        "16": {
            "dur_mean": 1224.153069466882,
            "dur_std": 348.4126924031212
        },
        "17": {
            "dur_mean": 1315.5360949612402,
            "dur_std": 360.5863928470073
        },
        "18": {
            "dur_mean": 1451.5248364429367,
            "dur_std": 384.8496342763612
        },
        "19": {
            "dur_mean": 1480.3820941309436,
            "dur_std": 387.79041877408764
        },
        "20": {
            "dur_mean": 1536.5499677106877,
            "dur_std": 394.3199152125331
        },
        "21": {
            "dur_mean": 1546.4930600387347,
            "dur_std": 396.32818610777025
        },
        "22": {
            "dur_mean": 1564.9830522153175,
            "dur_std": 398.7613514002303
        },
        "23": {
            "dur_mean": 1589.1545410550088,
            "dur_std": 402.69155964303354
        },
        "24": {
            "dur_mean": 1707.387549391178,
            "dur_std": 426.00779349201764
        },
        "25": {
            "dur_mean": 1863.2033706959116,
            "dur_std": 465.05162816920773
        },
        "26": {
            "dur_mean": 1917.0867775266386,
            "dur_std": 470.8203047895534
        },
        "28": {
            "dur_mean": 2177.2727934044615,
            "dur_std": 482.20795919392674
        },
        "29": {
            "dur_mean": 2207.018499071007,
            "dur_std": 488.8581386777471
        },
        "30": {
            "dur_mean": 2395.8220963172803,
            "dur_std": 519.1902197595502
        },
        "31": {
            "dur_mean": 2515.76466748266,
            "dur_std": 541.8876513120078
        },
        "32": {
            "dur_mean": 2608.588699829032,
            "dur_std": 566.2252767275346
        },
        "33": {
            "dur_mean": 2721.1369217009515,
            "dur_std": 598.0731358311315
        },
        "34": {
            "dur_mean": 2803.0073923639316,
            "dur_std": 619.6773907399757
        },
        "35": {
            "dur_mean": 2995.894702041491,
            "dur_std": 662.7207122343475
        },
        "37": {
            "dur_mean": 3373.5888356407527,
            "dur_std": 691.6280104791447
        },
        "38": {
            "dur_mean": 3476.068854863849,
            "dur_std": 698.890242322293
        },
        "39": {
            "dur_mean": 3571.7022477106652,
            "dur_std": 707.6790056746443
        },
        "40": {
            "dur_mean": 3674.5483575807484,
            "dur_std": 726.8444514328978
        },
        "36": {
            "dur_mean": 3395.0545454545454,
            "dur_std": 875.8978339328255
        },
        "27": {
            "dur_mean": 2429.0,
            "dur_std": NaN
        }
    },
    "feature_eval": {
        "f_values": {
            "weather_main_Clouds": 17.642644778440516,
            "weather_main_Drizzle": 0.19890160210082083,
            "weather_main_Fog": 2.9171254029010716,
            "weather_main_Mist": 14.290170282739508,
            "weather_main_Rain": 2.1886382572782956,
            "weather_main_Smoke": 2.729526000512753,
            "weather_main_Snow": 11.577646198159934,
            "weather_description_broken clouds": 2.014796938060494,
            "weather_description_drizzle": 3.974947808421286,
            "weather_description_few clouds": 0.0036574522770882983,
            "weather_description_fog": 2.9171254029010716,
            "weather_description_heavy intensity rain": 7.208308904459233,
            "weather_description_light intensity drizzle": 0.09056691174120599,
            "weather_description_light intensity drizzle rain": 0.00047540395767658756,
            "weather_description_light intensity shower rain": 0.00028631100801059954,
            "weather_description_light rain": 1.4126244481003145,
            "weather_description_light shower snow": 0.12968514522957608,
            "weather_description_light snow": 23.891331545631417,
            "weather_description_mist": 14.290170282739508,
            "weather_description_moderate rain": 8.389840015709943,
            "weather_description_overcast clouds": 12.90924123425687,
            "weather_description_proximity shower rain": 0.010412009342157646,
            "weather_description_rain and drizzle": 3.876454918440113,
            "weather_description_scattered clouds": 15.71675357230937,
            "weather_description_shower rain": 3.508864281280126,
            "weather_description_sky is clear": 45.70852663576868,
            "weather_description_smoke": 2.729526000512753,
            "weekday_1": 74.94564643488515,
            "weekday_2": 59.899420499827436,
            "weekday_3": 157.1471502115577,
            "weekday_4": 272.8072131446843,
            "weekday_5": 399.4540304606615,
            "weekday_6": 1007.6415634825695,
            "month_2": 8.931911849412508,
            "month_3": 0.8662474302766678,
            "month_4": 18.34505057909508,
            "month_5": 20.609847846903953,
            "month_6": 1.7102015899990168,
            "month_7": 89.333548855115,
            "month_8": 142.291529289793,
            "month_9": 15.69102276732365,
            "month_10": 48.74282921527947,
            "month_11": 49.19116527923519,
            "month_12": 0.0028139288837493483,
            "hour_5": 700.8741748468296,
            "hour_6": 105.07741932905229,
            "hour_7": 0.8483321788991792,
            "hour_8": 1238.1511411333554,
            "hour_9": 4665.900942387606,
            "hour_10": 114.81962342974101,
            "hour_11": 0.31693385653560957,
            "hour_12": 82.08105621162345,
            "hour_13": 57.88670618750856,
            "hour_14": 15.981199315562208,
            "hour_15": 10.582323607002081,
            "hour_16": 24.116618577254382,
            "hour_17": 405.4470465358166,
            "hour_18": 2.024782161097539,
            "hour_19": 0.003396951207465482,
            "hour_20": 974.8706518732562,
            "hour_21": 1851.5492927787811,
            "hour_22": 2892.161673867799,