{
    "rows": {
        "start": 555509,
        "route_filter": 0,
        "nan_filter": -30884,
        "negative_dur": -1,
        "outliers": -5480,
        "end": 519144
    },
    "scr": 0.9445577460533273,
    "stats": {
        "1": {
            "dur_mean": 0.0,
            "dur_std": 0.0
        },
        "2": {
            "dur_mean": 154.85276823214969,
            "dur_std": 94.73724652327103
        },
        "3": {
            "dur_mean": 245.18993518871522,
            "dur_std": 132.18043200877926
        },
        "4": {
            "dur_mean": 366.3439514599924,
            "dur_std": 165.67915792965388
        },
        "5": {
            "dur_mean": 430.6644911588374,
            "dur_std": 175.83344981293746
        },
        "6": {
            "dur_mean": 448.488007868654,
            "dur_std": 184.0237251351701
        },
        "7": {
            "dur_mean": 797.7305742604221,
            "dur_std": 279.651216308114
        },
        "8": {
            "dur_mean": 902.4835381580943,
            "dur_std": 293.35362316329355
        },
        "9": {
            "dur_mean": 991.0451578627808,
            "dur_std": 309.86866314141105
        },
        "10": {
            "dur_mean": 1078.8229095595482,
            "dur_std": 319.0118414571726
        },
        "11": {
            "dur_mean": 1168.086459043722,
            "dur_std": 328.0729766681066
        },
        "12": {
            "dur_mean": 1279.6960970064417,
            "dur_std": 344.77031866912887
        },
        "13": {
            "dur_mean": 1432.8143930767478,
            "dur_std": 368.74119168231573
        },
        "14": {
            "dur_mean": 1472.9976461655276,
            "dur_std": 372.4573495739532
        },
        "15": {
            "dur_mean": 1740.1805354282662,
            "dur_std": 395.7429905179132
        },
        "16": {
            "dur_mean": 1793.5494221411193,
            "dur_std": 403.94420208710477
        },
        "17": {
            "dur_mean": 1840.4670617734214,
            "dur_std": 413.603381626227
        },
        "18": {
            "dur_mean": 1989.2949897361818,
            "dur_std": 430.4871806462029
        },
        "19": {
            "dur_mean": 2043.5375608272507,
            "dur_std": 435.1003119480609
        },
        "20": {
            "dur_mean": 2101.546684914842,
            "dur_std": 441.49737963897206
        },
        "21": {
            "dur_mean": 2145.8353612167302,
            "dur_std": 447.40437721128313
        },
        "22": {
            "dur_mean": 2205.8182509505705,
            "dur_std": 452.9992860411975
        },
        "23": {
            "dur_mean": 2261.49296845306,
            "dur_std": 466.0995459002594
        },
        "24": {
            "dur_mean": 2340.273155893536,
            "dur_std": 477.9742443545827
        },
        "25": {
            "dur_mean": 2399.430396107352,
            "dur_std": 487.2579210954797
        },
        "26": {
            "dur_mean": 2476.353969465649,
            "dur_std": 497.87572960396517
        },
        "27": {
            "dur_mean": 2522.433501297908,
            "dur_std": 502.0582123060165
        },
        "28": {
            "dur_mean": 2577.9950362733866,
            "dur_std": 505.9663231558145
        },
        "29": {
            "dur_mean": 2649.711492936235,
            "dur_std": 510.1028185035503
        },
        "30": {
            "dur_mean": 2710.8103092783504,
            "dur_std": 519.8058099890617
        },
        "31": {
            "dur_mean": 2783.638698369151,
            "dur_std": 533.0052699491204
        },
        "32": {
            "dur_mean": 2848.884315821625,
            "dur_std": 536.7134481000071
        },
        "33": {
            "dur_mean": 2886.0589761196306,
            "dur_std": 541.9563801145378
        },
        "34": {
            "dur_mean": 2921.8070054945056,
            "dur_std": 546.4076368175437
        },
        "35": {
            "dur_mean": 3006.365453574426,
            "dur_std": 550.6020737654158
        },
        "36": {
            "dur_mean": 3127.571209213052,
            "dur_std": 564.0303094450013
        },
        "37": {
            "dur_mean": 3211.2978265878196,
            "dur_std": 572.7281544871707
        },
        "38": {
            "dur_mean": 3278.4146585572407,
            "dur_std": 578.0913028301316
        },
        "39": {
            "dur_mean": 3325.4136620919594,
            "dur_std": 586.3340033114772
        },
        "40": {
            "dur_mean": 3385.6232706917235,
            "dur_std": 591.4676063157438
        }
    },
    "feature_eval": {
        "f_values": {
            "weather_main_Clouds": 4.82002344805098,
            "weather_main_Drizzle": 70.68775365805615,
            "weather_main_Fog": 31.782377426459252,
            "weather_main_Mist": 2.48972300491242,
            "weather_main_Rain": 46.54359163115035,
            "weather_main_Smoke": 0.14357688867856963,
            "weather_main_Snow": 37.106712685905094,
            "weather_description_broken clouds": 0.0007063556490750732,
            "weather_description_drizzle": 0.08518737920360481,
            "weather_description_few clouds": 10.964807438478596,
            "weather_description_fog": 31.782377426459252,
            "weather_description_heavy intensity rain": 28.053172156578825,
            "weather_description_light intensity drizzle": 20.8052261588158,
            "weather_description_light intensity drizzle rain": 55.936878645356806,
            "weather_description_light intensity shower rain": 27.83449439280287,
            "weather_description_light rain": 8.888728180628933,
            "weather_description_light shower snow": 6.0821940173397175,
            "weather_description_light snow": 18.116007363719017,
            "weather_description_mist": 2.48972300491242,
            "weather_description_moderate rain": 11.069570626421719,
            "weather_description_overcast clouds": 83.09376872985034,
            "weather_description_proximity shower rain": 233.54920654010667,
            "weather_description_scattered clouds": 78.9478817381306,
            "weather_description_sky is clear": 1.2076712704180823,
            "weather_description_smoke": 0.14357688867856963,
            "weekday_1": 240.606909124463,
            "weekday_2": 485.30861925697644,
            "weekday_3": 873.4626543782941,
            "weekday_4": 406.4397756395523,
            "weekday_5": 1472.6671163132219,
            "weekday_6": 3027.6762305549587,
            "month_2": 23.900031348080702,
            "month_3": 0.21183203361535513,
            "month_4": 12.308731781283377,
            "month_5": 22.833389912542145,
            "month_6": 1.4602457223290368,
            "month_7": 9.368603146840053,
            "month_8": 24.838556931347917,
            "month_9": 1.9107428720252846,
            "month_10": 119.51434670012831,
            "month_11": 150.8238913392766,
            "month_12": 2.026771974464073,
            "hour_6": 6732.499650322151,
            "hour_7": 3565.9108540659963,
            "hour_8": 183.32326421724346,
            "hour_9": 40.47558491540051,
            "hour_10": 1217.714440830928,
            "hour_11": 330.0111385724219,
            "hour_12": 254.13607303629493,
            "hour_13": 3.234052376013438,
            "hour_14": 27.519173081494568,
            "hour_15": 1.0755557413050123,
            "hour_16": 103.57690209606163,
            "hour_17": 5119.9913100747945,
            "hour_18": 7807.715766917858,
            "hour_19": 1406.2893685028735,
            "hour_20": 1.8819656417610897,
            "hour_21": 480.2385290486412,
            "hour_22": 1701.113550768914,
            "hour_23": 773.5308814731783,
            "holiday_1": 572.3790541660009
        },
        "correlations": {
            "daystamp": 0.02159598053506634,