{
    "rows": {
        "start": 20433,
        "route_filter": -3135,
        "nan_filter": -1758,
        "negative_dur": 0,
        "outliers": -164,
        "end": 15376
    },
    "scr": 0.006134969325153374,
    "stats": {
        "1": {
            "dur_mean": 0.0,
            "dur_std": 0.0
        },
        "2": {
            "dur_mean": 176.66564417177915,
            "dur_std": 239.6814459955272
        },
        "3": {
            "dur_mean": 201.08282208588957,
            "dur_std": 239.7589351109772
        },
        "4": {
            "dur_mean": 269.6226993865031,
            "dur_std": 240.19300311351893
        },
        "5": {
            "dur_mean": 285.30981595092027,
            "dur_std": 240.3511642998089
        },
        "6": {
            "dur_mean": 328.70245398773005,
            "dur_std": 240.34905474546042
        },
        "7": {
            "dur_mean": 369.14723926380367,
            "dur_std": 244.94408110684768
        },
        "8": {
            "dur_mean": 402.4815950920245,
            "dur_std": 245.6023514643792
        },
        "9": {
            "dur_mean": 462.04294478527606,
            "dur_std": 247.6502459193549
        },
        "10": {
            "dur_mean": 514.4018404907976,
            "dur_std": 250.02305345335785
        },
        "11": {
            "dur_mean": 548.7300613496933,
            "dur_std": 251.71172916895824
        },
        "12": {
            "dur_mean": 623.5306748466257,
            "dur_std": 255.9881919948144
        },
        "13": {
            "dur_mean": 653.2414860681115,
            "dur_std": 256.8247654275483
        },
        "14": {
            "dur_mean": 690.6820987654321,
            "dur_std": 259.19892223630256
        },
        "15": {
            "dur_mean": 772.0555555555555,
            "dur_std": 263.60150875508407
        },
        "16": {
            "dur_mean": 835.7067901234568,
            "dur_std": 273.9144922341983
        },
        "17": {
            "dur_mean": 885.5493827160494,
            "dur_std": 294.1414447238977
        },
        "18": {
            "dur_mean": 1004.1543209876543,
            "dur_std": 384.7754694231639
        },
        "19": {
            "dur_mean": 1299.6288343558283,
            "dur_std": 506.8027687646943
        },
        "21": {
            "dur_mean": 1481.3098159509202,
            "dur_std": 540.3284690704036
        },
        "22": {
            "dur_mean": 1569.5753846153846,
            "dur_std": 548.3465702642881
        },
        "24": {
            "dur_mean": 1799.9938271604938,
            "dur_std": 552.1210662421815
        },
        "25": {
            "dur_mean": 2001.9415384615384,
            "dur_std": 566.1641886829372
        },
        "26": {
            "dur_mean": 2188.923076923077,
            "dur_std": 617.910839679134
        },
        "27": {
            "dur_mean": 2481.031948881789,
            "dur_std": 591.9967073726846
        },
        "28": {
            "dur_mean": 2682.7438271604938,
            "dur_std": 621.6204175059166
        },
        "29": {
            "dur_mean": 2793.3734567901233,
            "dur_std": 623.3577552721893
        },
        "30": {
            "dur_mean": 2896.311728395062,
            "dur_std": 620.8580338452521
        },
        "31": {
            "dur_mean": 2988.2445820433436,
            "dur_std": 619.5335243713075
        },
        "32": {
            "dur_mean": 3121.5541795665636,
            "dur_std": 616.1341050530278
        },
        "33": {
            "dur_mean": 3301.6006191950464,
            "dur_std": 616.0348549263161
        },
        "34": {
            "dur_mean": 3336.15479876161,
            "dur_std": 616.108958914615
        },
        "35": {
            "dur_mean": 3636.1207430340555,
            "dur_std": 608.7311166125529
        },
        "36": {
            "dur_mean": 3742.622291021672,
            "dur_std": 605.9556640801039
        },
        "37": {
            "dur_mean": 3899.294117647059,
            "dur_std": 606.1319400543997
        },
        "38": {
            "dur_mean": 3949.2321981424147,
            "dur_std": 605.6097322368059
        },
        "39": {
            "dur_mean": 4009.0835913312694,
            "dur_std": 606.0672552081242
        },
        "40": {
            "dur_mean": 4055.8699690402477,
            "dur_std": 605.5278394969959
        },
        "41": {
            "dur_mean": 4124.789473684211,
            "dur_std": 610.1735668053665
        },
        "42": {
            "dur_mean": 4227.5638629283485,
            "dur_std": 604.3614940083717
        },
        "43": {
            "dur_mean": 4296.186915887851,
            "dur_std": 603.1797948814856
        },
        "44": {
            "dur_mean": 4347.221183800623,
            "dur_std": 602.7442640123954
        },
        "45": {
            "dur_mean": 4386.006230529595,
            "dur_std": 602.826840776901
        },
        "46": {
            "dur_mean": 4428.77570093458,
            "dur_std": 602.1484914725854
        },
        "47": {
            "dur_mean": 4538.445482866044,
            "dur_std": 607.2191513776918
        },
        "48": {
            "dur_mean": 4619.264797507788,
            "dur_std": 612.1111737569917
        },
        "49": {
            "dur_mean": 4697.046728971963,
            "dur_std": 613.2201488328474
        },
        "50": {
            "dur_mean": 4840.368421052632,
            "dur_std": 621.59424653278
        },
        "23": {
            "dur_mean": 1690.5,
            "dur_std": 324.5620125646253
        },
        "20": {
            "dur_mean": 2056.0,
            "dur_std": 1008.9207104624228
        }
    },
    "feature_eval": {
        "f_values": {
            "weather_main_Clouds": 2.6281813500759603,
            "weather_main_Drizzle": 18.216910478436706,
            "weather_main_Mist": 4.248240644107701,
            "weather_main_Rain": 0.06577278418045436,
            "weather_main_Snow": 27.371917363155603,
            "weather_description_few clouds": 1.357399525492982,
            "weather_description_light intensity drizzle": 29.117053465722158,
            "weather_description_light intensity drizzle rain": 0.15165846730002608,
            "weather_description_light intensity shower rain": 10.117273650729732,
            "weather_description_light rain": 6.0818172173504506,
            "weather_description_light shower snow": 27.371917363155603,
            "weather_description_mist": 4.248240644107701,
            "weather_description_moderate rain": 7.661477252410465,
            "weather_description_overcast clouds": 0.0056351670579376555,
            "weather_description_proximity shower rain": 0.013136976409773633,
            "weather_description_scattered clouds": 0.019723889449861167,
            "weather_description_sky is clear": 1.0968891279504858,
            "weekday_1": 4.651616464397093,
            "weekday_2": 2.9335872076493827,
            "weekday_3": 17.859107257430004,
            "weekday_4": 0.12707191238367666,
            "month_3": 1.4904181384680457,
            "month_4": 5.790976474017787,
            "month_5": 1.127617136065545,
            "month_6": 2.3378931678358446,
            "month_7": 6.170195412519118,
            "month_8": 5.4759336802099705,
            "month_9": 0.6048236193591309,
            "month_10": 0.010203874377491753,
            "month_11": 32.5803212040635,
            "month_12": 49.79599191770653,
            "hour_17": 2.259057256149951,
            "hour_18": 4814.09703014666
        },
        "correlations": {
            "daystamp": 0.07113186088313554,
            "progr_number": 0.9567817581977466,
            "arr_p": 0.6800545784419573,
            "arr_a": 0.711034692292986,
            "dep_p": 0.6800545784419573,
            "dep_a": 0.7115236207671224,
            "end_p": 0.0778356029903551,