{
    "rows": {
        "start": 28626,
        "route_filter": -12344,
        "nan_filter": -9356,
        "negative_dur": 0,
        "outliers": -69,
        "end": 6857
    },
    "scr": 0.8538011695906432,
    "stats": {
        "1": {
            "dur_mean": 0.0,
            "dur_std": 0.0
        },
        "2": {
            "dur_mean": 53.64327485380117,
            "dur_std": 25.54456771606209
        },
        "3": {
            "dur_mean": 143.86470588235295,
            "dur_std": 33.573013979451744
        },
        "4": {
            "dur_mean": 196.45294117647057,
            "dur_std": 40.182727863066106
        },
        "5": {
            "dur_mean": 306.6588235294118,
            "dur_std": 55.41229072240895
        },
        "6": {
            "dur_mean": 395.1637426900585,
            "dur_std": 83.44111749874449
        },
        "7": {
            "dur_mean": 469.63157894736844,
            "dur_std": 115.91502438966644
        },
        "8": {
            "dur_mean": 546.6023391812865,
            "dur_std": 139.49182896297984
        },
        "9": {
            "dur_mean": 585.4093567251462,
            "dur_std": 140.99097478477205
        },
        "10": {
            "dur_mean": 652.3216374269006,
            "dur_std": 144.29082784313078
        },
        "11": {
            "dur_mean": 689.46783625731,
            "dur_std": 150.70701168549866
        },
        "12": {
            "dur_mean": 900.7076023391813,
            "dur_std": 181.70495444889835
        },
        "13": {
            "dur_mean": 1137.5906432748538,
            "dur_std": 232.618892372067
        },
        "14": {
            "dur_mean": 1187.888888888889,
            "dur_std": 234.05935507760933
        },
        "15": {
            "dur_mean": 1463.9122807017543,
            "dur_std": 240.67634704051787
        },
        "16": {
            "dur_mean": 1497.923976608187,
            "dur_std": 241.35161086845775
        },
        "17": {
            "dur_mean": 1718.251461988304,
            "dur_std": 252.71793375612992
        },
        "18": {
            "dur_mean": 1856.4561403508771,
            "dur_std": 271.21326990193126
        },
        "19": {
            "dur_mean": 1982.345029239766,
            "dur_std": 299.95647373729224
        },
        "20": {
            "dur_mean": 2169.122807017544,
            "dur_std": 345.4675639924794
        },
        "21": {
            "dur_mean": 2293.46783625731,
            "dur_std": 363.54354519579357
        },
        "22": {
            "dur_mean": 2483.8830409356724,
            "dur_std": 384.0680367179042
        },
        "23": {
            "dur_mean": 2808.213017751479,
            "dur_std": 398.02568063955
        },
        "24": {
            "dur_mean": 3125.753086419753,
            "dur_std": 405.25169024179405
        },
        "25": {
            "dur_mean": 3243.8086419753085,
            "dur_std": 404.45988114126067
        },
        "26": {
            "dur_mean": 3419.3536585365855,
            "dur_std": 418.4581653182338
        },
        "27": {
            "dur_mean": 3506.0714285714284,
            "dur_std": 422.04209245232846
        },
        "28": {
            "dur_mean": 3538.0295857988167,
            "dur_std": 421.37413284841773
        },
        "29": {
            "dur_mean": 3647.201183431953,
            "dur_std": 422.72275868809913
        },
        "30": {
            "dur_mean": 3718.1183431952663,
            "dur_std": 423.65509636192166
        },
        "31": {
            "dur_mean": 3747.266272189349,
            "dur_std": 423.89051973913166
        },
        "32": {
            "dur_mean": 3789.834319526627,
            "dur_std": 427.26484315481844
        },
        "33": {
            "dur_mean": 3858.112426035503,
            "dur_std": 431.7545382885625
        },
        "34": {
            "dur_mean": 3897.201183431953,
            "dur_std": 430.8894811881478
        },
        "35": {
            "dur_mean": 3931.869822485207,
            "dur_std": 430.35380748822377
        },
        "36": {
            "dur_mean": 4005.508875739645,
            "dur_std": 432.26535223422763
        },
        "37": {
            "dur_mean": 4063.7633136094673,
            "dur_std": 437.3444793822114
        },
        "38": {
            "dur_mean": 4092.6923076923076,
            "dur_std": 439.1887271950842
        },
        "39": {
            "dur_mean": 4122.656804733728,
            "dur_std": 441.1660421587491
        },
        "40": {
            "dur_mean": 4199.827380952381,
            "dur_std": 439.68498517905056
        },
        "41": {
            "dur_mean": 4482.678082191781,
            "dur_std": 466.95778344117645
        }
    },
    "feature_eval": {
        "f_values": {
            "weather_main_Clouds": 1.3774994013115172,
            "weather_main_Drizzle": 6.6731210720817105,
            "weather_main_Fog": 0.07186873637935151,
            "weather_main_Mist": 1.7698256371203211,
            "weather_main_Rain": 11.702928879221837,
            "weather_main_Snow": 11.402144695254067,
            "weather_description_few clouds": 0.46564694485740876,
            "weather_description_fog": 0.07186873637935151,
            "weather_description_light intensity drizzle": 8.172876549765261,
            "weather_description_light intensity drizzle rain": 0.4198075653945975,
            "weather_description_light intensity shower rain": 12.68568775508477,
            "weather_description_light rain": 8.185558812107653,
            "weather_description_light shower snow": 11.402144695254067,
            "weather_description_mist": 1.7698256371203211,
            "weather_description_overcast clouds": 3.086537549536711,
            "weather_description_proximity shower rain": 8.134126778016364,
            "weather_description_scattered clouds": 0.5948908372901723,
            "weather_description_sky is clear": 1.2982640531814347,
            "weekday_1": 3.925128558166338,
            "weekday_2": 0.23538806827873018,
            "weekday_3": 0.08564626778448883,
            "weekday_4": 2.487970167102084,
            "month_3": 8.141436864059362,
            "month_4": 0.03183074455346079,
            "month_5": 2.0305050336020174,
            "month_6": 5.7824388611186865,
            "month_7": 17.70671395952437,
            "month_8": 11.536936928802069,
            "month_9": 1.1645859765770483,
            "month_10": 3.281368705324085,
            "month_11": 4.866254191509738,
            "month_12": 2.018003527188828,
            "hour_8": 12.021042221710186,
            "hour_9": 2038.4627938399285
        },
        "correlations": {
            "daystamp": 0.004621529860006913,
            "progr_number": 0.9648432525009927,
            "arr_p": 0.7903796548656484,
            "arr_a": 0.8355564233577211,
            "dep_p": 0.7903796548656484,
            "dep_a": 0.8353298896470622,
            "end_p": 0.08181326668892763,
            "start_p": 0.05830321815864539,
            "start_a": 0.05952673106762698,
            "temp": 0.0022007406238944414,
            "feels_like": -0.0327869995061731,
            "temp_min": -0.004435624559208563,
            "temp_max": -0.017913138927830734,
            "pressure": -0.003146655223322315,
            "humidity": -0.16252406991505514,
            "wind_speed": 0.09013793613436734,
            "wind_deg": 0.017488901791758608,
            "clouds_all": -0.020496276642304384,
            "dt": 0.0048239013352665405,
            "dur_s": 0.9815398278545527
        }
    },
    "modelling": {
        "XGBoost": {
            "time": 0.7031216621398926,
            "r_2": 0.9946192789390871,
            "mse": 12217.693338123272,
            "rmse": 110.53367513171392,
            "mae": 69.66207805333262
        },
        "Benchmark": {
            "r_2": 0.9481733600876312,
            "mse": 117679.76559766763,