{
    "rows": {
        "start": 211341,
        "route_filter": -80338,
        "nan_filter": -9585,
        "negative_dur": -2,
        "outliers": -1792,
        "end": 119624
    },
    "scr": 0.9853531774155445,
    "stats": {
        "1": {
            "dur_mean": 0.0,
            "dur_std": 0.0
        },
        "2": {
            "dur_mean": 151.06378896882495,
            "dur_std": 86.26822990833288
        },
        "3": {
            "dur_mean": 237.40330697340042,
            "dur_std": 118.94380610655217
        },
        "4": {
            "dur_mean": 349.1059776137175,
            "dur_std": 148.48860110915086
        },
        "5": {
            "dur_mean": 399.8043323018329,
            "dur_std": 156.9733319488742
        },
        "6": {
            "dur_mean": 525.3459074733096,
            "dur_std": 210.62946863655316
        },
        "7": {
            "dur_mean": 703.6089545129793,
            "dur_std": 254.79119883381102
        },
        "8": {
            "dur_mean": 867.8500953288847,
            "dur_std": 274.5211180753845
        },
        "9": {
            "dur_mean": 948.2209773539928,
            "dur_std": 288.79442576243184
        },
        "10": {
            "dur_mean": 1028.2105011933174,
            "dur_std": 296.82191151656804
        },
        "11": {
            "dur_mean": 1244.1976133651551,
            "dur_std": 319.60261730071915
        },
        "12": {
            "dur_mean": 1308.0445402298851,
            "dur_std": 328.9238346998539
        },
        "13": {
            "dur_mean": 1336.3280651340997,
            "dur_std": 333.05347489240836
        },
        "14": {
            "dur_mean": 1367.971517472475,
            "dur_std": 339.02937952997746
        },
        "15": {
            "dur_mean": 1441.2379698348097,
            "dur_std": 358.63207790597477
        },
        "16": {
            "dur_mean": 1470.47306679435,
            "dur_std": 360.7909505052455
        },
        "17": {
            "dur_mean": 1506.6593248743118,
            "dur_std": 363.12414764683115
        },
        "18": {
            "dur_mean": 1527.1910462054107,
            "dur_std": 364.3181526717692
        },
        "19": {
            "dur_mean": 1572.9109621828627,
            "dur_std": 367.15057714225355
        },
        "20": {
            "dur_mean": 1612.379607467688,
            "dur_std": 372.83900816533327
        },
        "21": {
            "dur_mean": 1693.8228817616084,
            "dur_std": 382.5514481345426
        },
        "22": {
            "dur_mean": 1739.6079463858305,
            "dur_std": 388.200082742604
        },
        "23": {
            "dur_mean": 1772.5561407708883,
            "dur_std": 392.3883993075693
        },
        "24": {
            "dur_mean": 1895.180731532393,
            "dur_std": 405.99427679439555
        },
        "25": {
            "dur_mean": 1945.2392550143265,
            "dur_std": 412.92449805673743
        },
        "26": {
            "dur_mean": 1981.4198710293767,
            "dur_std": 419.9550296342801
        },
        "27": {
            "dur_mean": 2024.7435530085959,
            "dur_std": 432.7800955175409
        },
        "28": {
            "dur_mean": 2059.4039196940726,
            "dur_std": 434.5125520296468
        },
        "29": {
            "dur_mean": 2113.4904716531682,
            "dur_std": 445.85458393028006
        }
    },
    "feature_eval": {
        "f_values": {
            "weather_main_Clouds": 0.0881958233267711,
            "weather_main_Drizzle": 39.075341362292725,
            "weather_main_Fog": 1.91674810465295,
            "weather_main_Mist": 0.14864899074261392,
            "weather_main_Rain": 26.004284558588083,
            "weather_main_Smoke": 1.0883442194431554,
            "weather_description_drizzle": 3.4858758405244625,
            "weather_description_few clouds": 0.8384888517394087,
            "weather_description_fog": 1.91674810465295,
            "weather_description_heavy intensity rain": 8.22471801630353,
            "weather_description_light intensity drizzle": 17.24078821040662,
            "weather_description_light intensity drizzle rain": 23.54037775449366,
            "weather_description_light intensity shower rain": 2.9423283583663773,
            "weather_description_light rain": 0.15327839796992448,
            "weather_description_mist": 0.14864899074261392,
            "weather_description_moderate rain": 1.3906277024088913,
            "weather_description_overcast clouds": 34.181449723000576,
            "weather_description_proximity shower rain": 96.96759894134082,
            "weather_description_scattered clouds": 23.493237250873115,
            "weather_description_sky is clear": 3.7715528477786866,
            "weather_description_smoke": 1.0883442194431554,
            "weekday_1": 6.221538707720659,
            "weekday_2": 41.36047902025885,
            "weekday_3": 94.84309275537822,
            "weekday_4": 163.02848806003297,
            "weekday_5": 411.96814808469105,
            "weekday_6": 195.37969694228138,
            "month_6": 1.2962982180506046,
            "month_7": 2.111239155928571,
            "month_8": 8.710788438695044,
            "month_9": 1.2757519094622505,
            "month_10": 1.3416141321138801,
            "month_11": 2.9999381069642643,
            "month_12": 11.935895862536494,
            "hour_8": 0.15789830959538653,
            "hour_9": 0.11476772175671877,
            "hour_10": 60.489503356136105,
            "hour_11": 8.254707206020745,
            "hour_12": 13.802231409352213,
            "hour_13": 5.855638366266482,
            "hour_14": 0.11704904724282184,
            "hour_15": 0.3544154974983352,
            "hour_16": 372.24535339520634,
            "hour_17": 2337.7183698479917,
            "hour_18": 1220.9172291957004,
            "hour_19": 3.947132983229345,
            "hour_20": 19.200146592675676,
            "hour_21": 324.5338210345143,
            "hour_22": 704.0424173767466,
            "hour_23": 436.87585892209535,
            "holiday_1": 56.937611184948764
        },
        "correlations": {
            "daystamp": -0.008097899204018875,
            "progr_number": 0.8818534187814006,
            "arr_p": 0.00972601183148785,
            "arr_a": 0.01758673930979908,
            "dep_p": 0.00972601183148785,
            "dep_a": 0.017514444458620975,
            "end_p": -0.019146417219440243,
            "start_p": -0.023154625338738456,
            "start_a": -0.023013836836361563,
            "temp": 0.04315659737748535,
            "feels_like": 0.021706920596694497,
            "temp_min": 0.037331750586328344,
            "temp_max": 0.04017956163011205,
            "pressure": -0.024118677256704284,
            "humidity": -0.08668671012917446,
            "wind_speed": 0.03999547768409531,
            "wind_deg": -0.010638314091071962,
            "clouds_all": -0.009417978961960123,
            "dt": -0.008067799738032058,
            "dur_s": 0.9433388111740966
        }
    },
    "modelling": {
        "XGBoost": {
            "time": 13.41387391090393,
            "r_2": 0.9461642776992363,
            "mse": 24975.947121917634,
            "rmse": 158.03780282551904,
            "mae": 115.21471685434909
        },
        "Benchmark": {
            "r_2": 0.8334841123032455,
            "mse": 77251.53166588645,
            "rmse": 277.9415975810142,
            "mae": 200.71932053768475
        }
    },