{
    "rows": {
        "start": 194748,
        "route_filter": -79146,
        "nan_filter": -5599,
        "negative_dur": 0,
        "outliers": -1333,
        "end": 108670
    },
    "scr": 0.0032981530343007917,
    "stats": {
        "1": {
            "dur_mean": 0.0,
            "dur_std": 0.0
        },
        "2": {
            "dur_mean": 87.75245098039215,
            "dur_std": 154.10768333853864
        },
        "3": {
            "dur_mean": 253.76162018592296,
            "dur_std": 222.82895762886773
        },
        "4": {
            "dur_mean": 309.3809944751381,
            "dur_std": 241.40914836736493
        },
        "5": {
            "dur_mean": 407.5895225464191,
            "dur_std": 245.45330592797586
        },
        "6": {
            "dur_mean": 449.74430435744307,
            "dur_std": 248.68395037003373
        },
        "7": {
            "dur_mean": 481.3534482758621,
            "dur_std": 252.91084342886842
        },
        "8": {
            "dur_mean": 572.7866136514248,
            "dur_std": 268.04826727680745
        },
        "9": {
            "dur_mean": 643.4266547406082,
            "dur_std": 277.41912281445843
        },
        "10": {
            "dur_mean": 682.7488257660478,
            "dur_std": 278.7800873826968
        },
        "11": {
            "dur_mean": 708.4542607917692,
            "dur_std": 279.35066141853605
        },
        "12": {
            "dur_mean": 734.6584656676358,
            "dur_std": 280.03668402912876
        },
        "13": {
            "dur_mean": 762.0847685081637,
            "dur_std": 282.3317343993305
        },
        "14": {
            "dur_mean": 841.0486715784773,
            "dur_std": 299.1976173787293
        },
        "15": {
            "dur_mean": 872.8666815542653,
            "dur_std": 299.3148357087198
        },
        "16": {
            "dur_mean": 900.4429814773488,
            "dur_std": 306.03044012991387
        },
        "17": {
            "dur_mean": 1001.5180722891566,
            "dur_std": 335.59206708624276
        },
        "18": {
            "dur_mean": 1076.778249218401,
            "dur_std": 334.0407442996123
        },
        "19": {
            "dur_mean": 1170.4988918439717,
            "dur_std": 351.5967056213435
        },
        "20": {
            "dur_mean": 1276.7996897850653,
            "dur_std": 372.1602771974229
        },
        "21": {
            "dur_mean": 1354.008225878168,
            "dur_std": 390.8214201006988
        },
        "22": {
            "dur_mean": 1558.7682568392495,
            "dur_std": 474.4917587231302
        },
        "24": {
            "dur_mean": 1908.51207478577,
            "dur_std": 458.91959010140005
        },
        "25": {
            "dur_mean": 2109.9019283746557,
            "dur_std": 494.8312902500753
        },
        "26": {
            "dur_mean": 2177.1459251101323,
            "dur_std": 514.2681662401017
        },
        "23": {
            "dur_mean": 2210.4666666666667,
            "dur_std": 874.5574282104607
        }
    },
    "feature_eval": {
        "f_values": {
            "weather_main_Clouds": 2.0491488406699108,
            "weather_main_Drizzle": 2.1333460194966185,
            "weather_main_Fog": 2.347164512542962,
            "weather_main_Mist": 2.061391319857441,
            "weather_main_Rain": 4.373595657824865,
            "weather_main_Smoke": 0.2510587389379863,
            "weather_description_drizzle": 2.1590008642947707,
            "weather_description_few clouds": 3.986448363993763,
            "weather_description_fog": 2.347164512542962,
            "weather_description_light intensity drizzle": 0.803083022103965,
            "weather_description_light intensity drizzle rain": 1.5942031382039084,
            "weather_description_light intensity shower rain": 3.879315687709963,
            "weather_description_light rain": 0.0017820499268255186,
            "weather_description_mist": 2.061391319857441,
            "weather_description_moderate rain": 0.5410126845772913,
            "weather_description_overcast clouds": 12.226688652310797,
            "weather_description_proximity shower rain": 4.100124436083802,
            "weather_description_scattered clouds": 0.036589936527541216,
            "weather_description_sky is clear": 24.685450943139635,
            "weather_description_smoke": 0.2510587389379863,
            "weekday_1": 7.070067735804743,
            "weekday_2": 20.9903461541759,
            "weekday_3": 53.082849182369024,
            "weekday_4": 109.31857149921412,
            "weekday_5": 384.85844945822095,
            "weekday_6": 82.02967387412448,
            "month_6": 1.3549951731772496,
            "month_7": 6.950504987864044,
            "month_8": 8.799327046784892,
            "month_9": 3.355334667684913,
            "month_10": 1.285054178892162,
            "month_11": 2.3426263699290457,
            "month_12": 0.17444657622288073,
            "hour_6": 305.8477036530785,
            "hour_7": 0.18832062965996849,
            "hour_8": 544.7350323784667,
            "hour_9": 423.13215672606646,
            "hour_10": 63.85906460107887,
            "hour_11": 34.132512523739564,
            "hour_12": 4.375591641390136,
            "hour_13": 6.938630228572133,
            "hour_14": 8.891034582742016,
            "hour_15": 143.37101210060828,
            "hour_16": 136.0876849318849,
            "hour_17": 674.2147818630697,
            "hour_18": 0.7469066749679065,
            "hour_19": 50.21976966828475,
            "hour_20": 289.4252153555868,
            "hour_21": 551.93957704281,
            "hour_22": 646.9689854826727,
            "hour_23": 1302.1192765852422,
            "holiday_1": 20.52208282660218
        },
        "correlations": {
            "daystamp": -0.0018755810002525836,
            "progr_number": 0.8832981140866958,
            "arr_p": -0.13899099444805504,
            "arr_a": -0.13187518060588482,
            "dep_p": -0.13899099444805504,
            "dep_a": -0.13159890749416014,
            "end_p": -0.16444529328836138,
            "start_p": -0.16640754414592487,
            "start_a": -0.16693424978707577,
            "temp": 0.010490699429047583,
            "feels_like": -0.002381293138726754,
            "temp_min": 0.009394753522852252,
            "temp_max": 0.003700731784685669,
            "pressure": -0.017342777308667016,
            "humidity": -0.03005925434823473,
            "wind_speed": 0.03325315405671746,
            "wind_deg": 0.001324782086734665,
            "clouds_all": 0.00331063067234205,
            "dt": -0.0022950633378705496,
            "dur_s": 0.9335428855361665
        }
    },
    "modelling": {
        "XGBoost": {
            "time": 12.796972036361694,
            "r_2": 0.946000920695517,
            "mse": 18859.75062426916,
            "rmse": 137.33080726577398,
            "mae": 95.9652636874647
        },
        "Benchmark": {
            "r_2": 0.8424615089052975,
            "mse": 55021.987301236746,
            "rmse": 234.56766039084917,
            "mae": 157.34176236749116
        }
    },