{
    "rows": {
        "start": 100767,
        "route_filter": 0,
        "nan_filter": -6689,
        "negative_dur": 0,
        "outliers": -909,
        "end": 93169
    },
    "scr": 0.9138029238655782,
    "stats": {
        "1": {
            "dur_mean": 0.0,
            "dur_std": 0.0
        },
        "2": {
            "dur_mean": 72.556463878327,
            "dur_std": 30.212438646823045
        },
        "3": {
            "dur_mean": 115.21318639559186,
            "dur_std": 46.197888770030225
        },
        "4": {
            "dur_mean": 165.70209125475284,
            "dur_std": 51.785393480612385
        },
        "5": {
            "dur_mean": 207.72438699866944,
            "dur_std": 59.59703778516004
        },
        "6": {
            "dur_mean": 232.49496101920516,
            "dur_std": 63.12067182751185
        },
        "7": {
            "dur_mean": 317.57335613835045,
            "dur_std": 75.46756137385717
        },
        "8": {
            "dur_mean": 354.4271051130964,
            "dur_std": 82.7526403548883
        },
        "9": {
            "dur_mean": 433.38072609770006,
            "dur_std": 101.16252631833422
        },
        "10": {
            "dur_mean": 538.1535530577253,
            "dur_std": 119.90963492590227
        },
        "11": {
            "dur_mean": 577.0017162471396,
            "dur_std": 125.4017073644102
        },
        "12": {
            "dur_mean": 621.5688143347312,
            "dur_std": 129.6022562870898
        },
        "13": {
            "dur_mean": 665.7568134171908,
            "dur_std": 136.12251978097242
        },
        "14": {
            "dur_mean": 701.5079991689175,
            "dur_std": 137.0291355379977
        },
        "15": {
            "dur_mean": 737.3890583301563,
            "dur_std": 139.82412139921215
        },
        "16": {
            "dur_mean": 775.6225695768204,
            "dur_std": 143.60425753183708
        },
        "17": {
            "dur_mean": 1137.581998474447,
            "dur_std": 191.20338754147303
        },
        "18": {
            "dur_mean": 1483.221044517248,
            "dur_std": 281.6463389898263
        }
    },
    "feature_eval": {
        "f_values": {
            "weather_main_Clouds": 1.1109472082450147,
            "weather_main_Drizzle": 0.49441749523098727,
            "weather_main_Fog": 1.0401558725984492,
            "weather_main_Mist": 5.729502591161943,
            "weather_main_Rain": 1.1176878492347575,
            "weather_main_Snow": 4.656641787317951,
            "weather_description_broken clouds": 5.8907724756877275,
            "weather_description_drizzle": 0.00024000055775317392,
            "weather_description_few clouds": 2.1860067539036137,
            "weather_description_fog": 1.0401558725984492,
            "weather_description_heavy intensity rain": 2.5475365552626177,
            "weather_description_light intensity drizzle": 0.20523708657677167,
            "weather_description_light intensity drizzle rain": 0.2979762396569569,
            "weather_description_light intensity shower rain": 1.0899404765869265,
            "weather_description_light rain": 0.2048494165389658,
            "weather_description_light shower snow": 2.2164185383979746,
            "weather_description_light snow": 2.492209837862241,
            "weather_description_mist": 5.729502591161943,
            "weather_description_moderate rain": 0.6200166998910476,
            "weather_description_overcast clouds": 0.8252786490938429,
            "weather_description_proximity shower rain": 0.7790377384836656,
            "weather_description_scattered clouds": 0.2244815166311489,
            "weather_description_sky is clear": 10.816919944931438,
            "weekday_1": 3.408275044523942,
            "weekday_2": 7.665991366580992,
            "weekday_3": 20.561348972981918,
            "weekday_4": 31.941510459978574,
            "weekday_5": 16.455065284903363,
            "weekday_6": 94.08456286648004,
            "month_2": 1.8498041520167838,
            "month_3": 0.05791444762792609,
            "month_4": 1.1953858454163568,
            "month_5": 2.5626311601985696,
            "month_6": 0.1913345722744653,
            "month_7": 7.8761445828556855,
            "month_8": 5.241591006060325,
            "month_9": 0.002300790632107669,
            "month_10": 1.0847267714308786,
            "month_11": 7.351366775563928,
            "month_12": 19.304653749112052,
            "hour_6": 156.62744136922072,
            "hour_7": 6.829139793672204,
            "hour_8": 65.67211676733739,
            "hour_9": 13.911348352041243,
            "hour_10": 0.7670761580345455,
            "hour_11": 3.379364261917132,
            "hour_12": 22.40386299771938,
            "hour_13": 109.00946693281924,
            "hour_14": 0.25699221406118444,
            "hour_15": 30.26672211837744,
            "hour_16": 35.759183512586304,
            "hour_17": 62.51000953323926,
            "hour_18": 47.877245621217384,
            "hour_19": 14.544326384615443,
            "hour_20": 29.800352634940094,
            "hour_21": 194.0704405014659,
            "hour_22": 310.16264559479623,
            "hour_23": 1.0551495134138171,
            "holiday_1": 36.70252949071703
        },
        "correlations": {
            "daystamp": 0.014025956052170404,
            "progr_number": 0.9059264414018797,
            "arr_p": -0.062306090428801975,
            "arr_a": -0.05886491113862306,
            "dep_p": -0.062306090428801975,
            "dep_a": -0.058945910102331266,
            "end_p": -0.08074037837129132,
            "start_p": -0.0813871887611347,
            "start_a": -0.08113600132397429,
            "temp": 0.0065408660954476925,
            "feels_like": 0.00037202664996978846,
            "temp_min": 0.007156072696951382,
            "temp_max": 0.002190667657195701,
            "pressure": -0.004644254233917664,
            "humidity": -0.02604388348829434,
            "wind_speed": 0.011107024843592536,
            "wind_deg": 0.0028332384983270208,
            "clouds_all": 0.011709313361689499,
            "dt": 0.013905780093869344,
            "dur_s": 0.9653638682175877
        }
    },
    "modelling": {
        "XGBoost": {
            "time": 11.608969926834106,
            "r_2": 0.9585743733567752,
            "mse": 6215.940659791304,
            "rmse": 78.84123705137625,
            "mae": 48.6713956166605
        },
        "Benchmark": {
            "r_2": 0.90472341265767,
            "mse": 14296.3103078178,
            "rmse": 119.56717905770714,
            "mae": 76.92963551281501
        }
    },