{
    "rows": {
        "start": 2107279,
        "route_filter": -75647,
        "nan_filter": -117439,
        "negative_dur": -96,
        "outliers": -13650,
        "end": 1900447
    },
    "scr": 0.9134324312113135,
    "stats": {
        "1": {
            "dur_mean": 0.0,
            "dur_std": 0.0
        },
        "2": {
            "dur_mean": 47.22872586159106,
            "dur_std": 70.26153123152348
        },
        "3": {
            "dur_mean": 119.38345623597307,
            "dur_std": 102.84701995565682
        },
        "4": {
            "dur_mean": 171.27794312926417,
            "dur_std": 111.45403438467889
        },
        "5": {
            "dur_mean": 266.7651438551338,
            "dur_std": 120.36049096873236
        },
        "6": {
            "dur_mean": 304.8484695284493,
            "dur_std": 123.2235537073285
        },
        "7": {
            "dur_mean": 364.7031759893368,
            "dur_std": 130.73166735897178
        },
        "8": {
            "dur_mean": 398.78143960286815,
            "dur_std": 134.76880238509958
        },
        "9": {
            "dur_mean": 465.0278020311567,
            "dur_std": 141.00123203267455
        },
        "10": {
            "dur_mean": 513.7357753469988,
            "dur_std": 145.02854305263855
        },
        "11": {
            "dur_mean": 558.8552849264706,
            "dur_std": 149.39530046771839
        },
        "12": {
            "dur_mean": 602.58859741811,
            "dur_std": 154.55134399665218
        },
        "13": {
            "dur_mean": 702.5348495290605,
            "dur_std": 183.30209041552112
        },
        "14": {
            "dur_mean": 728.6934601773978,
            "dur_std": 184.632457044505
        },
        "15": {
            "dur_mean": 760.9175167723555,
            "dur_std": 189.6736924222893
        },
        "16": {
            "dur_mean": 813.6049632352941,
            "dur_std": 195.0113104368754
        },
        "17": {
            "dur_mean": 847.5128888480449,
            "dur_std": 198.0728484233565
        },
        "18": {
            "dur_mean": 882.6937388028848,
            "dur_std": 205.0840024238675
        },
        "19": {
            "dur_mean": 924.1985209682605,
            "dur_std": 209.66958431907463
        },
        "20": {
            "dur_mean": 1019.1937400045693,
            "dur_std": 225.4007792042293
        },
        "21": {
            "dur_mean": 1089.4960101559666,
            "dur_std": 244.08893518862882
        },
        "22": {
            "dur_mean": 1150.7277095326594,
            "dur_std": 252.21042616031815
        },
        "23": {
            "dur_mean": 1169.305269835516,
            "dur_std": 255.66374930692749
        },
        "24": {
            "dur_mean": 1238.8704449775928,
            "dur_std": 267.43549640200456
        },
        "25": {
            "dur_mean": 1272.523792292383,
            "dur_std": 272.78999595283216
        },
        "26": {
            "dur_mean": 1336.116484212431,
            "dur_std": 279.99919079706257
        },
        "27": {
            "dur_mean": 1391.1208666938073,
            "dur_std": 287.89204629437063
        },
        "28": {
            "dur_mean": 1474.5032777250328,
            "dur_std": 299.72461118435723
        },
        "29": {
            "dur_mean": 1517.3936078839113,
            "dur_std": 305.0368542533998
        },
        "30": {
            "dur_mean": 1549.9349034853758,
            "dur_std": 309.38782072078
        },
        "31": {
            "dur_mean": 1597.2883945928838,
            "dur_std": 316.92743087844065
        },
        "32": {
            "dur_mean": 1688.214841277019,
            "dur_std": 328.98502966548637
        },
        "33": {
            "dur_mean": 1740.9069830508474,
            "dur_std": 336.78719946881813
        },
        "34": {
            "dur_mean": 1794.3751412429378,
            "dur_std": 343.9057728988338
        },
        "35": {
            "dur_mean": 1861.5614011299435,
            "dur_std": 351.980641879672
        },
        "36": {
            "dur_mean": 1912.5389516493449,
            "dur_std": 359.6839939248453
        },
        "37": {
            "dur_mean": 1966.5446206678414,
            "dur_std": 368.0395772770293
        },
        "38": {
            "dur_mean": 2038.6378920726747,
            "dur_std": 378.10954218172236
        },
        "39": {
            "dur_mean": 2074.4842195695423,
            "dur_std": 388.5332207730143
        },
        "40": {
            "dur_mean": 2161.923000226603,
            "dur_std": 409.57297268011536
        },
        "41": {
            "dur_mean": 2508.3340905993005,
            "dur_std": 525.3160379893263
        },
        "42": {
            "dur_mean": 2659.190747024805,
            "dur_std": 502.8843605962814
        },
        "43": {
            "dur_mean": 2873.0511358190356,
            "dur_std": 528.817125831905
        },
        "44": {
            "dur_mean": 3004.1294100705613,
            "dur_std": 535.2537364290815
        },
        "45": {
            "dur_mean": 3144.305832490488,
            "dur_std": 550.1247474348701
        },
        "46": {
            "dur_mean": 3297.30330634278,
            "dur_std": 573.8172491496401
        },
        "47": {
            "dur_mean": 3400.3254603297023,
            "dur_std": 584.8561322412467
        },
        "48": {
            "dur_mean": 3442.238462279603,
            "dur_std": 590.3024141047375
        },
        "49": {
            "dur_mean": 3486.7472326499183,
            "dur_std": 595.7033877536336
        },
        "50": {
            "dur_mean": 3538.361152532589,
            "dur_std": 599.8078941092793
        },
        "51": {
            "dur_mean": 3624.622469100178,
            "dur_std": 608.937677164242
        },
        "52": {
            "dur_mean": 3705.8175,
            "dur_std": 622.0921614989476
        },
        "53": {
            "dur_mean": 3765.5041600538643,
            "dur_std": 627.7085182876255
        },
        "54": {
            "dur_mean": 3818.6735263006058,
            "dur_std": 635.1558810117439
        },
        "55": {
            "dur_mean": 3898.6751105556623,
            "dur_std": 647.3058264160674
        },
        "56": {
            "dur_mean": 3955.5875991348234,
            "dur_std": 655.6240268065841
        },
        "57": {
            "dur_mean": 4000.0855000720912,
            "dur_std": 662.1635336307585
        },
        "58": {
            "dur_mean": 4091.0526315789475,
            "dur_std": 672.6806864124705
        },
        "59": {
            "dur_mean": 4143.585931869505,
            "dur_std": 680.9447695965242
        },
        "60": {
            "dur_mean": 4232.0543802288685,
            "dur_std": 689.2113722903715
        },
        "61": {
            "dur_mean": 4302.792055400596,
            "dur_std": 701.6324340886536
        },
        "62": {
            "dur_mean": 4339.094993025828,
            "dur_std": 708.8216415624735
        },
        "63": {
            "dur_mean": 4402.595644440171,
            "dur_std": 720.4124937507553
        },
        "64": {
            "dur_mean": 4470.10163129782,
            "dur_std": 731.9381089608049
        },
        "65": {
            "dur_mean": 4517.530082787832,
            "dur_std": 737.7404966807475
        },
        "66": {
            "dur_mean": 4541.564884761584,
            "dur_std": 743.9551032570789
        },
        "67": {
            "dur_mean": 4592.400115501227,
            "dur_std": 756.9024988678286
        },
        "68": {
            "dur_mean": 4645.7851402723645,
            "dur_std": 769.4177696271782
        },
        "69": {
            "dur_mean": 4700.721166337872,
            "dur_std": 778.4850608398773
        },
        "70": {
            "dur_mean": 4746.9577559661275,