{
    "rows": {
        "start": 2049453,
        "route_filter": -70505,
        "nan_filter": -154013,
        "negative_dur": -9,
        "outliers": -13241,
        "end": 1811685
    },
    "scr": 0.9194079732633087,
    "stats": {
        "1": {
            "dur_mean": 0.0,
            "dur_std": 0.0
        },
        "2": {
            "dur_mean": 64.36461217154792,
            "dur_std": 25.414934149308493
        },
        "3": {
            "dur_mean": 147.45872093023254,
            "dur_std": 39.0362723024462
        },
        "4": {
            "dur_mean": 177.93601125503324,
            "dur_std": 43.33674292502124
        },
        "5": {
            "dur_mean": 237.87910014513787,
            "dur_std": 54.42477706316743
        },
        "6": {
            "dur_mean": 281.2927725404883,
            "dur_std": 62.69929161092366
        },
        "7": {
            "dur_mean": 376.2695206803247,
            "dur_std": 78.26548466013931
        },
        "8": {
            "dur_mean": 408.91212560386475,
            "dur_std": 84.38732028534825
        },
        "9": {
            "dur_mean": 452.2226837986668,
            "dur_std": 91.18972838724414
        },
        "10": {
            "dur_mean": 490.6816669078281,
            "dur_std": 99.75509635876351
        },
        "11": {
            "dur_mean": 520.6950631568798,
            "dur_std": 106.92156527653117
        },
        "12": {
            "dur_mean": 581.0518992826537,
            "dur_std": 117.15020461212663
        },
        "13": {
            "dur_mean": 637.1733224536815,
            "dur_std": 126.96760558005185
        },
        "14": {
            "dur_mean": 759.675908633817,
            "dur_std": 148.0828864454084
        },
        "15": {
            "dur_mean": 863.5590980899037,
            "dur_std": 160.58961659023123
        },
        "16": {
            "dur_mean": 887.266743262004,
            "dur_std": 163.255184457133
        },
        "17": {
            "dur_mean": 951.637416822251,
            "dur_std": 171.59651798460652
        },
        "18": {
            "dur_mean": 1035.649376797699,
            "dur_std": 183.78740210664563
        },
        "19": {
            "dur_mean": 1218.552918660287,
            "dur_std": 211.00328291255036
        },
        "20": {
            "dur_mean": 1307.1012470734388,
            "dur_std": 234.89335232734237
        },
        "21": {
            "dur_mean": 1446.8032191813536,
            "dur_std": 298.0816742560248
        },
        "22": {
            "dur_mean": 1481.2805501169953,
            "dur_std": 303.4045037130389
        },
        "23": {
            "dur_mean": 1530.743089042731,
            "dur_std": 309.76673671744146
        },
        "24": {
            "dur_mean": 1587.5985101709484,
            "dur_std": 319.2381171166085
        },
        "25": {
            "dur_mean": 1636.9840511889981,
            "dur_std": 325.7107572399771
        },
        "26": {
            "dur_mean": 1736.1932480183364,
            "dur_std": 344.6818010876346
        },
        "27": {
            "dur_mean": 1809.4000382080428,
            "dur_std": 361.41678268941814
        },
        "28": {
            "dur_mean": 1877.11051625239,
            "dur_std": 372.147562576311
        },
        "29": {
            "dur_mean": 1900.5896835261497,
            "dur_std": 375.8995519655955
        },
        "30": {
            "dur_mean": 1994.4635498828816,
            "dur_std": 386.11010686912056
        },
        "31": {
            "dur_mean": 2084.458887082895,
            "dur_std": 397.96489585464076
        },
        "32": {
            "dur_mean": 2140.1416216732764,
            "dur_std": 406.977659439136
        },
        "33": {
            "dur_mean": 2201.0906832298137,
            "dur_std": 414.44890848445334
        },
        "34": {
            "dur_mean": 2267.892933925756,
            "dur_std": 424.0252225381638
        },
        "35": {
            "dur_mean": 2329.6339051077452,
            "dur_std": 433.1640796353288
        },
        "36": {
            "dur_mean": 2365.395479956042,
            "dur_std": 439.27937406963304
        },
        "37": {
            "dur_mean": 2424.8032395241053,
            "dur_std": 449.49808218268487
        },
        "38": {
            "dur_mean": 2454.712756808409,
            "dur_std": 453.59988640805136
        },
        "39": {
            "dur_mean": 2514.33355627747,
            "dur_std": 463.96542540067463
        },
        "40": {
            "dur_mean": 2614.6142932212297,
            "dur_std": 480.8456382197199
        },
        "41": {
            "dur_mean": 2698.973535874654,
            "dur_std": 491.31734281367477
        },
        "42": {
            "dur_mean": 2751.3380793119923,
            "dur_std": 496.2420435500655
        },
        "43": {
            "dur_mean": 2789.210110962311,
            "dur_std": 502.56329834849595
        },
        "44": {
            "dur_mean": 2820.41009327912,
            "dur_std": 510.39131474503
        },
        "45": {
            "dur_mean": 2940.318199215386,
            "dur_std": 541.9000833482643
        },
        "46": {
            "dur_mean": 3113.334628297362,
            "dur_std": 570.6568531147493
        },
        "47": {
            "dur_mean": 3315.3554488718196,
            "dur_std": 595.6318878537706
        },
        "48": {
            "dur_mean": 3777.2617924528304,
            "dur_std": 689.1246670903163
        },
        "49": {
            "dur_mean": 3864.6166909015374,
            "dur_std": 686.097655986009
        },
        "50": {
            "dur_mean": 3886.7569645068097,
            "dur_std": 690.2473415091091
        },
        "51": {
            "dur_mean": 3952.996252025932,
            "dur_std": 697.1721705510811
        },
        "52": {
            "dur_mean": 4031.596232720644,
            "dur_std": 708.1965063399039
        },
        "53": {
            "dur_mean": 4106.219618363112,
            "dur_std": 714.6373470969443
        },
        "54": {
            "dur_mean": 4156.544170505746,
            "dur_std": 720.4552964827268
        },
        "55": {
            "dur_mean": 4223.927483426952,
            "dur_std": 727.0181438812779
        },
        "56": {
            "dur_mean": 4264.195230621234,
            "dur_std": 731.2831533608604
        },
        "57": {
            "dur_mean": 4323.308561296859,
            "dur_std": 740.3837644260731
        },
        "58": {
            "dur_mean": 4341.153054499367,
            "dur_std": 742.8195918264679
        },
        "59": {
            "dur_mean": 4375.976576759278,
            "dur_std": 755.8658379594167
        },
        "60": {
            "dur_mean": 4455.130668833477,
            "dur_std": 777.2935242843057
        },
        "61": {
            "dur_mean": 4514.745041196216,
            "dur_std": 787.3255534589357
        },
        "62": {
            "dur_mean": 4542.296820147545,
            "dur_std": 790.4128773985576
        },
        "63": {
            "dur_mean": 4591.969971498372,
            "dur_std": 795.9852457433458
        },
        "64": {
            "dur_mean": 4629.210839694657,
            "dur_std": 801.0634105290854
        },
        "65": {
            "dur_mean": 4703.132305029526,
            "dur_std": 804.9431985399929
        },
        "66": {
            "dur_mean": 4751.646538128911,
            "dur_std": 811.9054127636259
        },
        "67": {
            "dur_mean": 4836.130779795513,
            "dur_std": 822.7578457988351
        },
        "68": {
            "dur_mean": 4904.12683870311,
            "dur_std": 831.5850615200554
        },
        "69": {
            "dur_mean": 4943.724885496184,
            "dur_std": 837.4756779497308
        },
        "70": {
            "dur_mean": 4980.353871985347,
            "dur_std": 842.8114727141906
        },