{
    "rows": {
        "start": 727942,
        "route_filter": -90761,
        "nan_filter": -235418,
        "negative_dur": -49,
        "outliers": -4174,
        "end": 397540
    },
    "scr": 0.8523097673373047,
    "stats": {
        "1": {
            "dur_mean": 0.0,
            "dur_std": 0.0
        },
        "2": {
            "dur_mean": 109.2695043468443,
            "dur_std": 61.13993871660044
        },
        "3": {
            "dur_mean": 165.48934010152286,
            "dur_std": 75.09658885888244
        },
        "4": {
            "dur_mean": 235.54091883959813,
            "dur_std": 90.94549510203531
        },
        "5": {
            "dur_mean": 304.096195099921,
            "dur_std": 100.02093166308467
        },
        "6": {
            "dur_mean": 348.80817894261185,
            "dur_std": 107.8449021108179
        },
        "7": {
            "dur_mean": 412.2147377938517,
            "dur_std": 116.61615628874478
        },
        "8": {
            "dur_mean": 446.2410633484163,
            "dur_std": 125.22146612305366
        },
        "9": {
            "dur_mean": 501.35086528673224,
            "dur_std": 137.26520867688455
        },
        "10": {
            "dur_mean": 519.1613705755965,
            "dur_std": 141.29095748433016
        },
        "11": {
            "dur_mean": 551.6691525423729,
            "dur_std": 161.66941727957467
        },
        "12": {
            "dur_mean": 627.9594258589511,
            "dur_std": 193.66156362216722
        },
        "13": {
            "dur_mean": 684.0982031868008,
            "dur_std": 206.34131921644894
        },
        "14": {
            "dur_mean": 709.8530275643923,
            "dur_std": 211.06175783036943
        },
        "15": {
            "dur_mean": 757.6788255223038,
            "dur_std": 217.99351980237506
        },
        "16": {
            "dur_mean": 791.4948674562888,
            "dur_std": 224.2954346715362
        },
        "17": {
            "dur_mean": 862.7605459057072,
            "dur_std": 229.97339914319485
        },
        "18": {
            "dur_mean": 906.067087608524,
            "dur_std": 239.4354040376734
        },
        "19": {
            "dur_mean": 987.2604530598445,
            "dur_std": 252.08454806824668
        },
        "20": {
            "dur_mean": 1045.8409730825542,
            "dur_std": 261.9651055796121
        },
        "21": {
            "dur_mean": 1067.7510135135135,
            "dur_std": 265.23296852422044
        },
        "22": {
            "dur_mean": 1101.1145399256673,
            "dur_std": 270.31112553096733
        },
        "23": {
            "dur_mean": 1131.1885135135135,
            "dur_std": 276.18806596021943
        },
        "24": {
            "dur_mean": 1203.2058558558558,
            "dur_std": 288.91852587837116
        },
        "25": {
            "dur_mean": 1251.0713722841383,
            "dur_std": 293.3991981562285
        },
        "26": {
            "dur_mean": 1309.3298435213328,
            "dur_std": 302.5595587606551
        },
        "27": {
            "dur_mean": 1348.946886234489,
            "dur_std": 307.5873693046075
        },
        "28": {
            "dur_mean": 1519.9279478827361,
            "dur_std": 327.82790875402515
        },
        "29": {
            "dur_mean": 1663.525850699024,
            "dur_std": 346.2264807091412
        },
        "30": {
            "dur_mean": 1690.0260132388805,
            "dur_std": 344.0994626643979
        },
        "31": {
            "dur_mean": 1736.1129199861448,
            "dur_std": 350.7407900391084
        },
        "32": {
            "dur_mean": 1761.4447271045328,
            "dur_std": 353.6676742662906
        },
        "33": {
            "dur_mean": 1788.0172134935306,
            "dur_std": 357.00481404906884
        },
        "34": {
            "dur_mean": 1822.33545181419,
            "dur_std": 360.83811571256956
        },
        "35": {
            "dur_mean": 1861.0575589459086,
            "dur_std": 363.02835439978173
        },
        "36": {
            "dur_mean": 1919.2977592977593,
            "dur_std": 376.6984710069489
        },
        "37": {
            "dur_mean": 1963.2065192351993,
            "dur_std": 398.54675225424353
        },
        "38": {
            "dur_mean": 2046.4300149270869,
            "dur_std": 413.4431516158705
        },
        "39": {
            "dur_mean": 2086.633019084847,
            "dur_std": 413.7787994326708
        },
        "40": {
            "dur_mean": 2232.3236920949525,
            "dur_std": 423.5059498841649
        },
        "41": {
            "dur_mean": 2293.4725869615295,
            "dur_std": 434.1839148614303
        },
        "42": {
            "dur_mean": 2353.583554376658,
            "dur_std": 439.80039553649186
        },
        "43": {
            "dur_mean": 2399.853894979804,
            "dur_std": 442.0795931654546
        },
        "44": {
            "dur_mean": 2438.1844839528976,
            "dur_std": 445.4561007000835
        },
        "45": {
            "dur_mean": 2678.3026026604975,
            "dur_std": 463.71976544997233
        },
        "46": {
            "dur_mean": 2748.528336380256,
            "dur_std": 500.92025483057574
        }
    },
    "feature_eval": {
        "f_values": {
            "weather_main_Clouds": 6.517975019482451,
            "weather_main_Drizzle": 65.91678608662559,
            "weather_main_Fog": 1.47118114507021,
            "weather_main_Mist": 6.492148338704755,
            "weather_main_Rain": 24.740405759182412,
            "weather_main_Smoke": 12.096027397952763,
            "weather_main_Snow": 0.14761065175248855,
            "weather_description_broken clouds": 1.8239522599459177,
            "weather_description_drizzle": 1.1168059236868504,
            "weather_description_few clouds": 0.4213472625014443,
            "weather_description_fog": 1.47118114507021,
            "weather_description_heavy intensity rain": 5.38518424281722,
            "weather_description_light intensity drizzle": 9.06741603675992,
            "weather_description_light intensity drizzle rain": 78.93809828670646,
            "weather_description_light intensity shower rain": 17.770921126141438,
            "weather_description_light rain": 3.4856796534413075,
            "weather_description_light shower snow": 1.557279499405393,
            "weather_description_light snow": 5.436041512957267,
            "weather_description_mist": 6.492148338704755,
            "weather_description_moderate rain": 0.061549546444515275,
            "weather_description_overcast clouds": 76.86952685924598,
            "weather_description_proximity shower rain": 99.51788910481116,
            "weather_description_scattered clouds": 20.63464353510185,
            "weather_description_sky is clear": 34.70435421843162,
            "weather_description_smoke": 12.096027397952763,
            "weekday_1": 409.7819048339935,
            "weekday_2": 256.2574040182873,
            "weekday_3": 277.14373552557873,
            "weekday_4": 119.03431022838602,
            "weekday_5": 1999.1435395582962,
            "weekday_6": 867.9676229681252,
            "month_2": 8.190890780278293,
            "month_3": 0.26360896712842874,
            "month_4": 1.7381668750232853,
            "month_5": 3.063642344559602,
            "month_6": 36.45260317341358,
            "month_7": 37.92554174100624,
            "month_8": 21.872702086691177,
            "month_9": 34.199202005605116,
            "month_10": 68.15033857771601,
            "month_11": 90.24275179899394,
            "month_12": 33.50082945771695,
            "hour_1": 4.284646312475684,
            "hour_6": 5170.825276322191,
            "hour_7": 277.0262516079604,
            "hour_8": 1022.0479821188179,
            "hour_9": 1552.9905089081208,