{
    "rows": {
        "start": 21397,
        "route_filter": 0,
        "nan_filter": -1545,
        "negative_dur": 0,
        "outliers": -91,
        "end": 19761
    },
    "scr": 0.08525345622119816,
    "stats": {
        "1": {
            "dur_mean": 0.0,
            "dur_std": 0.0
        },
        "2": {
            "dur_mean": 57.05299539170507,
            "dur_std": 19.652628893246902
        },
        "3": {
            "dur_mean": 121.00460829493088,
            "dur_std": 27.140639222783065
        },
        "4": {
            "dur_mean": 172.51382488479263,
            "dur_std": 35.67386325795897
        },
        "5": {
            "dur_mean": 265.89861751152074,
            "dur_std": 46.03246016002775
        },
        "6": {
            "dur_mean": 301.0599078341014,
            "dur_std": 48.97882000650241
        },
        "7": {
            "dur_mean": 351.76267281105993,
            "dur_std": 55.55806639932016
        },
        "8": {
            "dur_mean": 380.9562211981567,
            "dur_std": 59.51090431651913
        },
        "9": {
            "dur_mean": 448.08986175115206,
            "dur_std": 69.56717881379245
        },
        "10": {
            "dur_mean": 492.52764976958525,
            "dur_std": 75.38652007649816
        },
        "11": {
            "dur_mean": 537.1912442396314,
            "dur_std": 83.24178210523657
        },
        "12": {
            "dur_mean": 594.9124423963134,
            "dur_std": 175.69624396969954
        },
        "13": {
            "dur_mean": 659.1154734411085,
            "dur_std": 100.89630983699104
        },
        "14": {
            "dur_mean": 685.5727482678984,
            "dur_std": 101.76052086873295
        },
        "15": {
            "dur_mean": 712.8337182448037,
            "dur_std": 107.31515145038271
        },
        "16": {
            "dur_mean": 759.6327944572748,
            "dur_std": 110.95618310928954
        },
        "17": {
            "dur_mean": 794.2725173210162,
            "dur_std": 113.43345090677903
        },
        "18": {
            "dur_mean": 835.7482678983833,
            "dur_std": 121.54559768907605
        },
        "19": {
            "dur_mean": 882.5057736720554,
            "dur_std": 125.64636805156967
        },
        "20": {
            "dur_mean": 998.6789838337182,
            "dur_std": 142.7915663906603
        },
        "21": {
            "dur_mean": 1063.688221709007,
            "dur_std": 150.19901080586993
        },
        "22": {
            "dur_mean": 1147.6304849884527,
            "dur_std": 162.2839224196952
        },
        "23": {
            "dur_mean": 1171.8314087759816,
            "dur_std": 164.06496210033077
        },
        "24": {
            "dur_mean": 1268.0900692840646,
            "dur_std": 193.38595720170395
        },
        "25": {
            "dur_mean": 1310.94688221709,
            "dur_std": 201.11242582226998
        },
        "26": {
            "dur_mean": 1386.7113163972285,
            "dur_std": 211.0219891262303
        },
        "27": {
            "dur_mean": 1460.1824480369514,
            "dur_std": 220.68468050531732
        },
        "28": {
            "dur_mean": 1561.122401847575,
            "dur_std": 243.3667904734105
        },
        "29": {
            "dur_mean": 1818.5498839907193,
            "dur_std": 278.24225130769986
        },
        "30": {
            "dur_mean": 2330.453703703704,
            "dur_std": 354.13497457645906
        },
        "31": {
            "dur_mean": 2640.7888631090486,
            "dur_std": 397.01040870469285
        },
        "32": {
            "dur_mean": 2808.8958333333335,
            "dur_std": 420.9473690379832
        },
        "33": {
            "dur_mean": 3110.967741935484,
            "dur_std": 452.2105258099884
        },
        "34": {
            "dur_mean": 3242.281395348837,
            "dur_std": 453.6882907396064
        },
        "35": {
            "dur_mean": 3283.3030303030305,
            "dur_std": 455.03509828184235
        },
        "36": {
            "dur_mean": 3403.572093023256,
            "dur_std": 458.40536733819647
        },
        "37": {
            "dur_mean": 3590.3395348837207,
            "dur_std": 465.253883189197
        },
        "38": {
            "dur_mean": 3712.8395348837207,
            "dur_std": 465.9493602943967
        },
        "39": {
            "dur_mean": 3753.9906976744187,
            "dur_std": 467.903323055933
        },
        "40": {
            "dur_mean": 3818.188372093023,
            "dur_std": 472.8003361953486
        },
        "41": {
            "dur_mean": 3850.288372093023,
            "dur_std": 474.21174010830987
        },
        "42": {
            "dur_mean": 3882.6348837209302,
            "dur_std": 476.3059918244663
        },
        "43": {
            "dur_mean": 4050.9372093023258,
            "dur_std": 484.0483401293072
        },
        "44": {
            "dur_mean": 4102.104651162791,
            "dur_std": 484.7873209958805
        },
        "45": {
            "dur_mean": 4170.974418604651,
            "dur_std": 487.38979082647563
        },
        "46": {
            "dur_mean": 4375.964953271028,
            "dur_std": 503.8549716858053
        }
    },
    "feature_eval": {
        "f_values": {
            "weather_main_Clouds": 8.394985345375208,
            "weather_main_Drizzle": 27.80217266655993,
            "weather_main_Fog": 2.554039254687446,
            "weather_main_Mist": 4.088728865985407,
            "weather_main_Rain": 1.8301797594677907,
            "weather_main_Snow": 12.277442504105327,
            "weather_description_broken clouds": 3.0792466729707866,
            "weather_description_few clouds": 6.760456966639734,
            "weather_description_fog": 2.554039254687446,
            "weather_description_light intensity drizzle": 18.294104549510916,
            "weather_description_light intensity drizzle rain": 8.702271186553755,
            "weather_description_light intensity shower rain": 14.804716051324455,
            "weather_description_light rain": 0.1455621341424264,
            "weather_description_light shower snow": 78.55162679059558,
            "weather_description_mist": 4.088728865985407,
            "weather_description_moderate rain": 23.379437352871292,
            "weather_description_overcast clouds": 8.070833175238057,
            "weather_description_proximity shower rain": 18.87526877760648,
            "weather_description_scattered clouds": 20.58417318003382,
            "weather_description_sky is clear": 3.7024658627620926,
            "weekday_1": 0.22945719735115716,
            "weekday_2": 9.938182574476947,
            "weekday_3": 1.1833969739847172,
            "weekday_4": 15.460284638352274,
            "month_2": 0.028108833495847547,
            "month_3": 7.148426978348061,
            "month_4": 0.22389737101659668,
            "month_5": 0.26073082721473484,
            "month_6": 12.5682658031479,
            "month_7": 15.359115888159641,
            "month_8": 14.17014927475389,
            "month_9": 8.258096398220895,
            "month_10": 10.1695931268677,
            "month_11": 1.6506950347777165,
            "month_12": 0.08726014788819438,
            "hour_8": 111.9613737155436,
            "hour_9": 6238.686446776509
        },
        "correlations": {
            "daystamp": 0.004774442728801864,
            "progr_number": 0.9443080220978781,
            "arr_p": 0.8569528171446724,
            "arr_a": 0.8638687078101893,
            "dep_p": 0.8569528171446724,
            "dep_a": 0.8635626280157448,
            "end_p": 0.09311297876145273,
            "start_p": 0.0839897592782326,
            "start_a": 0.08464702199040584,
            "temp": 0.021502574415444804,
            "feels_like": -0.003525224299824359,
            "temp_min": 0.01598085582465843,