{
    "rows": {
        "start": 760116,
        "route_filter": 0,
        "nan_filter": -58030,
        "negative_dur": -10,
        "outliers": -5091,
        "end": 696985
    },
    "scr": 0.9555294731351069,
    "stats": {
        "1": {
            "dur_mean": 0.0,
            "dur_std": 0.0
        },
        "3": {
            "dur_mean": 74.65811382557663,
            "dur_std": 43.01140669957525
        },
        "4": {
            "dur_mean": 101.3272183449651,
            "dur_std": 48.21271313181231
        },
        "5": {
            "dur_mean": 145.94925234881566,
            "dur_std": 55.70258769059604
        },
        "6": {
            "dur_mean": 188.79310570381998,
            "dur_std": 63.69897489739595
        },
        "7": {
            "dur_mean": 254.5920020909566,
            "dur_std": 78.59420362906233
        },
        "8": {
            "dur_mean": 323.56846229187073,
            "dur_std": 96.90264882368166
        },
        "9": {
            "dur_mean": 371.14344557044785,
            "dur_std": 106.26176233338889
        },
        "10": {
            "dur_mean": 402.5096656217346,
            "dur_std": 116.79788401439565
        },
        "11": {
            "dur_mean": 441.00117516484954,
            "dur_std": 130.53510067569022
        },
        "12": {
            "dur_mean": 510.4121603970742,
            "dur_std": 148.16081220193092
        },
        "13": {
            "dur_mean": 591.2298805560995,
            "dur_std": 166.22144002916968
        },
        "14": {
            "dur_mean": 649.1183231030429,
            "dur_std": 178.13312552515464
        },
        "15": {
            "dur_mean": 689.7486941760251,
            "dur_std": 191.59913597889866
        },
        "16": {
            "dur_mean": 790.6686038918637,
            "dur_std": 213.13697693601299
        },
        "17": {
            "dur_mean": 830.7735405511297,
            "dur_std": 218.37957022190608
        },
        "18": {
            "dur_mean": 880.2292170051591,
            "dur_std": 226.31995380339544
        },
        "19": {
            "dur_mean": 963.3441541476159,
            "dur_std": 248.1005086877441
        },
        "20": {
            "dur_mean": 1061.0726643598616,
            "dur_std": 272.4349894208373
        },
        "21": {
            "dur_mean": 1110.2641755944603,
            "dur_std": 281.2698107740287
        },
        "22": {
            "dur_mean": 1167.6917268548916,
            "dur_std": 290.7872736822054
        },
        "23": {
            "dur_mean": 1205.7410884264425,
            "dur_std": 295.44453857045727
        },
        "24": {
            "dur_mean": 1236.0531775210084,
            "dur_std": 297.97340818905593
        },
        "25": {
            "dur_mean": 1276.4188062249655,
            "dur_std": 300.7169893768694
        },
        "26": {
            "dur_mean": 1298.4384110308602,
            "dur_std": 302.5733731145276
        },
        "27": {
            "dur_mean": 1356.7845104597022,
            "dur_std": 306.80669907433486
        },
        "28": {
            "dur_mean": 1388.5286665796004,
            "dur_std": 313.9068063105481
        },
        "29": {
            "dur_mean": 1448.7437136699104,
            "dur_std": 324.43782643556915
        },
        "30": {
            "dur_mean": 1490.8512569376428,
            "dur_std": 329.6530058930537
        },
        "31": {
            "dur_mean": 1541.2339994775339,
            "dur_std": 341.0337713726212
        },
        "32": {
            "dur_mean": 1596.2085564990202,
            "dur_std": 350.5208784307898
        },
        "33": {
            "dur_mean": 1633.5079686479426,
            "dur_std": 358.09972903315963
        },
        "34": {
            "dur_mean": 1698.7683213585892,
            "dur_std": 367.276025753211
        },
        "35": {
            "dur_mean": 1749.2284724944466,
            "dur_std": 377.2938289845888
        },
        "36": {
            "dur_mean": 1786.6522875816993,
            "dur_std": 382.5847283017063
        },
        "37": {
            "dur_mean": 1895.453137254902,
            "dur_std": 394.6649945196187
        },
        "38": {
            "dur_mean": 1945.557937389713,
            "dur_std": 402.544299830523
        },
        "39": {
            "dur_mean": 2002.6423763152736,
            "dur_std": 410.8674804313746
        },
        "40": {
            "dur_mean": 2048.4258266893216,
            "dur_std": 420.0627967806946
        },
        "41": {
            "dur_mean": 2096.747794261813,
            "dur_std": 428.9445762862181
        },
        "42": {
            "dur_mean": 2161.905253528489,
            "dur_std": 440.8763523798944
        },
        "43": {
            "dur_mean": 2193.453672242551,
            "dur_std": 451.43321608208447
        },
        "44": {
            "dur_mean": 2304.4071989528798,
            "dur_std": 465.4138377223925
        },
        "45": {
            "dur_mean": 2437.0290102389076,
            "dur_std": 483.86767016429684
        },
        "46": {
            "dur_mean": 2551.4065789473684,
            "dur_std": 502.91911187632695
        },
        "2": {
            "dur_mean": 51.11374439311776,
            "dur_std": 36.70695609675182
        }
    },
    "feature_eval": {
        "f_values": {
            "weather_main_Clouds": 161.22936090534216,
            "weather_main_Drizzle": 11.639960464678738,
            "weather_main_Fog": 14.720573676225385,
            "weather_main_Mist": 7.8940088915613345,
            "weather_main_Rain": 30.209706307253725,
            "weather_main_Smoke": 4.082400192728974,
            "weather_main_Snow": 41.578614673587076,
            "weather_description_broken clouds": 52.84349367964283,
            "weather_description_drizzle": 16.477244867594152,
            "weather_description_few clouds": 4.387430573052066,
            "weather_description_fog": 14.720573676225385,
            "weather_description_heavy intensity rain": 5.145179786152503,
            "weather_description_light intensity drizzle": 2.6680470710646538,
            "weather_description_light intensity drizzle rain": 8.5141005340765,
            "weather_description_light intensity shower rain": 4.61940567757036,
            "weather_description_light rain": 64.42713628196351,
            "weather_description_light shower snow": 27.02556343820322,
            "weather_description_light snow": 23.082478265088945,
            "weather_description_mist": 7.8940088915613345,
            "weather_description_moderate rain": 30.12600888609283,
            "weather_description_overcast clouds": 17.863066766083943,
            "weather_description_proximity shower rain": 2.328413608863222,
            "weather_description_scattered clouds": 60.57407155562566,
            "weather_description_shower rain": 0.1657442303498233,
            "weather_description_sky is clear": 116.63190377708234,
            "weather_description_smoke": 4.082400192728974,
            "weekday_1": 40.183827904097086,
            "weekday_2": 70.66511271067363,
            "weekday_3": 161.11317081881685,
            "weekday_4": 408.609535087133,
            "weekday_5": 99.27297451075476,
            "weekday_6": 1384.4809960117268,
            "month_2": 0.9463195928583086,
            "month_3": 0.002161248970533923,
            "month_4": 2.6256230526223594,
            "month_5": 123.45170419292926,
            "month_6": 1.4607070602004488,
            "month_7": 45.50823927904304,
            "month_8": 225.25922156882572,
            "month_9": 16.31004325011231,
            "month_10": 34.59926181879112,
            "month_11": 38.41672973605935,
            "month_12": 17.5010998860412,
            "hour_6": 5124.490235920823,
            "hour_7": 767.6555811650016,
            "hour_8": 2938.295633481502,
            "hour_9": 2762.7821663878813,