{
    "rows": {
        "start": 692727,
        "route_filter": 0,
        "nan_filter": -2863,
        "negative_dur": -113,
        "outliers": -6586,
        "end": 683165
    },
    "scr": 0.007347817824792551,
    "stats": {
        "1": {
            "dur_mean": 0.0,
            "dur_std": 0.0
        },
        "3": {
            "dur_mean": 138.61252222504444,
            "dur_std": 59.70634177178269
        },
        "4": {
            "dur_mean": 157.7470636784966,
            "dur_std": 65.81143061891018
        },
        "5": {
            "dur_mean": 255.53404039121045,
            "dur_std": 87.85744330016847
        },
        "6": {
            "dur_mean": 323.0169588414634,
            "dur_std": 98.75440870356618
        },
        "7": {
            "dur_mean": 368.8214852931834,
            "dur_std": 110.3634795097959
        },
        "8": {
            "dur_mean": 431.4948211221961,
            "dur_std": 118.61053039222038
        },
        "9": {
            "dur_mean": 465.5198906964921,
            "dur_std": 125.32953037339965
        },
        "10": {
            "dur_mean": 523.2066073697586,
            "dur_std": 137.56953918841356
        },
        "11": {
            "dur_mean": 541.1755700946452,
            "dur_std": 140.59684760464046
        },
        "12": {
            "dur_mean": 571.7854965709931,
            "dur_std": 158.60519542151175
        },
        "13": {
            "dur_mean": 670.2230055894308,
            "dur_std": 174.37079926224413
        },
        "14": {
            "dur_mean": 726.4153797267238,
            "dur_std": 184.17789554795246
        },
        "15": {
            "dur_mean": 797.3928208386277,
            "dur_std": 199.16555868289936
        },
        "16": {
            "dur_mean": 824.0701988437837,
            "dur_std": 206.0215205432563
        },
        "17": {
            "dur_mean": 864.9765625,
            "dur_std": 215.89203061873977
        },
        "18": {
            "dur_mean": 915.1103067250905,
            "dur_std": 225.6613332065014
        },
        "19": {
            "dur_mean": 960.3211836423673,
            "dur_std": 232.2627837758814
        },
        "20": {
            "dur_mean": 1011.9007493014986,
            "dur_std": 247.2416419900843
        },
        "21": {
            "dur_mean": 1083.155057463966,
            "dur_std": 264.1791968361633
        },
        "22": {
            "dur_mean": 1129.7279654559309,
            "dur_std": 268.3336022915386
        },
        "23": {
            "dur_mean": 1172.489398390599,
            "dur_std": 272.1077826553789
        },
        "24": {
            "dur_mean": 1225.0348748083802,
            "dur_std": 275.6792449873411
        },
        "25": {
            "dur_mean": 1267.6772916001278,
            "dur_std": 281.02209206895833
        },
        "26": {
            "dur_mean": 1316.634889215248,
            "dur_std": 285.315845049938
        },
        "27": {
            "dur_mean": 1381.1776912271741,
            "dur_std": 296.4804073106999
        },
        "28": {
            "dur_mean": 1485.0344696006105,
            "dur_std": 314.1804010210868
        },
        "29": {
            "dur_mean": 1544.7592557312505,
            "dur_std": 323.3039391731521
        },
        "30": {
            "dur_mean": 1591.50273085228,
            "dur_std": 328.8762384370199
        },
        "31": {
            "dur_mean": 1653.2530166391464,
            "dur_std": 337.32789723955955
        },
        "32": {
            "dur_mean": 1759.3170561341124,
            "dur_std": 359.04237909023044
        },
        "33": {
            "dur_mean": 1798.5847414559776,
            "dur_std": 366.1994910453994
        },
        "34": {
            "dur_mean": 1869.257669101302,
            "dur_std": 384.71597785264964
        },
        "35": {
            "dur_mean": 1911.535476084609,
            "dur_std": 396.96584083715777
        },
        "36": {
            "dur_mean": 1953.0221629516734,
            "dur_std": 408.24478063859465
        },
        "37": {
            "dur_mean": 2011.9006159903474,
            "dur_std": 418.5725083110854
        },
        "38": {
            "dur_mean": 2026.7641155922515,
            "dur_std": 420.2093252508519
        },
        "39": {
            "dur_mean": 2043.30725263559,
            "dur_std": 424.90060822081426
        },
        "40": {
            "dur_mean": 2143.962403150006,
            "dur_std": 441.50991998705734
        },
        "41": {
            "dur_mean": 2212.52518259765,
            "dur_std": 453.7075208750076
        },
        "42": {
            "dur_mean": 2268.0892981899015,
            "dur_std": 459.40418858423726
        },
        "43": {
            "dur_mean": 2313.2085901264377,
            "dur_std": 465.11120331856904
        },
        "44": {
            "dur_mean": 2387.3548612878594,
            "dur_std": 466.904470457458
        },
        "45": {
            "dur_mean": 2473.9911958352473,
            "dur_std": 462.59697977662483
        },
        "2": {
            "dur_mean": 89.13913043478261,
            "dur_std": 85.69538943938026
        }
    },
    "feature_eval": {
        "f_values": {
            "weather_main_Clouds": 13.79820919437149,
            "weather_main_Drizzle": 46.588282270604545,
            "weather_main_Fog": 20.729240800207954,
            "weather_main_Mist": 0.39726698501126034,
            "weather_main_Rain": 25.34602602964031,
            "weather_main_Smoke": 0.46238486679085766,
            "weather_main_Snow": 26.91574465467945,
            "weather_description_broken clouds": 1.7687687190688695,
            "weather_description_drizzle": 2.293928088049176,
            "weather_description_few clouds": 5.197087099774731,
            "weather_description_fog": 20.729240800207954,
            "weather_description_heavy intensity rain": 9.759136295761776,
            "weather_description_light intensity drizzle": 15.308722442117785,
            "weather_description_light intensity drizzle rain": 32.786819902308714,
            "weather_description_light intensity shower rain": 42.762450726727735,
            "weather_description_light rain": 5.501142206917618,
            "weather_description_light shower snow": 7.649582478148791,
            "weather_description_light snow": 32.35490842663701,
            "weather_description_mist": 0.39726698501126034,
            "weather_description_moderate rain": 10.534510928477697,
            "weather_description_overcast clouds": 65.88862781896901,
            "weather_description_proximity shower rain": 88.80244088164966,
            "weather_description_scattered clouds": 46.304333243909454,
            "weather_description_shower rain": 9.452878848532814,
            "weather_description_sky is clear": 29.587775000872256,
            "weather_description_smoke": 0.46238486679085766,
            "weekday_1": 325.28825764954684,
            "weekday_2": 300.4522091164796,
            "weekday_3": 386.68962656482387,
            "weekday_4": 207.7357367102784,
            "weekday_5": 929.2512185234192,
            "weekday_6": 2092.35246009042,
            "month_2": 2.122891151723654,
            "month_3": 2.648655282474273,
            "month_4": 5.781451193890653,
            "month_5": 231.81558172272727,
            "month_6": 2.692075341601457,
            "month_7": 119.35870374437148,
            "month_8": 207.04657250043752,
            "month_9": 7.245071954623661,
            "month_10": 42.08975569855442,
            "month_11": 147.16478486241076,
            "month_12": 0.2716559528517735,
            "hour_1": 0.5648496879273381,
            "hour_6": 3398.1719963585538,
            "hour_7": 2627.4307593119206,
            "hour_8": 103.79727634383097,
            "hour_9": 474.92895715297465,
            "hour_10": 1130.415079503384,
            "hour_11": 441.16239738277176,