{
    "rows": {
        "start": 629841,
        "route_filter": -34254,
        "nan_filter": -57371,
        "negative_dur": -85,
        "outliers": -4615,
        "end": 533516
    },
    "scr": 0.9891152386658678,
    "stats": {
        "1": {
            "dur_mean": 0.0,
            "dur_std": 0.0
        },
        "2": {
            "dur_mean": 198.12593853238562,
            "dur_std": 79.35405242138211
        },
        "3": {
            "dur_mean": 338.60477240826145,
            "dur_std": 110.2437169617075
        },
        "4": {
            "dur_mean": 357.8858232166148,
            "dur_std": 113.4524834062773
        },
        "5": {
            "dur_mean": 455.74448012846244,
            "dur_std": 127.41371861262148
        },
        "6": {
            "dur_mean": 523.0424102666934,
            "dur_std": 136.80255348631007
        },
        "7": {
            "dur_mean": 570.023754635662,
            "dur_std": 144.79269233640485
        },
        "8": {
            "dur_mean": 632.7842390214557,
            "dur_std": 152.10051379676523
        },
        "9": {
            "dur_mean": 669.098416516336,
            "dur_std": 158.8462187598149
        },
        "10": {
            "dur_mean": 728.1045777822297,
            "dur_std": 172.15073702818225
        },
        "11": {
            "dur_mean": 746.2428642964446,
            "dur_std": 174.58937288393736
        },
        "12": {
            "dur_mean": 776.8777410633824,
            "dur_std": 188.24836200163512
        },
        "13": {
            "dur_mean": 876.7939497145147,
            "dur_std": 204.28023757400078
        },
        "14": {
            "dur_mean": 936.1215768883538,
            "dur_std": 210.69452877361948
        },
        "15": {
            "dur_mean": 1008.4075634466848,
            "dur_std": 221.4932584760373
        },
        "16": {
            "dur_mean": 1036.8482142857142,
            "dur_std": 226.62208345959934
        },
        "17": {
            "dur_mean": 1079.46409947854,
            "dur_std": 235.39457336513433
        },
        "18": {
            "dur_mean": 1131.118909163826,
            "dur_std": 244.94697191189144
        },
        "19": {
            "dur_mean": 1178.3294223826715,
            "dur_std": 251.10137234273586
        },
        "20": {
            "dur_mean": 1229.5335940633774,
            "dur_std": 263.5483077827494
        },
        "21": {
            "dur_mean": 1302.5075704401886,
            "dur_std": 279.56826541996315
        },
        "22": {
            "dur_mean": 1356.745212072596,
            "dur_std": 284.58447755985935
        },
        "23": {
            "dur_mean": 1392.8685450716935,
            "dur_std": 288.58024538893744
        },
        "24": {
            "dur_mean": 1455.9973932223782,
            "dur_std": 300.1065925698114
        },
        "25": {
            "dur_mean": 1531.1363545217566,
            "dur_std": 313.7341822722308
        },
        "26": {
            "dur_mean": 1571.9137758171246,
            "dur_std": 319.0617744382285
        },
        "27": {
            "dur_mean": 1606.4063753007217,
            "dur_std": 324.02255971376707
        },
        "28": {
            "dur_mean": 1645.2053929430633,
            "dur_std": 328.97377673522027
        },
        "29": {
            "dur_mean": 1673.0735839598997,
            "dur_std": 332.05904285168964
        },
        "30": {
            "dur_mean": 1701.5728748997594,
            "dur_std": 336.46124043905746
        },
        "31": {
            "dur_mean": 1766.624385841773,
            "dur_std": 343.3301474489954
        },
        "32": {
            "dur_mean": 1815.3161691043879,
            "dur_std": 354.6361328344632
        },
        "33": {
            "dur_mean": 1861.843117611701,
            "dur_std": 363.4630612404814
        },
        "34": {
            "dur_mean": 1892.446303346023,
            "dur_std": 368.5205648870552
        },
        "35": {
            "dur_mean": 1936.0809375939095,
            "dur_std": 378.1978322794248
        },
        "36": {
            "dur_mean": 2003.4564128256513,
            "dur_std": 391.063304428972
        },
        "37": {
            "dur_mean": 2048.0354887218045,
            "dur_std": 399.1207236652249
        },
        "38": {
            "dur_mean": 2075.0404091045825,
            "dur_std": 406.82168790714394
        },
        "39": {
            "dur_mean": 2181.611189091638,
            "dur_std": 431.61445506522034
        },
        "40": {
            "dur_mean": 2216.0657102728733,
            "dur_std": 434.15842323547747
        },
        "41": {
            "dur_mean": 2248.4641316343937,
            "dur_std": 438.10038497309273
        },
        "42": {
            "dur_mean": 2314.6900150526844,
            "dur_std": 443.485383267893
        },
        "43": {
            "dur_mean": 2338.6988761790085,
            "dur_std": 445.77518553512755
        },
        "44": {
            "dur_mean": 2380.8099538430665,
            "dur_std": 448.2334871602067
        },
        "45": {
            "dur_mean": 2452.1667001204337,
            "dur_std": 465.91852945837303
        },
        "46": {
            "dur_mean": 2481.6627356113295,
            "dur_std": 467.8302873623337
        },
        "47": {
            "dur_mean": 2553.164952611414,
            "dur_std": 479.30047639359077
        },
        "48": {
            "dur_mean": 2613.5756781284663,
            "dur_std": 487.74764197097016
        },
        "49": {
            "dur_mean": 2694.1205001512553,
            "dur_std": 493.82513107875087
        },
        "50": {
            "dur_mean": 2725.425473981444,
            "dur_std": 497.0184170643854
        },
        "51": {
            "dur_mean": 2752.864750378215,
            "dur_std": 499.5437930483318
        },
        "52": {
            "dur_mean": 2791.8859852688934,
            "dur_std": 502.29294835789403
        },
        "53": {
            "dur_mean": 2814.081675921252,
            "dur_std": 504.7150613031455
        },
        "54": {
            "dur_mean": 2864.769300544245,
            "dur_std": 514.5513857807642
        }
    },
    "feature_eval": {
        "f_values": {
            "weather_main_Clouds": 100.87146355604862,
            "weather_main_Drizzle": 92.75811608101706,
            "weather_main_Fog": 21.82457087346344,
            "weather_main_Mist": 2.621861118639126,
            "weather_main_Rain": 3.9497620768380792,
            "weather_main_Smoke": 4.190818283319193,
            "weather_main_Snow": 56.90830968577007,
            "weather_description_broken clouds": 0.41144224270519464,
            "weather_description_drizzle": 0.4667057401281906,
            "weather_description_few clouds": 4.607387846929578,
            "weather_description_fog": 21.82457087346344,
            "weather_description_heavy intensity rain": 23.816456426072673,
            "weather_description_light intensity drizzle": 14.720436861349475,
            "weather_description_light intensity drizzle rain": 100.84538134209564,
            "weather_description_light intensity shower rain": 3.076077504034506,
            "weather_description_light rain": 93.75074792601633,
            "weather_description_light shower snow": 40.61894332334212,
            "weather_description_light snow": 49.22109341759221,
            "weather_description_mist": 2.621861118639126,
            "weather_description_moderate rain": 52.173920080116105,
            "weather_description_overcast clouds": 7.275920074511651,
            "weather_description_proximity shower rain": 168.99048662111298,
            "weather_description_scattered clouds": 89.07680628338069,
            "weather_description_shower rain": 1.7803355047252454,
            "weather_description_sky is clear": 3.114998642760906,
            "weather_description_smoke": 4.190818283319193,