{
    "rows": {
        "start": 215340,
        "route_filter": 0,
        "nan_filter": -17994,
        "negative_dur": -12,
        "outliers": -1636,
        "end": 195698
    },
    "scr": 0.4200073556454579,
    "stats": {
        "1": {
            "dur_mean": 0.0,
            "dur_std": 0.0
        },
        "2": {
            "dur_mean": 192.11000369139904,
            "dur_std": 74.95015384169425
        },
        "3": {
            "dur_mean": 338.60782865583457,
            "dur_std": 102.89420491222447
        },
        "4": {
            "dur_mean": 359.6365988909427,
            "dur_std": 110.49248578280644
        },
        "5": {
            "dur_mean": 455.4990751017388,
            "dur_std": 129.03635575190413
        },
        "6": {
            "dur_mean": 521.1911275415896,
            "dur_std": 134.9194754736275
        },
        "7": {
            "dur_mean": 563.9508317929759,
            "dur_std": 129.75690240078413
        },
        "8": {
            "dur_mean": 627.8651145602365,
            "dur_std": 133.7049221175222
        },
        "9": {
            "dur_mean": 663.4606284658041,
            "dur_std": 137.58396583247148
        },
        "10": {
            "dur_mean": 719.5310421286031,
            "dur_std": 143.32234508198925
        },
        "11": {
            "dur_mean": 736.5214338507021,
            "dur_std": 144.22921433850067
        },
        "12": {
            "dur_mean": 762.5931263858093,
            "dur_std": 148.26943430969797
        },
        "13": {
            "dur_mean": 863.3971185814555,
            "dur_std": 156.44548093859015
        },
        "14": {
            "dur_mean": 919.459349593496,
            "dur_std": 159.96178613487197
        },
        "15": {
            "dur_mean": 985.0857670979667,
            "dur_std": 163.3666830007186
        },
        "16": {
            "dur_mean": 1009.6783733826247,
            "dur_std": 165.0320663040845
        },
        "17": {
            "dur_mean": 1048.876155268022,
            "dur_std": 169.27807633365993
        },
        "18": {
            "dur_mean": 1100.4236598890943,
            "dur_std": 177.10244094289502
        },
        "19": {
            "dur_mean": 1146.1404805914972,
            "dur_std": 181.201639760759
        },
        "20": {
            "dur_mean": 1197.2931608133088,
            "dur_std": 193.84124547688685
        },
        "21": {
            "dur_mean": 1272.8150887573966,
            "dur_std": 207.74404727118102
        },
        "22": {
            "dur_mean": 1324.4426775147929,
            "dur_std": 211.60458548313585
        },
        "23": {
            "dur_mean": 1357.3184171597634,
            "dur_std": 215.0364971240578
        },
        "24": {
            "dur_mean": 1419.5960827790095,
            "dur_std": 225.36851031413332
        },
        "25": {
            "dur_mean": 1496.9342202512935,
            "dur_std": 235.445396373073
        },
        "26": {
            "dur_mean": 1537.158536585366,
            "dur_std": 238.44484668852112
        },
        "27": {
            "dur_mean": 1568.214998152937,
            "dur_std": 241.73985399752488
        },
        "28": {
            "dur_mean": 1604.3530280649927,
            "dur_std": 245.00908248597003
        },
        "29": {
            "dur_mean": 1630.4514222386406,
            "dur_std": 246.78595802207877
        },
        "30": {
            "dur_mean": 1656.3477297895902,
            "dur_std": 249.5670064501126
        },
        "31": {
            "dur_mean": 1719.887740029542,
            "dur_std": 254.6273168984157
        },
        "32": {
            "dur_mean": 1768.8386262924669,
            "dur_std": 262.49183883011654
        },
        "33": {
            "dur_mean": 1814.958625785002,
            "dur_std": 269.73548358253913
        },
        "34": {
            "dur_mean": 1845.1360946745563,
            "dur_std": 274.9501309622389
        },
        "35": {
            "dur_mean": 1890.0380635624538,
            "dur_std": 284.9338160201639
        },
        "36": {
            "dur_mean": 1958.7184035476719,
            "dur_std": 297.8891154613616
        },
        "37": {
            "dur_mean": 2006.6851441241686,
            "dur_std": 308.9516420013053
        },
        "38": {
            "dur_mean": 2033.6138211382113,
            "dur_std": 315.96200047799886
        },
        "39": {
            "dur_mean": 2147.857776135944,
            "dur_std": 341.08846262549014
        },
        "40": {
            "dur_mean": 2181.0746489283074,
            "dur_std": 344.83630283997974
        },
        "41": {
            "dur_mean": 2213.2638580931266,
            "dur_std": 348.7828986491989
        },
        "42": {
            "dur_mean": 2280.910199556541,
            "dur_std": 354.40704126438993
        },
        "43": {
            "dur_mean": 2305.7923133776794,
            "dur_std": 356.81455404952226
        },
        "44": {
            "dur_mean": 2348.622090875508,
            "dur_std": 359.39636939208503
        },
        "45": {
            "dur_mean": 2422.4270410048025,
            "dur_std": 380.0080718113215
        },
        "46": {
            "dur_mean": 2454.6425658138673,
            "dur_std": 380.31523773958315
        },
        "47": {
            "dur_mean": 2529.447700296736,
            "dur_std": 388.4355886632479
        },
        "48": {
            "dur_mean": 2593.9387982195844,
            "dur_std": 396.66726026030204
        },
        "49": {
            "dur_mean": 2676.3353115727004,
            "dur_std": 402.01170885316515
        },
        "50": {
            "dur_mean": 2707.079747774481,
            "dur_std": 405.6120274708669
        },
        "51": {
            "dur_mean": 2734.3160237388724,
            "dur_std": 408.0255124748243
        },
        "52": {
            "dur_mean": 2774.7933209647495,
            "dur_std": 411.1750746931471
        },
        "53": {
            "dur_mean": 2796.525222551929,
            "dur_std": 413.48801315869423
        },
        "54": {
            "dur_mean": 2867.4445680385616,
            "dur_std": 423.53200824028767
        },
        "55": {
            "dur_mean": 2930.3558052434455,
            "dur_std": 426.96101607616276
        },
        "57": {
            "dur_mean": 2964.030086498684,
            "dur_std": 428.50034465547054
        },
        "58": {
            "dur_mean": 2981.088038632987,
            "dur_std": 432.3846790081347
        },
        "59": {
            "dur_mean": 3010.856611570248,
            "dur_std": 431.15702189532584
        },
        "60": {
            "dur_mean": 3025.3873605947956,
            "dur_std": 434.1397423278009
        },
        "61": {
            "dur_mean": 3043.9001484780993,
            "dur_std": 435.82603838810974
        },
        "62": {
            "dur_mean": 3066.65144766147,
            "dur_std": 436.746942133328
        },
        "63": {
            "dur_mean": 3109.4972150018566,
            "dur_std": 437.3403853302703
        },
        "64": {
            "dur_mean": 3134.2571428571428,
            "dur_std": 438.0471090929682
        },
        "65": {
            "dur_mean": 3162.6296846011132,
            "dur_std": 441.2399955122558
        },
        "66": {
            "dur_mean": 3191.839332096475,
            "dur_std": 444.9467721854459
        },
        "67": {
            "dur_mean": 3219.156644394952,
            "dur_std": 447.03562616064306
        },
        "68": {
            "dur_mean": 3282.9942726231384,
            "dur_std": 445.50400849682774
        },
        "69": {
            "dur_mean": 3317.8825115562404,
            "dur_std": 445.79164334249015
        },
        "70": {
            "dur_mean": 3348.093220338983,
            "dur_std": 454.7526264130295
        },
        "71": {
            "dur_mean": 3388.846687211094,