{
    "rows": {
        "start": 77836,
        "route_filter": -24214,
        "nan_filter": -281,
        "negative_dur": 0,
        "outliers": -360,
        "end": 52981
    },
    "scr": 0.420391061452514,
    "stats": {
        "1": {
            "dur_mean": 0.0,
            "dur_std": 0.0
        },
        "2": {
            "dur_mean": 21.174157303370787,
            "dur_std": 10.859180751903262
        },
        "3": {
            "dur_mean": 71.2538569424965,
            "dur_std": 19.48274416182206
        },
        "4": {
            "dur_mean": 114.78089887640449,
            "dur_std": 26.056193203424325
        },
        "5": {
            "dur_mean": 186.0826330532213,
            "dur_std": 33.68870205384492
        },
        "6": {
            "dur_mean": 212.8641456582633,
            "dur_std": 39.66659477083554
        },
        "7": {
            "dur_mean": 236.3375350140056,
            "dur_std": 45.3765862304178
        },
        "8": {
            "dur_mean": 273.85854341736695,
            "dur_std": 48.11009919965054
        },
        "9": {
            "dur_mean": 295.1750700280112,
            "dur_std": 51.368278370859514
        },
        "10": {
            "dur_mean": 340.8795518207283,
            "dur_std": 60.54583002651541
        },
        "11": {
            "dur_mean": 400.0507042253521,
            "dur_std": 64.4340247598504
        },
        "12": {
            "dur_mean": 435.48172757475083,
            "dur_std": 74.29645907896422
        },
        "13": {
            "dur_mean": 433.87391304347824,
            "dur_std": 69.27000693878028
        },
        "14": {
            "dur_mean": 453.2165963431786,
            "dur_std": 73.2530309343911
        },
        "16": {
            "dur_mean": 503.690576652602,
            "dur_std": 78.65816511491016
        },
        "17": {
            "dur_mean": 522.2622720897616,
            "dur_std": 81.34936409148375
        },
        "18": {
            "dur_mean": 544.242636746143,
            "dur_std": 83.78549913289243
        },
        "19": {
            "dur_mean": 588.9985974754558,
            "dur_std": 86.18761380448505
        },
        "20": {
            "dur_mean": 613.273492286115,
            "dur_std": 87.64998116394331
        },
        "21": {
            "dur_mean": 639.2482468443197,
            "dur_std": 92.48300071787074
        },
        "22": {
            "dur_mean": 660.3548387096774,
            "dur_std": 94.74947174415051
        },
        "23": {
            "dur_mean": 691.3758765778401,
            "dur_std": 98.34709275417464
        },
        "25": {
            "dur_mean": 743.0098452883263,
            "dur_std": 105.70172577830148
        },
        "26": {
            "dur_mean": 775.7257383966245,
            "dur_std": 111.14361676618904
        },
        "27": {
            "dur_mean": 801.662447257384,
            "dur_std": 112.44309350932213
        },
        "28": {
            "dur_mean": 849.3693820224719,
            "dur_std": 118.62215215742226
        },
        "29": {
            "dur_mean": 882.8300561797753,
            "dur_std": 123.361887655858
        },
        "30": {
            "dur_mean": 924.8876404494382,
            "dur_std": 132.87858639318395
        },
        "31": {
            "dur_mean": 961.3679775280899,
            "dur_std": 139.16541266211667
        },
        "32": {
            "dur_mean": 1005.8,
            "dur_std": 144.25938127266977
        },
        "33": {
            "dur_mean": 1040.7228346456693,
            "dur_std": 147.96545135001597
        },
        "34": {
            "dur_mean": 1070.2271293375395,
            "dur_std": 154.90329905797634
        },
        "35": {
            "dur_mean": 1114.4922360248447,
            "dur_std": 158.4671370731545
        },
        "36": {
            "dur_mean": 1150.1054172767203,
            "dur_std": 160.50165313715507
        },
        "37": {
            "dur_mean": 1185.5758426966293,
            "dur_std": 162.00409739611072
        },
        "38": {
            "dur_mean": 1241.1320224719102,
            "dur_std": 202.96882867758424
        },
        "39": {
            "dur_mean": 1331.908963585434,
            "dur_std": 205.57927966625638
        },
        "40": {
            "dur_mean": 1367.9986013986013,
            "dur_std": 215.75100740650257
        },
        "41": {
            "dur_mean": 1438.3944055944055,
            "dur_std": 233.19114548542456
        },
        "42": {
            "dur_mean": 1461.1916083916085,
            "dur_std": 237.4527367085472
        },
        "43": {
            "dur_mean": 1502.2811188811188,
            "dur_std": 242.07159303728534
        },
        "44": {
            "dur_mean": 1526.0573426573426,
            "dur_std": 247.00314882758835
        },
        "45": {
            "dur_mean": 1595.4223776223776,
            "dur_std": 256.94585322074414
        },
        "46": {
            "dur_mean": 1628.7692307692307,
            "dur_std": 260.3140930935798
        },
        "47": {
            "dur_mean": 1673.9062937062938,
            "dur_std": 267.6496485035751
        },
        "48": {
            "dur_mean": 1707.6517482517484,
            "dur_std": 270.8185596969881
        },
        "49": {
            "dur_mean": 1732.8195804195805,
            "dur_std": 274.16644672977174
        },
        "50": {
            "dur_mean": 1768.0013986013987,
            "dur_std": 283.5758140162168
        },
        "51": {
            "dur_mean": 1807.3986013986014,
            "dur_std": 289.8510034478436
        },
        "52": {
            "dur_mean": 1844.2047685834502,
            "dur_std": 293.0703459476204
        },
        "53": {
            "dur_mean": 1884.2332402234638,
            "dur_std": 303.0679400598876
        },
        "54": {
            "dur_mean": 1954.3142458100558,
            "dur_std": 320.59517704579525
        },
        "55": {
            "dur_mean": 1988.8659217877096,
            "dur_std": 328.3926464609684
        },
        "56": {
            "dur_mean": 2015.4203910614526,
            "dur_std": 332.93536713379996
        },
        "57": {
            "dur_mean": 2049.9343575418993,
            "dur_std": 338.2094727137207
        },
        "58": {
            "dur_mean": 2081.3100558659216,
            "dur_std": 341.47043031550623
        },
        "59": {
            "dur_mean": 2119.58938547486,
            "dur_std": 350.1170738847733
        },
        "60": {
            "dur_mean": 2188.9202797202797,
            "dur_std": 362.7910682224612
        },
        "61": {
            "dur_mean": 2240.107692307692,
            "dur_std": 371.6273861765731
        },
        "62": {
            "dur_mean": 2300.1384615384613,
            "dur_std": 381.77666872026424
        },
        "63": {
            "dur_mean": 2367.8657342657343,
            "dur_std": 392.8634788828064
        },
        "64": {
            "dur_mean": 2428.3706293706296,
            "dur_std": 402.42792695221823
        },
        "65": {
            "dur_mean": 2516.7496503496504,
            "dur_std": 414.6449971383212
        },
        "66": {
            "dur_mean": 2589.22268907563,
            "dur_std": 428.44569798099843
        },
        "67": {
            "dur_mean": 2637.7233146067415,
            "dur_std": 434.2328095636205
        },
        "68": {
            "dur_mean": 2766.2219101123596,
            "dur_std": 446.5595547278204
        },
        "69": {
            "dur_mean": 2830.453651685393,
            "dur_std": 456.1313078497365
        },
        "70": {
            "dur_mean": 2903.9803370786517,
            "dur_std": 461.3522101158606
        },
        "71": {
            "dur_mean": 2969.3450210378683,
            "dur_std": 474.39391422052717
        },
        "72": {
            "dur_mean": 3041.2454417952313,