{
    "rows": {
        "start": 47698,
        "route_filter": 0,
        "nan_filter": -3120,
        "negative_dur": 0,
        "outliers": -587,
        "end": 43991
    },
    "scr": 0.8368263473053892,
    "stats": {
        "1": {
            "dur_mean": 0.0,
            "dur_std": 0.0
        },
        "2": {
            "dur_mean": 244.0839580209895,
            "dur_std": 97.5792686034663
        },
        "3": {
            "dur_mean": 419.52481203007517,
            "dur_std": 144.04432592862236
        },
        "4": {
            "dur_mean": 444.30075187969925,
            "dur_std": 149.16693289705916
        },
        "5": {
            "dur_mean": 569.5774436090226,
            "dur_std": 176.93474505736646
        },
        "6": {
            "dur_mean": 647.9054054054054,
            "dur_std": 181.9439269175155
        },
        "7": {
            "dur_mean": 706.7954887218045,
            "dur_std": 188.22733701910695
        },
        "8": {
            "dur_mean": 779.8513513513514,
            "dur_std": 192.32372569274057
        },
        "9": {
            "dur_mean": 822.3528528528528,
            "dur_std": 197.48970499323545
        },
        "10": {
            "dur_mean": 903.1651651651651,
            "dur_std": 203.74141001065684
        },
        "11": {
            "dur_mean": 928.46996996997,
            "dur_std": 207.68391939444106
        },
        "12": {
            "dur_mean": 1004.5285285285286,
            "dur_std": 227.99874672508062
        },
        "13": {
            "dur_mean": 1126.6921921921921,
            "dur_std": 242.90234400042613
        },
        "14": {
            "dur_mean": 1199.337837837838,
            "dur_std": 247.41791070185258
        },
        "15": {
            "dur_mean": 1300.4534534534534,
            "dur_std": 262.01322085984316
        },
        "16": {
            "dur_mean": 1341.5975975975975,
            "dur_std": 266.2459492611656
        },
        "17": {
            "dur_mean": 1403.1499250374814,
            "dur_std": 269.90021793041086
        },
        "18": {
            "dur_mean": 1466.4362818590705,
            "dur_std": 272.58857017776825
        },
        "19": {
            "dur_mean": 1520.2263868065968,
            "dur_std": 274.83985731796406
        },
        "20": {
            "dur_mean": 1590.3253373313344,
            "dur_std": 285.30677973237846
        },
        "21": {
            "dur_mean": 1678.804804804805,
            "dur_std": 292.5764385042934
        },
        "22": {
            "dur_mean": 1739.3753753753754,
            "dur_std": 295.68000422158315
        },
        "23": {
            "dur_mean": 1779.3138138138138,
            "dur_std": 297.9530401837784
        },
        "24": {
            "dur_mean": 1846.5082458770614,
            "dur_std": 301.9370216154248
        },
        "25": {
            "dur_mean": 1927.344827586207,
            "dur_std": 308.19136904598287
        },
        "26": {
            "dur_mean": 1973.8410794602698,
            "dur_std": 311.50938642272666
        },
        "27": {
            "dur_mean": 2012.808095952024,
            "dur_std": 314.0044983426228
        },
        "28": {
            "dur_mean": 2055.3418290854574,
            "dur_std": 315.69650358664035
        },
        "29": {
            "dur_mean": 2086.424287856072,
            "dur_std": 318.14980070006425
        },
        "30": {
            "dur_mean": 2118.005997001499,
            "dur_std": 320.5623858271978
        },
        "31": {
            "dur_mean": 2195.7241379310344,
            "dur_std": 326.29034501701136
        },
        "32": {
            "dur_mean": 2259.629685157421,
            "dur_std": 331.1115992977902
        },
        "33": {
            "dur_mean": 2309.2428785607194,
            "dur_std": 334.3075957094885
        },
        "34": {
            "dur_mean": 2340.9370314842577,
            "dur_std": 338.02262694871894
        },
        "35": {
            "dur_mean": 2391.329835082459,
            "dur_std": 342.60516553881183
        },
        "36": {
            "dur_mean": 2462.3328335832084,
            "dur_std": 349.45321964339655
        },
        "37": {
            "dur_mean": 2505.5352323838083,
            "dur_std": 353.22516175657194
        },
        "38": {
            "dur_mean": 2530.521739130435,
            "dur_std": 355.1548332879361
        },
        "39": {
            "dur_mean": 2638.466966966967,
            "dur_std": 363.49503057544337
        },
        "40": {
            "dur_mean": 2671.010542168675,
            "dur_std": 366.01344857019336
        },
        "41": {
            "dur_mean": 2696.6480362537764,
            "dur_std": 368.3651722677641
        },
        "42": {
            "dur_mean": 2749.0543806646524,
            "dur_std": 370.5973426533014
        },
        "43": {
            "dur_mean": 2786.670731707317,
            "dur_std": 372.48710388670713
        },
        "44": {
            "dur_mean": 2816.3125,
            "dur_std": 374.9339706499376
        },
        "45": {
            "dur_mean": 2862.9954198473283,
            "dur_std": 377.5148557869563
        },
        "46": {
            "dur_mean": 2893.2702290076336,
            "dur_std": 380.22668912309024
        },
        "47": {
            "dur_mean": 2927.3114503816796,
            "dur_std": 381.3385816561366
        },
        "48": {
            "dur_mean": 2968.241860465116,
            "dur_std": 411.31351152948963
        },
        "49": {
            "dur_mean": 2999.7482142857143,
            "dur_std": 416.2875784113195
        },
        "50": {
            "dur_mean": 3034.633273703041,
            "dur_std": 418.1246659054532
        },
        "51": {
            "dur_mean": 3065.38282647585,
            "dur_std": 418.9193301252285
        },
        "52": {
            "dur_mean": 3119.170771756979,
            "dur_std": 416.82121435503973
        },
        "53": {
            "dur_mean": 3145.731511254019,
            "dur_std": 418.59684362373577
        },
        "54": {
            "dur_mean": 3181.49766718507,
            "dur_std": 416.03475087468286
        },
        "55": {
            "dur_mean": 3190.337984496124,
            "dur_std": 415.5632081874393
        },
        "56": {
            "dur_mean": 3217.8955453149,
            "dur_std": 415.1042517749773
        },
        "57": {
            "dur_mean": 3252.7281105990783,
            "dur_std": 415.56332642584925
        },
        "58": {
            "dur_mean": 3280.782208588957,
            "dur_std": 416.53227400735506
        },
        "59": {
            "dur_mean": 3306.090490797546,
            "dur_std": 417.7245574908681
        },
        "60": {
            "dur_mean": 3333.98773006135,
            "dur_std": 418.4408443837705
        },
        "61": {
            "dur_mean": 3367.2033639143733,
            "dur_std": 418.8828575144222
        },
        "62": {
            "dur_mean": 3401.696784073507,
            "dur_std": 418.5446849714649
        },
        "63": {
            "dur_mean": 3414.3598774885145,
            "dur_std": 418.1679375209643
        },
        "64": {
            "dur_mean": 3435.1929555895867,
            "dur_std": 419.2512528517772
        },
        "65": {
            "dur_mean": 3480.0,
            "dur_std": 421.1299348400071
        },
        "66": {
            "dur_mean": 3497.7981510015406,
            "dur_std": 423.4359465855178
        },
        "67": {
            "dur_mean": 3518.4768518518517,
            "dur_std": 424.03310078425187
        },
        "68": {
            "dur_mean": 3609.2835365853657,
            "dur_std": 431.1065847597305
        }
    },
    "feature_eval": {
        "f_values": {
            "weather_main_Clouds": 1.7720754032720063,
            "weather_main_Drizzle": 5.483215484315439,
            "weather_main_Fog": 12.241063994646101,