{
    "rows": {
        "start": 6404,
        "route_filter": 0,
        "nan_filter": -70,
        "negative_dur": 0,
        "outliers": -53,
        "end": 6281
    },
    "scr": 0.9886363636363636,
    "stats": {
        "1": {
            "dur_mean": 0.0,
            "dur_std": 0.0
        },
        "2": {
            "dur_mean": 52.14772727272727,
            "dur_std": 29.035166765336633
        },
        "3": {
            "dur_mean": 113.17613636363636,
            "dur_std": 45.777195805817506
        },
        "4": {
            "dur_mean": 186.17045454545453,
            "dur_std": 76.689834914549
        },
        "5": {
            "dur_mean": 267.7613636363636,
            "dur_std": 89.91284596835911
        },
        "6": {
            "dur_mean": 298.3125,
            "dur_std": 91.07415542136137
        },
        "7": {
            "dur_mean": 341.71022727272725,
            "dur_std": 90.55688730109013
        },
        "8": {
            "dur_mean": 366.82954545454544,
            "dur_std": 91.6001524129623
        },
        "9": {
            "dur_mean": 436.6875,
            "dur_std": 95.46397413235455
        },
        "10": {
            "dur_mean": 467.7386363636364,
            "dur_std": 96.12040001321935
        },
        "11": {
            "dur_mean": 518.8920454545455,
            "dur_std": 98.53425651920355
        },
        "12": {
            "dur_mean": 552.9147727272727,
            "dur_std": 100.0635147319915
        },
        "13": {
            "dur_mean": 578.1306818181819,
            "dur_std": 101.51695127467086
        },
        "14": {
            "dur_mean": 605.5965909090909,
            "dur_std": 104.08931214393435
        },
        "15": {
            "dur_mean": 631.7272727272727,
            "dur_std": 106.5961379383729
        },
        "16": {
            "dur_mean": 664.2443181818181,
            "dur_std": 108.3049792897863
        },
        "17": {
            "dur_mean": 705.7727272727273,
            "dur_std": 114.22761510225124
        },
        "18": {
            "dur_mean": 782.7215909090909,
            "dur_std": 118.3082018157791
        },
        "19": {
            "dur_mean": 818.5056818181819,
            "dur_std": 122.51959596776304
        },
        "20": {
            "dur_mean": 849.2272727272727,
            "dur_std": 125.73797946730129
        },
        "21": {
            "dur_mean": 883.8295454545455,
            "dur_std": 130.10318731933262
        },
        "22": {
            "dur_mean": 910.6306818181819,
            "dur_std": 133.39772956556178
        },
        "23": {
            "dur_mean": 946.0965909090909,
            "dur_std": 136.8692255497831
        },
        "24": {
            "dur_mean": 1010.8409090909091,
            "dur_std": 142.87472125616193
        },
        "25": {
            "dur_mean": 1055.465909090909,
            "dur_std": 148.77530124231058
        },
        "26": {
            "dur_mean": 1117.1704545454545,
            "dur_std": 159.8589179131513
        },
        "27": {
            "dur_mean": 1195.965909090909,
            "dur_std": 173.28044643549114
        },
        "28": {
            "dur_mean": 1219.3011363636363,
            "dur_std": 174.6268027173169
        },
        "29": {
            "dur_mean": 1524.9204545454545,
            "dur_std": 230.8543002026991
        },
        "30": {
            "dur_mean": 1572.8636363636363,
            "dur_std": 235.1831957951409
        },
        "31": {
            "dur_mean": 1654.6818181818182,
            "dur_std": 274.09072722959223
        },
        "32": {
            "dur_mean": 1781.4772727272727,
            "dur_std": 368.7786165871715
        },
        "33": {
            "dur_mean": 2085.8863636363635,
            "dur_std": 495.2799365857814
        },
        "34": {
            "dur_mean": 2176.8238636363635,
            "dur_std": 509.7658596413103
        },
        "35": {
            "dur_mean": 2217.6761363636365,
            "dur_std": 515.4852168575751
        },
        "36": {
            "dur_mean": 2372.7988505747126,
            "dur_std": 521.8678102049895
        }
    },
    "feature_eval": {
        "f_values": {
            "weather_main_Clouds": 0.023488463965512484,
            "weather_main_Drizzle": 1.7015667703585617,
            "weather_main_Fog": 0.9551757589927228,
            "weather_main_Mist": 2.5470357277589892,
            "weather_main_Rain": 0.03622924775247825,
            "weather_main_Snow": 0.02584780313446747,
            "weather_description_broken clouds": 0.37450143399634944,
            "weather_description_few clouds": 0.3292467772104561,
            "weather_description_fog": 0.9551757589927228,
            "weather_description_light intensity drizzle": 1.8712814589835616,
            "weather_description_light intensity drizzle rain": 0.16543986200516722,
            "weather_description_light intensity shower rain": 0.7364880027380586,
            "weather_description_light rain": 0.40466092789558034,
            "weather_description_mist": 2.5470357277589892,
            "weather_description_overcast clouds": 3.3498274305822178,
            "weather_description_proximity shower rain": 0.20810465150589422,
            "weather_description_scattered clouds": 0.3407249677397085,
            "weather_description_sky is clear": 0.5073648242724618,
            "weekday_1": 2.7371572776845574,
            "weekday_2": 1.9990169426718898,
            "weekday_3": 0.133258038276866,
            "weekday_4": 14.145278064801639,
            "month_2": 1.3338192589471338,
            "month_3": 0.7385160353081558,
            "month_4": 1.458140158160004,
            "month_5": 9.134925503238069,
            "month_6": 2.504422926622269,
            "month_9": 5.343200302636025,
            "month_10": 29.572645596377143,
            "month_11": 5.5305280323837485,
            "month_12": 2.8850841537376524,
            "hour_8": 5557.150584296803
        },
        "correlations": {
            "daystamp": 0.030825479983182413,
            "progr_number": 0.9131053275463689,
            "arr_p": 0.9042088773991952,
            "arr_a": 0.9932423540837673,
            "dep_p": 0.9042088773991952,
            "dep_a": 0.9933510231805182,
            "end_p": 0.0017793852004587792,
            "start_p": NaN,
            "start_a": 0.030391564425880885,
            "temp": 0.02002368610851339,
            "feels_like": 0.012444936206286708,
            "temp_min": 0.023533143333212703,
            "temp_max": 0.01970452484687895,
            "pressure": 0.03487808504804709,
            "humidity": -0.006974507656969949,
            "wind_speed": 0.018525701638303287,
            "wind_deg": 0.007524681968088467,
            "clouds_all": -0.0004677004665410235,
            "dt": 0.030887036904663108,
            "dur_s": 0.9042088773991954
        }
    },
    "modelling": {
        "XGBoost": {
            "time": 0.437502384185791,
            "r_2": 0.9732135663741204,
            "mse": 11324.301965413439,
            "rmse": 106.41570356584332,
            "mae": 56.23081760615926
        },
        "Benchmark": {
            "r_2": 0.8011426534000815,
            "mse": 84069.44621260343,
            "rmse": 289.9473162707381,
            "mae": 179.64226607256523
        }
    },