{
    "rows": {
        "start": 5722,
        "route_filter": 0,
        "nan_filter": 0,
        "negative_dur": 0,
        "outliers": -59,
        "end": 5663
    },
    "scr": 0.9664804469273743,
    "stats": {
        "1": {
            "dur_mean": 0.0,
            "dur_std": 0.0
        },
        "2": {
            "dur_mean": 627.5491329479769,
            "dur_std": 178.61490393897026
        },
        "3": {
            "dur_mean": 650.0558659217877,
            "dur_std": 181.69896454134695
        },
        "4": {
            "dur_mean": 672.7094972067039,
            "dur_std": 182.20936367999073
        },
        "5": {
            "dur_mean": 697.8100558659218,
            "dur_std": 182.2929723370597
        },
        "6": {
            "dur_mean": 719.7765363128492,
            "dur_std": 183.47021711972204
        },
        "7": {
            "dur_mean": 771.608938547486,
            "dur_std": 186.34462192910397
        },
        "8": {
            "dur_mean": 932.7206703910615,
            "dur_std": 204.26753268058343
        },
        "9": {
            "dur_mean": 968.5698324022346,
            "dur_std": 205.53591059831217
        },
        "10": {
            "dur_mean": 1007.0446927374302,
            "dur_std": 207.33682690031324
        },
        "11": {
            "dur_mean": 1076.4301675977654,
            "dur_std": 211.706229004746
        },
        "12": {
            "dur_mean": 1124.877094972067,
            "dur_std": 212.27842772384255
        },
        "13": {
            "dur_mean": 1192.6145251396647,
            "dur_std": 218.7081889702955
        },
        "14": {
            "dur_mean": 1269.5027932960893,
            "dur_std": 224.66172759525872
        },
        "15": {
            "dur_mean": 1322.4748603351954,
            "dur_std": 227.24706444095364
        },
        "16": {
            "dur_mean": 1357.2290502793296,
            "dur_std": 229.05109101990232
        },
        "17": {
            "dur_mean": 1417.9944134078212,
            "dur_std": 230.63535832118305
        },
        "18": {
            "dur_mean": 1500.5865921787708,
            "dur_std": 233.83876861389098
        },
        "19": {
            "dur_mean": 1540.5865921787708,
            "dur_std": 235.45692379984882
        },
        "20": {
            "dur_mean": 1568.1899441340781,
            "dur_std": 236.25483220668332
        },
        "21": {
            "dur_mean": 1605.1564245810057,
            "dur_std": 237.1819291782525
        },
        "22": {
            "dur_mean": 1630.9832402234638,
            "dur_std": 238.14447684622735
        },
        "23": {
            "dur_mean": 1656.0167597765362,
            "dur_std": 239.82609511332817
        },
        "24": {
            "dur_mean": 1743.3016759776535,
            "dur_std": 247.19657043611582
        },
        "25": {
            "dur_mean": 1811.9217877094973,
            "dur_std": 261.84246598773655
        },
        "26": {
            "dur_mean": 1858.8882681564246,
            "dur_std": 270.9030234604582
        },
        "27": {
            "dur_mean": 1891.8100558659219,
            "dur_std": 279.0853594795677
        },
        "28": {
            "dur_mean": 1945.9385474860335,
            "dur_std": 286.4027799832746
        },
        "29": {
            "dur_mean": 2007.7653631284916,
            "dur_std": 301.48833194530954
        },
        "30": {
            "dur_mean": 2085.7988826815645,
            "dur_std": 307.5843061536186
        },
        "31": {
            "dur_mean": 2148.268156424581,
            "dur_std": 313.8209710096802
        },
        "32": {
            "dur_mean": 2254.9608938547485,
            "dur_std": 325.1894584013699
        }
    },
    "feature_eval": {
        "f_values": {
            "weather_main_Drizzle": 0.12170933086534118,
            "weather_main_Fog": 0.15892880295884523,
            "weather_main_Mist": 4.46028059129831,
            "weather_main_Rain": 0.005427675341529705,
            "weather_main_Snow": 1.3374100637347774,
            "weather_description_few clouds": 10.441760716036823,
            "weather_description_fog": 0.15892880295884523,
            "weather_description_light intensity drizzle": 0.38810267079703814,
            "weather_description_light intensity drizzle rain": 0.03147144770938196,
            "weather_description_light intensity shower rain": 0.15803811846332072,
            "weather_description_light rain": 3.420458578694468,
            "weather_description_light shower snow": 1.3374100637347774,
            "weather_description_mist": 4.46028059129831,
            "weather_description_moderate rain": 1.486237392674248,
            "weather_description_overcast clouds": 1.1902818150496066,
            "weather_description_proximity shower rain": 5.247476968106509,
            "weather_description_scattered clouds": 2.396760160811111,
            "weekday_1": 0.7503072085215451,
            "weekday_2": 4.354567368529576,
            "weekday_3": 50.43928690386635,
            "weekday_4": 3.408974952378787,
            "month_2": 3.67015951541061,
            "month_3": 0.46855439190767373,
            "month_4": 0.37313094897782634,
            "month_5": 0.046129389823204886,
            "month_6": 0.3234742919222568,
            "month_9": 20.833977769241137,
            "month_10": 5.144949365189736,
            "month_11": 14.9699919056141,
            "month_12": 0.06504061703131961,
            "hour_18": 20.477676177426844
        },
        "correlations": {
            "daystamp": 0.03838231562556299,
            "progr_number": 0.9131782998908965,
            "arr_p": 0.8816895907323997,
            "arr_a": 0.9971398798878195,
            "dep_p": 0.8816895907323997,
            "dep_a": 0.9973993989034339,
            "end_p": -0.05240512723804699,
            "start_p": NaN,
            "start_a": -0.007492553560809373,
            "temp": -0.07173190915495732,
            "feels_like": -0.03853706925875435,
            "temp_min": -0.07742348505001548,
            "temp_max": -0.05346893113012427,
            "pressure": 0.04249282571976384,
            "humidity": 0.08272945046348398,
            "wind_speed": -0.07711541508010378,
            "wind_deg": 0.0012445091090613019,
            "clouds_all": -0.06893079841831094,
            "dt": 0.03843133304231868,
            "dur_s": 0.8816895907323992
        }
    },
    "modelling": {
        "XGBoost": {
            "time": 0.45308947563171387,
            "r_2": 0.9871171394245094,
            "mse": 4440.644932262859,
            "rmse": 66.63816423238907,
            "mae": 47.092525316223416
        },
        "Benchmark": {
            "r_2": 0.7636206248959474,
            "mse": 81478.55579096045,
            "rmse": 285.44448810751356,
            "mae": 214.3891242937853
        }
    },
    "features": [
        "weather_description_few clouds",
        "weather_description_fog",
        "weather_description_light intensity drizzle",
        "weather_description_light intensity drizzle rain",
        "weather_description_light intensity shower rain",
        "weather_description_light rain",
        "weather_description_light shower snow",
        "weather_description_mist",
        "weather_description_moderate rain",
        "weather_description_overcast clouds",
        "weather_description_proximity shower rain",
        "weather_description_scattered clouds",
        "weekday_1",
        "weekday_2",
        "weekday_3",
        "weekday_4",
        "month_2",
        "month_3",
        "month_4",
        "month_5",
        "month_6",
        "month_9",
        "month_10",
        "month_11",
        "month_12",
        "hour_18",
        "progr_number",
        "dur_s",
        "humidity"
    ]
}