{
    "rows": {
        "start": 421092,
        "route_filter": 0,
        "nan_filter": -22290,
        "negative_dur": -104,
        "outliers": -2902,
        "end": 395796
    },
    "scr": 0.9846285226302306,
    "stats": {
        "1": {
            "dur_mean": 0.0,
            "dur_std": 0.0
        },
        "2": {
            "dur_mean": 186.51846044191018,
            "dur_std": 77.38519312574435
        },
        "3": {
            "dur_mean": 319.2650378625518,
            "dur_std": 108.70458442699241
        },
        "4": {
            "dur_mean": 338.2789601485502,
            "dur_std": 112.69411455720676
        },
        "5": {
            "dur_mean": 435.5158616747642,
            "dur_std": 133.82946756361204
        },
        "6": {
            "dur_mean": 503.86560982576407,
            "dur_std": 145.79576132131197
        },
        "7": {
            "dur_mean": 550.3809115587941,
            "dur_std": 154.0346091961361
        },
        "8": {
            "dur_mean": 613.4012566043125,
            "dur_std": 162.76649295692758
        },
        "9": {
            "dur_mean": 648.8266209654385,
            "dur_std": 170.72789189851616
        },
        "10": {
            "dur_mean": 707.4218861463833,
            "dur_std": 183.1686130147829
        },
        "11": {
            "dur_mean": 725.9085331050228,
            "dur_std": 186.24172407738172
        },
        "12": {
            "dur_mean": 758.3109303652968,
            "dur_std": 204.47044436941758
        },
        "13": {
            "dur_mean": 857.3266733266734,
            "dur_std": 221.12597026401167
        },
        "14": {
            "dur_mean": 917.6946586689518,
            "dur_std": 231.93720342057603
        },
        "15": {
            "dur_mean": 991.4995716733296,
            "dur_std": 247.02843325594392
        },
        "16": {
            "dur_mean": 1020.4550906754248,
            "dur_std": 254.25052211493684
        },
        "17": {
            "dur_mean": 1062.58138206739,
            "dur_std": 264.4696342412529
        },
        "18": {
            "dur_mean": 1112.8622215876642,
            "dur_std": 274.7986741260195
        },
        "19": {
            "dur_mean": 1159.4091947458596,
            "dur_std": 281.81363154677786
        },
        "20": {
            "dur_mean": 1211.88849229012,
            "dur_std": 296.38873919671073
        },
        "21": {
            "dur_mean": 1281.7452520348422,
            "dur_std": 314.0853969990632
        },
        "22": {
            "dur_mean": 1335.7423961159502,
            "dur_std": 320.2521636786308
        },
        "23": {
            "dur_mean": 1371.3416166809484,
            "dur_std": 324.43929302238223
        },
        "24": {
            "dur_mean": 1432.063410454156,
            "dur_std": 336.0290166777075
        },
        "25": {
            "dur_mean": 1503.9206054548051,
            "dur_std": 349.85536568760034
        },
        "26": {
            "dur_mean": 1544.5917463944024,
            "dur_std": 355.7654547763009
        },
        "27": {
            "dur_mean": 1578.714265314865,
            "dur_std": 361.20322133326476
        },
        "28": {
            "dur_mean": 1617.337949743004,
            "dur_std": 366.21960871811194
        },
        "29": {
            "dur_mean": 1645.1583380925185,
            "dur_std": 369.75518709930515
        },
        "30": {
            "dur_mean": 1673.688178183895,
            "dur_std": 374.0513424958597
        },
        "31": {
            "dur_mean": 1738.2271883478509,
            "dur_std": 381.99438105983705
        },
        "32": {
            "dur_mean": 1786.6560536836093,
            "dur_std": 393.72997464805655
        },
        "33": {
            "dur_mean": 1831.1654768703597,
            "dur_std": 401.6303617524564
        },
        "34": {
            "dur_mean": 1861.267846944603,
            "dur_std": 406.74170552155795
        },
        "35": {
            "dur_mean": 1903.66842781665,
            "dur_std": 415.5664868722431
        },
        "36": {
            "dur_mean": 1953.491075253463,
            "dur_std": 424.364025091097
        },
        "37": {
            "dur_mean": 1994.4511288939698,
            "dur_std": 436.5606563003866
        },
        "38": {
            "dur_mean": 2054.447778254036,
            "dur_std": 447.41012733717014
        },
        "39": {
            "dur_mean": 2136.3556222317475,
            "dur_std": 469.90439029480115
        },
        "40": {
            "dur_mean": 2181.8273103842307,
            "dur_std": 478.6910901045318
        },
        "41": {
            "dur_mean": 2222.5952006856164,
            "dur_std": 481.14403884295
        },
        "42": {
            "dur_mean": 2275.8062580368623,
            "dur_std": 482.5449599426876
        },
        "43": {
            "dur_mean": 2303.934704957851,
            "dur_std": 484.12286620227275
        },
        "44": {
            "dur_mean": 2344.65318662475,
            "dur_std": 486.3430185548099
        },
        "45": {
            "dur_mean": 2402.303099557206,
            "dur_std": 491.6063809917645
        },
        "46": {
            "dur_mean": 2482.2049707184688,
            "dur_std": 507.5432430369173
        },
        "47": {
            "dur_mean": 2529.8672857142856,
            "dur_std": 514.6703837426062
        },
        "48": {
            "dur_mean": 2568.5564285714286,
            "dur_std": 517.754487242716
        },
        "49": {
            "dur_mean": 2606.694627036296,
            "dur_std": 520.8223903878179
        },
        "50": {
            "dur_mean": 2660.0338716592823,
            "dur_std": 525.7845594353233
        },
        "51": {
            "dur_mean": 2692.7404700487245,
            "dur_std": 529.7265502131771
        },
        "52": {
            "dur_mean": 2745.8597148206827,
            "dur_std": 530.6020587105737
        },
        "53": {
            "dur_mean": 2818.679296931278,
            "dur_std": 534.1014380490623
        },
        "54": {
            "dur_mean": 2865.035910008653,
            "dur_std": 537.0748559046525
        },
        "55": {
            "dur_mean": 2913.4645953757226,
            "dur_std": 539.2130213293561
        },
        "56": {
            "dur_mean": 2942.4946516334203,
            "dur_std": 541.1010197910607
        },
        "57": {
            "dur_mean": 3029.7710651828297,
            "dur_std": 554.9310789331349
        }
    },
    "feature_eval": {
        "f_values": {
            "weather_main_Clouds": 18.076040661636906,
            "weather_main_Drizzle": 69.50134165187221,
            "weather_main_Fog": 13.238995167144354,
            "weather_main_Mist": 8.748654287176723,
            "weather_main_Rain": 24.984690783299342,
            "weather_main_Smoke": 0.8410157596573958,
            "weather_main_Snow": 15.154608823855195,
            "weather_description_broken clouds": 1.9445256302498553,
            "weather_description_drizzle": 3.2492256921366165,
            "weather_description_few clouds": 5.6998834668614045,
            "weather_description_fog": 13.238995167144354,
            "weather_description_heavy intensity rain": 13.919598686825138,
            "weather_description_light intensity drizzle": 28.93706168366657,
            "weather_description_light intensity drizzle rain": 39.803976131654174,
            "weather_description_light intensity shower rain": 14.484199100861906,
            "weather_description_light rain": 10.569856257719252,
            "weather_description_light shower snow": 0.5521973941497881,
            "weather_description_light snow": 44.20404841438751,
            "weather_description_mist": 8.748654287176723,
            "weather_description_moderate rain": 1.2097426688365447,
            "weather_description_overcast clouds": 44.765421683705874,