{
    "rows": {
        "start": 22657,
        "route_filter": 0,
        "nan_filter": -763,
        "negative_dur": 0,
        "outliers": -320,
        "end": 21574
    },
    "scr": 0.0066518847006651885,
    "stats": {
        "1": {
            "dur_mean": 0.0,
            "dur_std": 0.0
        },
        "2": {
            "dur_mean": 174.49777777777777,
            "dur_std": 58.097117404652856
        },
        "3": {
            "dur_mean": 268.64444444444445,
            "dur_std": 67.22748521714632
        },
        "4": {
            "dur_mean": 366.5011086474501,
            "dur_std": 80.31262180373886
        },
        "5": {
            "dur_mean": 398.09090909090907,
            "dur_std": 82.58877072886513
        },
        "6": {
            "dur_mean": 633.8913525498891,
            "dur_std": 105.41007411559595
        },
        "7": {
            "dur_mean": 808.780487804878,
            "dur_std": 172.57325187546485
        },
        "8": {
            "dur_mean": 919.2616407982262,
            "dur_std": 211.72204591232767
        },
        "9": {
            "dur_mean": 1106.079822616408,
            "dur_std": 267.594939025327
        },
        "10": {
            "dur_mean": 1340.1955555555555,
            "dur_std": 237.03557470832854
        },
        "11": {
            "dur_mean": 1384.3541202672607,
            "dur_std": 242.51447257474908
        },
        "13": {
            "dur_mean": 1631.9662162162163,
            "dur_std": 273.1451482157006
        },
        "14": {
            "dur_mean": 1842.009009009009,
            "dur_std": 299.37209671052796
        },
        "15": {
            "dur_mean": 2122.288888888889,
            "dur_std": 338.17787798600756
        },
        "17": {
            "dur_mean": 2542.3835920177385,
            "dur_std": 367.1220161641114
        },
        "18": {
            "dur_mean": 2572.5365853658536,
            "dur_std": 369.8825163220868
        },
        "19": {
            "dur_mean": 2762.807095343681,
            "dur_std": 386.6520405776718
        },
        "20": {
            "dur_mean": 2986.0354767184035,
            "dur_std": 395.48466308898196
        },
        "21": {
            "dur_mean": 3051.121951219512,
            "dur_std": 398.4760812358418
        },
        "22": {
            "dur_mean": 3567.4474272930647,
            "dur_std": 404.3065161498314
        },
        "23": {
            "dur_mean": 3648.328125,
            "dur_std": 403.5057744199115
        },
        "24": {
            "dur_mean": 3969.9222222222224,
            "dur_std": 444.9303798741069
        },
        "25": {
            "dur_mean": 4013.193333333333,
            "dur_std": 446.84056981541204
        },
        "26": {
            "dur_mean": 4067.931111111111,
            "dur_std": 447.8799922397196
        },
        "27": {
            "dur_mean": 4096.526666666667,
            "dur_std": 448.3393763567753
        },
        "28": {
            "dur_mean": 4139.266666666666,
            "dur_std": 446.4710925979558
        },
        "29": {
            "dur_mean": 4198.704444444445,
            "dur_std": 448.95696911155443
        },
        "30": {
            "dur_mean": 4291.268888888889,
            "dur_std": 450.9374162485605
        },
        "31": {
            "dur_mean": 4374.7733333333335,
            "dur_std": 453.4409616985462
        },
        "32": {
            "dur_mean": 4423.604910714285,
            "dur_std": 452.00513021280466
        },
        "33": {
            "dur_mean": 4460.691964285715,
            "dur_std": 454.01417526843676
        },
        "34": {
            "dur_mean": 4503.299107142857,
            "dur_std": 455.7829704490135
        },
        "35": {
            "dur_mean": 4580.944196428572,
            "dur_std": 459.3126505692551
        },
        "36": {
            "dur_mean": 4624.473214285715,
            "dur_std": 460.5431908093213
        },
        "37": {
            "dur_mean": 4722.959821428572,
            "dur_std": 462.419363009243
        },
        "38": {
            "dur_mean": 4772.058558558559,
            "dur_std": 464.0407189980325
        },
        "39": {
            "dur_mean": 4842.711711711711,
            "dur_std": 466.9430703238611
        },
        "40": {
            "dur_mean": 4872.52027027027,
            "dur_std": 468.32893173655947
        },
        "41": {
            "dur_mean": 4894.641891891892,
            "dur_std": 469.1539093479429
        },
        "42": {
            "dur_mean": 4927.968468468468,
            "dur_std": 469.67941989034335
        },
        "43": {
            "dur_mean": 4945.418981481482,
            "dur_std": 466.3781791097996
        },
        "44": {
            "dur_mean": 4976.763888888889,
            "dur_std": 468.9687009791448
        },
        "45": {
            "dur_mean": 5098.177156177157,
            "dur_std": 476.6544295166836
        },
        "46": {
            "dur_mean": 5157.087058823529,
            "dur_std": 480.5488749091715
        },
        "47": {
            "dur_mean": 5197.223214285715,
            "dur_std": 493.3718716728749
        },
        "48": {
            "dur_mean": 5207.645833333333,
            "dur_std": 493.0802206966819
        },
        "49": {
            "dur_mean": 5266.377358490566,
            "dur_std": 503.05320168730117
        },
        "50": {
            "dur_mean": 5405.644268774704,
            "dur_std": 487.49332915334014
        },
        "51": {
            "dur_mean": 5489.233201581028,
            "dur_std": 494.03988673682153
        },
        "52": {
            "dur_mean": 5585.498023715415,
            "dur_std": 495.7671594458105
        },
        "53": {
            "dur_mean": 5612.426877470356,
            "dur_std": 496.11197811612095
        },
        "54": {
            "dur_mean": 5639.426356589147,
            "dur_std": 514.1203703958195
        },
        "16": {
            "dur_mean": 2015.0,
            "dur_std": 382.42123372009564
        },
        "12": {
            "dur_mean": 2267.0,
            "dur_std": 890.507158870719
        }
    },
    "feature_eval": {
        "f_values": {
            "weather_main_Clouds": 0.20167378288710078,
            "weather_main_Drizzle": 7.543505690021851,
            "weather_main_Fog": 3.4509765104884327,
            "weather_main_Mist": 0.8014672019484748,
            "weather_main_Rain": 3.0284774016596714,
            "weather_main_Snow": 0.14231370787112008,
            "weather_description_few clouds": 7.026949978118361,
            "weather_description_fog": 3.4509765104884327,
            "weather_description_light intensity drizzle": 10.783840956172202,
            "weather_description_light intensity drizzle rain": 0.13844465181814236,
            "weather_description_light intensity shower rain": 3.108957676125931,
            "weather_description_light rain": 0.0959925394876273,
            "weather_description_light shower snow": 0.14231370787112008,
            "weather_description_mist": 0.8014672019484748,
            "weather_description_moderate rain": 1.2109451650663925,
            "weather_description_overcast clouds": 2.741131815606983,
            "weather_description_proximity shower rain": 1.9669348056297766,
            "weather_description_scattered clouds": 0.15080134941525652,
            "weather_description_sky is clear": 8.627619218923893,
            "weekday_1": 17.007264846052646,
            "weekday_2": 1.80567371852388,
            "weekday_3": 0.013982763467985477,
            "weekday_4": 22.152087637293445,
            "month_2": 14.743226207950466,
            "month_3": 0.06680459978085,
            "month_4": 0.3965961225596743,
            "month_5": 0.032691238005844114,
            "month_6": 0.4335251616981584,
            "month_7": 2.716836338324736,
            "month_8": 12.14328011975231,
            "month_9": 4.32750341002599,