{
    "rows": {
        "start": 21430,
        "route_filter": -2884,
        "nan_filter": -167,
        "negative_dur": 0,
        "outliers": -120,
        "end": 18259
    },
    "scr": 0.973170731707317,
    "stats": {
        "1": {
            "dur_mean": 0.0,
            "dur_std": 0.0
        },
        "2": {
            "dur_mean": 67.6609756097561,
            "dur_std": 44.46717631261296
        },
        "3": {
            "dur_mean": 169.38292682926829,
            "dur_std": 49.37003834097411
        },
        "4": {
            "dur_mean": 210.17317073170733,
            "dur_std": 53.429768011159105
        },
        "5": {
            "dur_mean": 367.72549019607845,
            "dur_std": 61.138487315346204
        },
        "6": {
            "dur_mean": 426.9317073170732,
            "dur_std": 65.70185469995783
        },
        "7": {
            "dur_mean": 449.08048780487803,
            "dur_std": 68.39423230058513
        },
        "8": {
            "dur_mean": 525.3926829268293,
            "dur_std": 200.60981467974227
        },
        "9": {
            "dur_mean": 630.5794621026895,
            "dur_std": 206.53597030091717
        },
        "10": {
            "dur_mean": 667.9,
            "dur_std": 206.64956162618248
        },
        "11": {
            "dur_mean": 743.1731707317073,
            "dur_std": 206.92525317883462
        },
        "12": {
            "dur_mean": 942.7024390243903,
            "dur_std": 207.6668369118209
        },
        "13": {
            "dur_mean": 1012.1002444987776,
            "dur_std": 110.28135686283834
        },
        "14": {
            "dur_mean": 1115.0,
            "dur_std": 115.98922363737073
        },
        "15": {
            "dur_mean": 1185.60391198044,
            "dur_std": 117.37312542866955
        },
        "16": {
            "dur_mean": 1260.7921760391198,
            "dur_std": 120.61282789306075
        },
        "17": {
            "dur_mean": 1353.6136919315404,
            "dur_std": 124.01854861393444
        },
        "18": {
            "dur_mean": 1395.0220048899755,
            "dur_std": 125.69259889332704
        },
        "19": {
            "dur_mean": 1439.4205378973106,
            "dur_std": 127.64551161707358
        },
        "20": {
            "dur_mean": 1465.7310513447433,
            "dur_std": 128.39593344271952
        },
        "21": {
            "dur_mean": 1523.6845965770171,
            "dur_std": 211.95456131249603
        },
        "22": {
            "dur_mean": 1546.4474327628361,
            "dur_std": 212.48140126108342
        },
        "23": {
            "dur_mean": 1578.484107579462,
            "dur_std": 213.35385632000154
        },
        "24": {
            "dur_mean": 1678.601466992665,
            "dur_std": 222.84852654248442
        },
        "25": {
            "dur_mean": 1940.8039215686274,
            "dur_std": 246.11474478643314
        },
        "26": {
            "dur_mean": 2013.0416666666667,
            "dur_std": 250.6128718311103
        },
        "27": {
            "dur_mean": 2466.601466992665,
            "dur_std": 268.7437005149518
        },
        "28": {
            "dur_mean": 2545.9364303178486,
            "dur_std": 271.67444810455106
        },
        "29": {
            "dur_mean": 2802.029339853301,
            "dur_std": 305.0971303388229
        },
        "30": {
            "dur_mean": 2918.5601965601963,
            "dur_std": 314.96205211716045
        },
        "31": {
            "dur_mean": 3295.9387254901962,
            "dur_std": 351.6070353288178
        },
        "32": {
            "dur_mean": 3540.2249388753057,
            "dur_std": 361.94202935252247
        },
        "33": {
            "dur_mean": 3677.5661764705883,
            "dur_std": 377.32472935638674
        },
        "34": {
            "dur_mean": 3826.911980440098,
            "dur_std": 386.1992425920412
        },
        "35": {
            "dur_mean": 4152.573529411765,
            "dur_std": 410.0057163684849
        },
        "36": {
            "dur_mean": 4270.8725490196075,
            "dur_std": 418.4777238252453
        },
        "37": {
            "dur_mean": 4520.26354679803,
            "dur_std": 437.94456721351577
        },
        "38": {
            "dur_mean": 4672.261083743842,
            "dur_std": 443.7739896492278
        },
        "39": {
            "dur_mean": 4786.791666666667,
            "dur_std": 454.3252017256074
        },
        "40": {
            "dur_mean": 5040.791154791154,
            "dur_std": 450.2750479849241
        },
        "41": {
            "dur_mean": 5094.457002457002,
            "dur_std": 453.9846436215597
        },
        "42": {
            "dur_mean": 5118.307125307126,
            "dur_std": 455.49142143224395
        },
        "43": {
            "dur_mean": 5144.697788697788,
            "dur_std": 458.3727048180243
        },
        "44": {
            "dur_mean": 5226.535626535627,
            "dur_std": 456.9733670690037
        },
        "45": {
            "dur_mean": 5444.769423558897,
            "dur_std": 463.94543190589803
        }
    },
    "feature_eval": {
        "f_values": {
            "weather_main_Clouds": 8.237991092524535,
            "weather_main_Drizzle": 4.09227693815154,
            "weather_main_Fog": 2.2898924416757276,
            "weather_main_Mist": 33.201510685344005,
            "weather_main_Rain": 0.752297553245812,
            "weather_main_Snow": 47.17147925190791,
            "weather_description_few clouds": 0.9638585009927284,
            "weather_description_fog": 2.2898924416757276,
            "weather_description_heavy intensity rain": 8.562387510695856,
            "weather_description_light intensity drizzle": 1.9617265541831146,
            "weather_description_light intensity drizzle rain": 1.9768565274057728,
            "weather_description_light intensity shower rain": 2.323490662566402,
            "weather_description_light rain": 0.12887046243328476,
            "weather_description_light shower snow": 47.17147925190791,
            "weather_description_mist": 33.201510685344005,
            "weather_description_overcast clouds": 3.06787597008752,
            "weather_description_proximity shower rain": 6.459672814457414,
            "weather_description_scattered clouds": 23.696564810359533,
            "weather_description_sky is clear": 0.5848134371697022,
            "weekday_1": 2.0147927628240394,
            "weekday_2": 0.5351067545741887,
            "weekday_3": 0.7096494049511891,
            "weekday_4": 10.4379066377801,
            "month_3": 0.0018928054840163019,
            "month_4": 1.6290251979467785,
            "month_5": 0.49540920556472523,
            "month_6": 6.029153229386562,
            "month_7": 9.474191772611128,
            "month_8": 8.732966128678203,
            "month_9": 1.2363642949209026,
            "month_10": 1.7096434402802865,
            "month_11": 23.106696613130364,
            "month_12": 0.9754527120848399,
            "hour_8": 8816.233310011907,
            "hour_9": 1879.47755749123
        },
        "correlations": {
            "daystamp": 0.02453990938659322,
            "progr_number": 0.965883362618723,
            "arr_p": 0.9042946825139122,
            "arr_a": 0.9144720398816294,
            "dep_p": 0.9042946825139122,
            "dep_a": 0.9146980425543689,
            "end_p": 0.03839970611621231,
            "start_p": 0.01491045152056622,
            "start_a": 0.011804068591372117,
            "temp": 0.0526705470419692,
            "feels_like": 0.019006297642420653,
            "temp_min": 0.045351985614812344,
            "temp_max": 0.03316831354588718,
            "pressure": -0.006615670849189731,
            "humidity": -0.16288080523087567,
            "wind_speed": 0.06928351548857412,
            "wind_deg": -0.011430798125787116,