{
    "rows": {
        "start": 760426,
        "route_filter": -350200,
        "nan_filter": -62607,
        "negative_dur": -141,
        "outliers": -1914,
        "end": 345564
    },
    "scr": 0.3648686811635131,
    "stats": {
        "1": {
            "dur_mean": 0.0,
            "dur_std": 0.0
        },
        "2": {
            "dur_mean": 27.46999422965955,
            "dur_std": 39.90961425611775
        },
        "3": {
            "dur_mean": 95.2412017167382,
            "dur_std": 51.51263083323756
        },
        "4": {
            "dur_mean": 135.7304721030043,
            "dur_std": 56.7100804949412
        },
        "5": {
            "dur_mean": 185.51100943666,
            "dur_std": 61.27776964970869
        },
        "6": {
            "dur_mean": 206.79805491990848,
            "dur_std": 62.89025213096891
        },
        "7": {
            "dur_mean": 303.37668289888285,
            "dur_std": 65.65982853818744
        },
        "8": {
            "dur_mean": 358.6595074455899,
            "dur_std": 67.884023620793
        },
        "9": {
            "dur_mean": 536.497559575079,
            "dur_std": 82.74085467259728
        },
        "11": {
            "dur_mean": 570.2569623887454,
            "dur_std": 87.54526361657165
        },
        "12": {
            "dur_mean": 622.1631530705774,
            "dur_std": 92.83962115164398
        },
        "13": {
            "dur_mean": 660.5216642754663,
            "dur_std": 105.99027533531785
        },
        "14": {
            "dur_mean": 763.2293144208038,
            "dur_std": 154.1328494511532
        },
        "15": {
            "dur_mean": 834.2516671498985,
            "dur_std": 176.5562370994968
        },
        "16": {
            "dur_mean": 926.2452937820879,
            "dur_std": 209.0180158964437
        },
        "17": {
            "dur_mean": 966.5199657729606,
            "dur_std": 203.2744847467164
        },
        "18": {
            "dur_mean": 1011.4962920707359,
            "dur_std": 209.34324751156106
        },
        "19": {
            "dur_mean": 1059.7129814550642,
            "dur_std": 215.37599414176236
        },
        "20": {
            "dur_mean": 1099.5510553337135,
            "dur_std": 219.82891373879002
        },
        "21": {
            "dur_mean": 1126.3804502707324,
            "dur_std": 221.7186041446601
        },
        "22": {
            "dur_mean": 1160.2453637660485,
            "dur_std": 223.50490516613337
        },
        "23": {
            "dur_mean": 1194.7751141552512,
            "dur_std": 225.67224710730443
        },
        "24": {
            "dur_mean": 1233.1556253569388,
            "dur_std": 228.05634923084625
        },
        "25": {
            "dur_mean": 1261.5527293512432,
            "dur_std": 229.10253909441244
        },
        "26": {
            "dur_mean": 1295.7495711835334,
            "dur_std": 232.61089527987383
        },
        "27": {
            "dur_mean": 1342.8406750572083,
            "dur_std": 234.55806084485374
        },
        "28": {
            "dur_mean": 1386.6626643796455,
            "dur_std": 238.74525445308532
        },
        "29": {
            "dur_mean": 1447.1505714285715,
            "dur_std": 244.281107923138
        },
        "30": {
            "dur_mean": 1486.96799085453,
            "dur_std": 249.768461341721
        },
        "31": {
            "dur_mean": 1521.5094285714285,
            "dur_std": 255.34228700896603
        },
        "32": {
            "dur_mean": 1584.061125392745,
            "dur_std": 261.79578023400825
        },
        "33": {
            "dur_mean": 1660.5058554698658,
            "dur_std": 276.11732554423975
        },
        "34": {
            "dur_mean": 1714.7737789203086,
            "dur_std": 285.82712998939206
        },
        "35": {
            "dur_mean": 1765.2070836903742,
            "dur_std": 293.85936814563166
        },
        "36": {
            "dur_mean": 1832.316857142857,
            "dur_std": 318.7038238744918
        },
        "37": {
            "dur_mean": 1861.981852913085,
            "dur_std": 309.83928028396286
        },
        "38": {
            "dur_mean": 1902.5529648819804,
            "dur_std": 310.77500569053603
        },
        "39": {
            "dur_mean": 1926.346956273221,
            "dur_std": 313.53392700533385
        },
        "40": {
            "dur_mean": 1963.1346098885397,
            "dur_std": 315.9884088958488
        },
        "41": {
            "dur_mean": 2014.76936267505,
            "dur_std": 318.885590282811
        },
        "42": {
            "dur_mean": 2038.8416690482995,
            "dur_std": 322.5415483249271
        },
        "43": {
            "dur_mean": 2065.6676193198055,
            "dur_std": 326.0202144485291
        },
        "44": {
            "dur_mean": 2076.6021720491567,
            "dur_std": 327.3110225696145
        },
        "45": {
            "dur_mean": 2102.674,
            "dur_std": 330.4839640304509
        },
        "46": {
            "dur_mean": 2165.2385714285715,
            "dur_std": 339.31730115618967
        },
        "47": {
            "dur_mean": 2227.91421218187,
            "dur_std": 352.0017521050528
        },
        "48": {
            "dur_mean": 2307.6045181584213,
            "dur_std": 363.94903003991453
        },
        "49": {
            "dur_mean": 2366.8976265370316,
            "dur_std": 369.6794669453232
        },
        "50": {
            "dur_mean": 2406.59697229363,
            "dur_std": 373.92407721656406
        },
        "51": {
            "dur_mean": 2442.9331619537274,
            "dur_std": 376.4383251931933
        },
        "52": {
            "dur_mean": 2456.46215367038,
            "dur_std": 377.94920831673414
        },
        "53": {
            "dur_mean": 2490.62696372465,
            "dur_std": 380.43842858869493
        },
        "54": {
            "dur_mean": 2510.2570694087403,
            "dur_std": 381.7071265615384
        },
        "55": {
            "dur_mean": 2543.8766066838048,
            "dur_std": 385.22411758577533
        },
        "56": {
            "dur_mean": 2610.0868075385492,
            "dur_std": 390.10123837439465
        },
        "57": {
            "dur_mean": 2681.833809251856,
            "dur_std": 395.7151417022864
        },
        "58": {
            "dur_mean": 2740.3280982295832,
            "dur_std": 399.2145802283233
        },
        "59": {
            "dur_mean": 2870.2565864833905,
            "dur_std": 413.12611799817984
        },
        "60": {
            "dur_mean": 2898.6804241903124,
            "dur_std": 417.7156088713637
        },
        "61": {
            "dur_mean": 2998.3660926365797,
            "dur_std": 429.2414094512527
        },
        "62": {
            "dur_mean": 3025.2572960095295,
            "dur_std": 435.34865921215584
        },
        "63": {
            "dur_mean": 3124.9072787677437,
            "dur_std": 460.2859207736115
        },
        "64": {
            "dur_mean": 3148.9951763641843,
            "dur_std": 469.9193421803936
        },
        "65": {
            "dur_mean": 3250.7148300117233,
            "dur_std": 500.0631304412848
        },
        "66": {
            "dur_mean": 3315.8009408997355,
            "dur_std": 515.2910782885924
        },
        "67": {
            "dur_mean": 3392.0058858151856,
            "dur_std": 526.773474801061
        },
        "68": {
            "dur_mean": 3416.846244825547,
            "dur_std": 531.1886911707708
        },
        "69": {
            "dur_mean": 3499.9322284699615,
            "dur_std": 548.899711490379
        },
        "70": {
            "dur_mean": 3527.000296559905,
            "dur_std": 552.9467333154428
        },
        "71": {
            "dur_mean": 3555.7244958481615,