{
    "rows": {
        "start": 168717,
        "route_filter": -2663,
        "nan_filter": -10142,
        "negative_dur": 0,
        "outliers": -1847,
        "end": 154065
    },
    "scr": 0.7833712244235141,
    "stats": {
        "1": {
            "dur_mean": 0.0,
            "dur_std": 0.0
        },
        "2": {
            "dur_mean": 29.08261082938001,
            "dur_std": 36.49442168861761
        },
        "3": {
            "dur_mean": 61.948692810457516,
            "dur_std": 41.1703993134363
        },
        "4": {
            "dur_mean": 79.41066188457776,
            "dur_std": 43.995965275176054
        },
        "5": {
            "dur_mean": 131.00539480137323,
            "dur_std": 45.94503074926894
        },
        "6": {
            "dur_mean": 189.26508196721312,
            "dur_std": 51.27979818277062
        },
        "7": {
            "dur_mean": 361.5108331865422,
            "dur_std": 59.078799434257334
        },
        "8": {
            "dur_mean": 446.1402510460251,
            "dur_std": 73.34745684604405
        },
        "9": {
            "dur_mean": 493.3541180393465,
            "dur_std": 76.31776667091063
        },
        "10": {
            "dur_mean": 511.28447994783176,
            "dur_std": 81.55119369233584
        },
        "11": {
            "dur_mean": 574.7822475570033,
            "dur_std": 87.29159237219461
        },
        "12": {
            "dur_mean": 616.8520690778755,
            "dur_std": 92.66638425652822
        },
        "13": {
            "dur_mean": 658.5114876975721,
            "dur_std": 99.64999654929578
        },
        "14": {
            "dur_mean": 774.8366151342555,
            "dur_std": 119.7623759218958
        },
        "15": {
            "dur_mean": 812.6377952755905,
            "dur_std": 130.9257938331818
        },
        "16": {
            "dur_mean": 845.3059397884459,
            "dur_std": 133.89861707217435
        },
        "17": {
            "dur_mean": 944.9554109031733,
            "dur_std": 138.7515787861728
        },
        "18": {
            "dur_mean": 1005.1156849983729,
            "dur_std": 142.6893618552214
        },
        "19": {
            "dur_mean": 1268.0079058031959,
            "dur_std": 167.10354471060694
        },
        "20": {
            "dur_mean": 1285.0426432291667,
            "dur_std": 172.29634285706675
        },
        "21": {
            "dur_mean": 1394.6424713031736,
            "dur_std": 189.04765044957983
        },
        "22": {
            "dur_mean": 1413.2376772451046,
            "dur_std": 191.72292186715416
        },
        "23": {
            "dur_mean": 1517.0203735144312,
            "dur_std": 212.00216486428914
        },
        "24": {
            "dur_mean": 1541.4752122241086,
            "dur_std": 215.4598587566518
        },
        "25": {
            "dur_mean": 1582.7818027210885,
            "dur_std": 216.66220988328965
        },
        "26": {
            "dur_mean": 2114.419776119403,
            "dur_std": 570.305562279795
        }
    },
    "feature_eval": {
        "f_values": {
            "weather_main_Clouds": 10.879109125130672,
            "weather_main_Drizzle": 0.9643998145446269,
            "weather_main_Fog": 1.1489275321089623,
            "weather_main_Mist": 0.07464462148456627,
            "weather_main_Rain": 11.748193480044492,
            "weather_main_Smoke": 0.6015439110502552,
            "weather_main_Snow": 1.874589455841763,
            "weather_description_broken clouds": 4.768571856383557,
            "weather_description_drizzle": 2.936025965307628,
            "weather_description_few clouds": 0.8169874631852619,
            "weather_description_fog": 1.1489275321089623,
            "weather_description_light intensity drizzle": 0.10587088251422393,
            "weather_description_light intensity drizzle rain": 1.5681906987763283,
            "weather_description_light intensity shower rain": 1.8231398668647025,
            "weather_description_light rain": 12.113662281747443,
            "weather_description_light shower snow": 1.6282535635951803,
            "weather_description_light snow": 0.06202495504504301,
            "weather_description_mist": 0.07464462148456627,
            "weather_description_moderate rain": 4.762310072572557,
            "weather_description_overcast clouds": 3.6908159364124624,
            "weather_description_proximity shower rain": 0.7966113130923013,
            "weather_description_scattered clouds": 0.20307366378273112,
            "weather_description_shower rain": 0.0678536230980786,
            "weather_description_sky is clear": 0.2726872137441463,
            "weather_description_smoke": 0.6015439110502552,
            "weekday_1": 1.8636311390197147,
            "weekday_2": 5.06070405952434e-05,
            "weekday_3": 7.255579566576967,
            "weekday_4": 39.590073023633536,
            "weekday_5": 1.296882004624582,
            "weekday_6": 63.0898943753,
            "month_2": 0.038509797225448936,
            "month_3": 0.8190497263545973,
            "month_4": 0.18858074639625258,
            "month_5": 0.8512751336332477,
            "month_6": 6.568272073288315,
            "month_7": 1.4725722178816927,
            "month_8": 0.17326427537537348,
            "month_9": 18.669792452675217,
            "month_10": 16.027511390143136,
            "month_11": 14.406679506026293,
            "month_12": 7.335914463710096,
            "hour_6": 260.57870177978714,
            "hour_7": 166.82734009000026,
            "hour_8": 337.36105620344784,
            "hour_9": 64.81247480137064,
            "hour_10": 340.9573314948291,
            "hour_11": 63.11322275470153,
            "hour_12": 407.0706107949715,
            "hour_13": 260.1464982775001,
            "hour_14": 589.8447325877277,
            "hour_15": 353.5331558076513,
            "hour_16": 457.67013305003184,
            "hour_17": 435.38003628453504,
            "hour_18": 536.6584362650478,
            "hour_19": 453.7497500176256,
            "hour_20": 506.4981558827057,
            "hour_21": 273.36122137423354,
            "hour_22": 303.325249144763,
            "hour_23": 103.45367826809012,
            "holiday_1": 20.460738892865038
        },
        "correlations": {
            "daystamp": 0.015702626977832576,
            "progr_number": 0.957757260700733,
            "arr_p": -0.014389759362351205,
            "arr_a": -0.009598126721152477,
            "dep_p": -0.014389759362351205,
            "dep_a": -0.009586107867242507,
            "end_p": -0.04432907474176306,
            "start_p": -0.044798175062429516,
            "start_a": -0.0450184905089489,
            "temp": 0.014514644798972643,
            "feels_like": 0.011496469312515663,
            "temp_min": 0.012565251921970791,
            "temp_max": 0.013953106474179978,
            "pressure": 0.002261223056895189,
            "humidity": -0.0257636604806112,
            "wind_speed": -0.00021455092498119432,
            "wind_deg": -0.0018755149674684459,
            "clouds_all": -0.00223130956348909,
            "dt": 0.015676010547331337,
            "dur_s": 0.9654230078877766
        }
    },
    "modelling": {
        "XGBoost": {
            "time": 20.237200021743774,
            "r_2": 0.9680106795418806,
            "mse": 10406.77791782689,
            "rmse": 102.01361633540343,
            "mae": 62.76024284808423
        },
        "Benchmark": {
            "r_2": 0.9071848881895732,
            "mse": 30194.647532258485,
            "rmse": 173.76607129200593,
            "mae": 108.96251006049278
        }
    },