{
    "rows": {
        "start": 145111,
        "route_filter": -2623,
        "nan_filter": -737,
        "negative_dur": -5,
        "outliers": -1363,
        "end": 140383
    },
    "scr": 0.4899416909620991,
    "stats": {
        "1": {
            "dur_mean": 0.0,
            "dur_std": 0.0
        },
        "2": {
            "dur_mean": 221.95142813502366,
            "dur_std": 92.19749468061183
        },
        "3": {
            "dur_mean": 281.22899970317604,
            "dur_std": 97.68699324763605
        },
        "4": {
            "dur_mean": 326.1395451860603,
            "dur_std": 104.57389620789274
        },
        "5": {
            "dur_mean": 416.16390777416495,
            "dur_std": 117.4949941386402
        },
        "6": {
            "dur_mean": 440.80894729071315,
            "dur_std": 118.64274326026707
        },
        "7": {
            "dur_mean": 688.7902699495698,
            "dur_std": 143.01495230346706
        },
        "8": {
            "dur_mean": 758.9510396696652,
            "dur_std": 146.41745776653713
        },
        "9": {
            "dur_mean": 856.9197403363825,
            "dur_std": 158.64132265789718
        },
        "10": {
            "dur_mean": 940.1518054532056,
            "dur_std": 171.93690379226237
        },
        "11": {
            "dur_mean": 1022.4812140857522,
            "dur_std": 176.46192545113573
        },
        "12": {
            "dur_mean": 1064.3562168532706,
            "dur_std": 181.00185422908515
        },
        "13": {
            "dur_mean": 1110.6412258729924,
            "dur_std": 186.46309372235817
        },
        "14": {
            "dur_mean": 1155.2105806071324,
            "dur_std": 188.35023745654132
        },
        "15": {
            "dur_mean": 1178.3442381373416,
            "dur_std": 189.0633881917998
        },
        "16": {
            "dur_mean": 1240.6379310344828,
            "dur_std": 194.52972273725075
        },
        "17": {
            "dur_mean": 1314.544188537761,
            "dur_std": 226.700356557055
        },
        "18": {
            "dur_mean": 1383.6711016498136,
            "dur_std": 213.8391865336764
        },
        "20": {
            "dur_mean": 1509.1714285714286,
            "dur_std": 249.08054364438735
        },
        "21": {
            "dur_mean": 1540.259317502752,
            "dur_std": 258.1460260679671
        },
        "22": {
            "dur_mean": 1594.7426955702167,
            "dur_std": 272.3701430424223
        },
        "19": {
            "dur_mean": 1497.6283844094019,
            "dur_std": 236.1748122054424
        }
    },
    "feature_eval": {
        "f_values": {
            "weather_main_Clouds": 25.995590585453062,
            "weather_main_Drizzle": 15.53415011514697,
            "weather_main_Fog": 1.0120000178398212,
            "weather_main_Mist": 5.615699265182813,
            "weather_main_Rain": 1.01026946470261,
            "weather_main_Smoke": 4.483144385382466,
            "weather_main_Snow": 5.574766764345812,
            "weather_description_broken clouds": 9.329650183391387,
            "weather_description_drizzle": 5.051764375741976,
            "weather_description_few clouds": 3.9874485814261993,
            "weather_description_fog": 1.0120000178398212,
            "weather_description_light intensity drizzle": 10.620104766084145,
            "weather_description_light intensity drizzle rain": 4.547104975064453,
            "weather_description_light intensity shower rain": 0.08032049962254771,
            "weather_description_light rain": 5.087518711746393,
            "weather_description_light shower snow": 2.9081319971046486,
            "weather_description_light snow": 3.031272329391357,
            "weather_description_mist": 5.615699265182813,
            "weather_description_moderate rain": 0.6714241668075009,
            "weather_description_overcast clouds": 10.871500107512,
            "weather_description_proximity shower rain": 5.220549776176331,
            "weather_description_scattered clouds": 19.442034138297903,
            "weather_description_shower rain": 11.02827310537132,
            "weather_description_sky is clear": 8.948685080537153,
            "weather_description_smoke": 4.483144385382466,
            "weekday_1": 0.0008397434437455767,
            "weekday_2": 11.578458110676241,
            "weekday_3": 47.64081720271774,
            "weekday_4": 160.91126754565073,
            "weekday_5": 18.654737576904832,
            "weekday_6": 250.22340488380783,
            "month_2": 9.765653010620237,
            "month_3": 1.5671530981978339,
            "month_4": 17.10857880010005,
            "month_5": 4.947010270821496,
            "month_6": 0.5330061796780274,
            "month_7": 46.32668454139173,
            "month_8": 0.8046827995598932,
            "month_9": 181.70890648452615,
            "month_10": 81.7312006789637,
            "month_11": 84.2935288953271,
            "month_12": 27.420805410467338,
            "hour_1": 0.587232090813028,
            "hour_6": 1356.8598020148947,
            "hour_7": 327.39271378146526,
            "hour_8": 68.77038140785282,
            "hour_9": 638.4906995360263,
            "hour_10": 21.347491409432408,
            "hour_11": 103.10067955423817,
            "hour_12": 355.5505498855297,
            "hour_13": 7.64476878250432,
            "hour_14": 908.1826535081174,
            "hour_15": 1.01866370608582,
            "hour_16": 1443.4211712016927,
            "hour_17": 66.81501684421454,
            "hour_18": 705.5586204982086,
            "hour_19": 6.978618955830941,
            "hour_20": 24.361461739141305,
            "hour_21": 138.40293776985115,
            "hour_22": 236.36188651442643,
            "hour_23": 2799.503214178497,
            "holiday_1": 69.47363670695805
        },
        "correlations": {
            "daystamp": 0.06214931837497009,
            "progr_number": 0.9285901640357759,
            "arr_p": 0.027318113374833013,
            "arr_a": 0.03185979784349449,
            "dep_p": 0.027318113374833013,
            "dep_a": 0.0317589142187557,
            "end_p": 0.00401483648126434,
            "start_p": 0.0027040588616428717,
            "start_a": 0.002782226403659038,
            "temp": 0.05538336164062138,
            "feels_like": 0.04082676974220957,
            "temp_min": 0.0545622537062457,
            "temp_max": 0.051382152294465286,
            "pressure": 0.014865308841533474,
            "humidity": -0.08869589789830772,
            "wind_speed": 0.013500853564527472,
            "wind_deg": 0.0012411667637915616,
            "clouds_all": 0.0015748896606767738,
            "dt": 0.06220619465169329,
            "dur_s": 0.9468391731802837
        }
    },
    "modelling": {
        "XGBoost": {
            "time": 18.822560787200928,
            "r_2": 0.9521574018072179,
            "mse": 11699.113902557801,
            "rmse": 108.162442199489,
            "mae": 75.27776632012583
        },
        "Benchmark": {
            "r_2": 0.8718131004835515,
            "mse": 31345.98025416002,
            "rmse": 177.04796032194218,
            "mae": 123.91112947344426
        }
    },