{
    "rows": {
        "start": 4185,
        "route_filter": -31,
        "nan_filter": -1921,
        "negative_dur": 0,
        "outliers": -24,
        "end": 2209
    },
    "scr": 0.009708737864077669,
    "stats": {
        "1": {
            "dur_mean": 0.0,
            "dur_std": 0.0
        },
        "2": {
            "dur_mean": 45.56382978723404,
            "dur_std": 62.588528013833795
        },
        "3": {
            "dur_mean": 87.5625,
            "dur_std": 82.9015665524006
        },
        "4": {
            "dur_mean": 115.08333333333333,
            "dur_std": 82.28201397973558
        },
        "5": {
            "dur_mean": 173.4607843137255,
            "dur_std": 85.8022907641099
        },
        "6": {
            "dur_mean": 262.97087378640776,
            "dur_std": 112.0797559435524
        },
        "7": {
            "dur_mean": 327.1650485436893,
            "dur_std": 112.09861704271724
        },
        "8": {
            "dur_mean": 360.18446601941747,
            "dur_std": 112.79703684510334
        },
        "9": {
            "dur_mean": 407.1747572815534,
            "dur_std": 113.88620285045688
        },
        "10": {
            "dur_mean": 429.09708737864077,
            "dur_std": 115.04368433407788
        },
        "11": {
            "dur_mean": 533.3203883495146,
            "dur_std": 120.78543718156514
        },
        "12": {
            "dur_mean": 606.8543689320388,
            "dur_std": 125.25757053297552
        },
        "13": {
            "dur_mean": 800.9902912621359,
            "dur_std": 129.75863680844108
        },
        "14": {
            "dur_mean": 837.5980392156863,
            "dur_std": 131.6247486286785
        },
        "15": {
            "dur_mean": 872.8640776699029,
            "dur_std": 136.22192450755836
        },
        "16": {
            "dur_mean": 973.4174757281553,
            "dur_std": 140.7373805349527
        },
        "17": {
            "dur_mean": 1037.116504854369,
            "dur_std": 142.53223240354689
        },
        "20": {
            "dur_mean": 2854.07,
            "dur_std": 322.03043506959267
        },
        "21": {
            "dur_mean": 3061.4158415841584,
            "dur_std": 343.52872564974047
        },
        "22": {
            "dur_mean": 3246.1782178217823,
            "dur_std": 353.454704199551
        },
        "23": {
            "dur_mean": 3595.891089108911,
            "dur_std": 372.27022177418644
        },
        "24": {
            "dur_mean": 3674.372549019608,
            "dur_std": 379.0239920713666
        },
        "18": {
            "dur_mean": 1178.0,
            "dur_std": NaN
        },
        "19": {
            "dur_mean": 1193.0,
            "dur_std": NaN
        }
    },
    "feature_eval": {
        "f_values": {
            "weather_main_Clouds": 0.3928820460602549,
            "weather_main_Drizzle": 8.36883363374117,
            "weather_main_Fog": 3.237247172673698,
            "weather_main_Mist": 0.22786523005723883,
            "weather_main_Rain": 1.8560343336712042,
            "weather_main_Snow": 0.26188318877030553,
            "weather_description_broken clouds": 3.582145279653697,
            "weather_description_few clouds": 1.4214791681567311,
            "weather_description_fog": 3.237247172673698,
            "weather_description_light intensity drizzle": 2.1945610408396643,
            "weather_description_light intensity drizzle rain": 6.529689840168338,
            "weather_description_light intensity shower rain": 2.6912651772793805,
            "weather_description_light rain": 0.5605594241280722,
            "weather_description_mist": 0.22786523005723883,
            "weather_description_overcast clouds": 0.09823697831601054,
            "weather_description_scattered clouds": 0.7814786855329316,
            "weather_description_sky is clear": 4.346593691996218,
            "weekday_1": 0.8616188274515031,
            "weekday_2": 1.5642954201073858,
            "weekday_3": 0.0012966117201500028,
            "weekday_4": 1.1593689205928184,
            "month_2": 0.04164926067190445,
            "month_3": 0.1245008597951295,
            "month_4": 0.661615786500702,
            "month_5": 0.38220768615238176,
            "month_6": 0.2765215378123671,
            "month_7": 1.871314217353774,
            "month_8": 0.6441827622206608,
            "month_9": 0.012109255706596279,
            "month_10": 2.817610707210397,
            "month_11": 0.6816070624070975,
            "hour_8": 14929.084847831888
        },
        "correlations": {
            "daystamp": 0.02088506801973571,
            "progr_number": 0.8972693584474801,
            "arr_p": 0.9855165716155948,
            "arr_a": 0.9960666954968769,
            "dep_p": 0.9855165716155948,
            "dep_a": 0.9962718742339162,
            "end_p": NaN,
            "start_p": NaN,
            "start_a": -0.145104090045541,
            "temp": 0.0373943751160491,
            "feels_like": 0.010045556332938639,
            "temp_min": 0.0311873537449994,
            "temp_max": 0.02019476328941237,
            "pressure": 0.022412126837153167,
            "humidity": -0.11021856737387101,
            "wind_speed": 0.06364133653254156,
            "wind_deg": -0.07463678537360666,
            "clouds_all": 0.05824872728575313,
            "dt": 0.02102112677320839,
            "dur_s": 0.9855165716155946
        }
    },
    "modelling": {
        "XGBoost": {
            "time": 0.1406254768371582,
            "r_2": 0.9946540242818906,
            "mse": 7465.801077857016,
            "rmse": 86.40486721161614,
            "mae": 44.87425915554678
        },
        "Benchmark": {
            "r_2": 0.9494747913383568,
            "mse": 70559.8336347197,
            "rmse": 265.63101030323946,
            "mae": 150.99095840867992
        }
    },
    "features": [
        "weather_description_broken clouds",
        "weather_description_few clouds",
        "weather_description_fog",
        "weather_description_light intensity drizzle",
        "weather_description_light intensity drizzle rain",
        "weather_description_light intensity shower rain",
        "weather_description_light rain",
        "weather_description_mist",
        "weather_description_overcast clouds",
        "weather_description_scattered clouds",
        "weather_description_sky is clear",
        "weekday_1",
        "weekday_2",
        "weekday_3",
        "weekday_4",
        "month_2",
        "month_3",
        "month_4",
        "month_5",
        "month_6",
        "month_7",
        "month_8",
        "month_9",
        "month_10",
        "month_11",
        "hour_8",
        "progr_number",
        "dur_s",
        "humidity"
    ]
}