{
    "rows": {
        "start": 4575,
        "route_filter": 0,
        "nan_filter": -18,
        "negative_dur": 0,
        "outliers": -114,
        "end": 4443
    },
    "scr": 0.645933014354067,
    "stats": {
        "1": {
            "dur_mean": 0.0,
            "dur_std": 0.0
        },
        "2": {
            "dur_mean": 199.38755980861245,
            "dur_std": 248.1709011762891
        },
        "3": {
            "dur_mean": 332.2200956937799,
            "dur_std": 267.9910470985753
        },
        "4": {
            "dur_mean": 512.578947368421,
            "dur_std": 284.24756398530303
        },
        "5": {
            "dur_mean": 631.0287081339712,
            "dur_std": 287.28024902449016
        },
        "6": {
            "dur_mean": 713.444976076555,
            "dur_std": 289.0305714568237
        },
        "7": {
            "dur_mean": 1901.6919191919192,
            "dur_std": 348.2027255880659
        },
        "8": {
            "dur_mean": 2107.7091836734694,
            "dur_std": 350.8513778669325
        },
        "9": {
            "dur_mean": 2175.1787439613527,
            "dur_std": 346.88901995789195
        },
        "10": {
            "dur_mean": 2281.995169082126,
            "dur_std": 352.45497540152104
        },
        "11": {
            "dur_mean": 2385.870813397129,
            "dur_std": 384.36884774289473
        },
        "12": {
            "dur_mean": 2467.8947368421054,
            "dur_std": 384.5704752120972
        },
        "13": {
            "dur_mean": 2521.4258373205744,
            "dur_std": 386.30095569087706
        },
        "14": {
            "dur_mean": 2582.6985645933014,
            "dur_std": 387.0508439665743
        },
        "15": {
            "dur_mean": 2631.2966507177034,
            "dur_std": 387.0204328216027
        },
        "16": {
            "dur_mean": 2655.1052631578946,
            "dur_std": 386.9651997137129
        },
        "17": {
            "dur_mean": 2715.6746411483255,
            "dur_std": 387.7893081027853
        },
        "18": {
            "dur_mean": 2741.5645933014353,
            "dur_std": 387.884346475001
        },
        "19": {
            "dur_mean": 2829.3282828282827,
            "dur_std": 394.66683026542427
        },
        "20": {
            "dur_mean": 2949.3653846153848,
            "dur_std": 406.89892676252697
        },
        "21": {
            "dur_mean": 2933.2979797979797,
            "dur_std": 399.5027964374972
        },
        "22": {
            "dur_mean": 2943.8962962962964,
            "dur_std": 348.0024719862896
        },
        "23": {
            "dur_mean": 2979.639705882353,
            "dur_std": 349.7093750592873
        }
    },
    "feature_eval": {
        "f_values": {
            "weather_main_Clouds": 0.053654747343217846,
            "weather_main_Drizzle": 0.21798849199570539,
            "weather_main_Mist": 2.1119265047100724,
            "weather_main_Rain": 0.13630075946547465,
            "weather_main_Snow": 10.194157345612863,
            "weather_description_few clouds": 0.13100203036568658,
            "weather_description_light intensity drizzle": 1.5100967140499257,
            "weather_description_light intensity drizzle rain": 1.5338311555340907,
            "weather_description_light intensity shower rain": 5.173557992244565,
            "weather_description_light rain": 4.663250444569224,
            "weather_description_light shower snow": 10.194157345612863,
            "weather_description_mist": 2.1119265047100724,
            "weather_description_moderate rain": 5.501994263208381,
            "weather_description_overcast clouds": 0.23391295606066453,
            "weather_description_proximity shower rain": 0.03202807685204093,
            "weather_description_scattered clouds": 0.9963290250982224,
            "weather_description_sky is clear": 0.020603203661990116,
            "weekday_1": 0.002149267990953962,
            "weekday_2": 0.017497648235491048,
            "weekday_3": 0.22678071517995635,
            "weekday_4": 1.5279015239255698,
            "month_2": 2.3131415356408103,
            "month_3": 0.005339557485124761,
            "month_4": 1.48843219249956,
            "month_5": 0.49977670182892486,
            "month_6": 0.029785073442943746,
            "month_7": 1.7699402666865471,
            "month_8": 2.461379595342034,
            "month_9": 1.9896658726861827,
            "month_10": 0.4820389028940577,
            "month_11": 15.615484582965246,
            "hour_18": 19386.098163734958
        },
        "correlations": {
            "daystamp": 0.04378188623321384,
            "progr_number": 0.8841067517566944,
            "arr_p": 0.9465715450771627,
            "arr_a": 0.9927698781005098,
            "dep_p": 0.9465715450771627,
            "dep_a": 0.992849941470984,
            "end_p": -0.010205595947413633,
            "start_p": NaN,
            "start_a": -0.08898229220063947,
            "temp": -0.035169594091282716,
            "feels_like": -0.0156550093692381,
            "temp_min": -0.03005375624414444,
            "temp_max": -0.029130732680074867,
            "pressure": -0.010353559552541317,
            "humidity": 0.06759639886985601,
            "wind_speed": -0.06350989602934681,
            "wind_deg": 0.012611325538026566,
            "clouds_all": 0.00829079001910057,
            "dt": 0.04390303053484607,
            "dur_s": 0.9465715450771626
        }
    },
    "modelling": {
        "XGBoost": {
            "time": 0.3124995231628418,
            "r_2": 0.9910438143786005,
            "mse": 9719.090903718836,
            "rmse": 98.58544975663922,
            "mae": 62.38585323197256
        },
        "Benchmark": {
            "r_2": 0.8736520414951512,
            "mse": 137110.52295229523,
            "rmse": 370.2843811886956,
            "mae": 266.3285328532853
        }
    },
    "features": [
        "weather_description_few clouds",
        "weather_description_light intensity drizzle",
        "weather_description_light intensity drizzle rain",
        "weather_description_light intensity shower rain",
        "weather_description_light rain",
        "weather_description_light shower snow",
        "weather_description_mist",
        "weather_description_moderate rain",
        "weather_description_overcast clouds",
        "weather_description_proximity shower rain",
        "weather_description_scattered clouds",
        "weather_description_sky is clear",
        "weekday_1",
        "weekday_2",
        "weekday_3",
        "weekday_4",
        "month_2",
        "month_3",
        "month_4",
        "month_5",
        "month_6",
        "month_7",
        "month_8",
        "month_9",
        "month_10",
        "month_11",
        "hour_18",
        "progr_number",
        "dur_s",
        "humidity"
    ]
}