{
    "rows": {
        "start": 1452,
        "route_filter": 0,
        "nan_filter": 0,
        "negative_dur": 0,
        "outliers": 0,
        "end": 1452
    },
    "scr": 0.14285714285714285,
    "stats": {
        "1": {
            "dur_mean": 0.0,
            "dur_std": 0.0
        },
        "2": {
            "dur_mean": 85.07142857142857,
            "dur_std": 41.83017733961616
        },
        "3": {
            "dur_mean": 137.78571428571428,
            "dur_std": 46.18720863787117
        },
        "4": {
            "dur_mean": 196.14285714285714,
            "dur_std": 48.87481204820386
        },
        "5": {
            "dur_mean": 277.35714285714283,
            "dur_std": 58.21525988532975
        },
        "6": {
            "dur_mean": 332.35714285714283,
            "dur_std": 61.34844633837004
        },
        "7": {
            "dur_mean": 462.2142857142857,
            "dur_std": 76.54076698720108
        },
        "8": {
            "dur_mean": 584.8571428571429,
            "dur_std": 81.55871612417752
        },
        "9": {
            "dur_mean": 642.4285714285714,
            "dur_std": 82.56346210476687
        },
        "10": {
            "dur_mean": 675.2142857142857,
            "dur_std": 83.00155565866366
        },
        "11": {
            "dur_mean": 749.5,
            "dur_std": 83.82009122106521
        },
        "12": {
            "dur_mean": 785.9285714285714,
            "dur_std": 89.77618691091607
        },
        "13": {
            "dur_mean": 829.9285714285714,
            "dur_std": 87.7456676867992
        },
        "14": {
            "dur_mean": 901.0,
            "dur_std": 85.83974335039416
        },
        "15": {
            "dur_mean": 952.3571428571429,
            "dur_std": 88.80194656811142
        },
        "16": {
            "dur_mean": 979.9285714285714,
            "dur_std": 92.54891786402581
        },
        "17": {
            "dur_mean": 1052.2142857142858,
            "dur_std": 97.74391861580764
        },
        "18": {
            "dur_mean": 1140.0714285714287,
            "dur_std": 109.17485219430505
        },
        "19": {
            "dur_mean": 1191.642857142857,
            "dur_std": 112.38163492373594
        },
        "20": {
            "dur_mean": 1227.642857142857,
            "dur_std": 113.66185148727995
        },
        "21": {
            "dur_mean": 1317.4285714285713,
            "dur_std": 129.65440114498134
        },
        "22": {
            "dur_mean": 1405.0714285714287,
            "dur_std": 131.32605593343982
        },
        "23": {
            "dur_mean": 1481.357142857143,
            "dur_std": 146.31609993059922
        },
        "24": {
            "dur_mean": 1555.5,
            "dur_std": 154.45624224754002
        },
        "25": {
            "dur_mean": 1607.142857142857,
            "dur_std": 159.25589333032408
        },
        "26": {
            "dur_mean": 1637.642857142857,
            "dur_std": 162.5998425313161
        },
        "27": {
            "dur_mean": 1718.2857142857142,
            "dur_std": 155.96223831498372
        },
        "28": {
            "dur_mean": 1777.5,
            "dur_std": 173.10234855981324
        },
        "29": {
            "dur_mean": 1876.2857142857142,
            "dur_std": 175.59324876255639
        },
        "30": {
            "dur_mean": 1901.857142857143,
            "dur_std": 177.3093156227089
        },
        "31": {
            "dur_mean": 1985.4615384615386,
            "dur_std": 188.72758824322045
        },
        "32": {
            "dur_mean": 2014.6153846153845,
            "dur_std": 192.92681620307846
        },
        "33": {
            "dur_mean": 2100.3076923076924,
            "dur_std": 195.83385160869773
        },
        "34": {
            "dur_mean": 2173.0,
            "dur_std": 195.54880038837706
        },
        "35": {
            "dur_mean": 2247.6923076923076,
            "dur_std": 208.1855681098735
        },
        "36": {
            "dur_mean": 2347.076923076923,
            "dur_std": 212.75590925536457
        },
        "37": {
            "dur_mean": 2414.769230769231,
            "dur_std": 203.32082769445674
        },
        "38": {
            "dur_mean": 2464.5384615384614,
            "dur_std": 204.52123581045538
        },
        "39": {
            "dur_mean": 2555.846153846154,
            "dur_std": 213.13565561000743
        },
        "40": {
            "dur_mean": 2586.230769230769,
            "dur_std": 214.4229285960163
        },
        "41": {
            "dur_mean": 2847.846153846154,
            "dur_std": 236.74066196080688
        },
        "42": {
            "dur_mean": 2924.6923076923076,
            "dur_std": 237.63150205566342
        },
        "43": {
            "dur_mean": 3040.6923076923076,
            "dur_std": 245.01271552560445
        },
        "44": {
            "dur_mean": 3059.4615384615386,
            "dur_std": 239.5320491376938
        },
        "45": {
            "dur_mean": 3096.4615384615386,
            "dur_std": 241.88930504971876
        },
        "46": {
            "dur_mean": 3177.6923076923076,
            "dur_std": 245.95405553862582
        },
        "47": {
            "dur_mean": 3206.076923076923,
            "dur_std": 246.3204083906642
        },
        "48": {
            "dur_mean": 3241.769230769231,
            "dur_std": 249.69319635843567
        },
        "49": {
            "dur_mean": 3285.846153846154,
            "dur_std": 252.0892190455085
        },
        "50": {
            "dur_mean": 3309.0,
            "dur_std": 252.62455673719975
        },
        "51": {
            "dur_mean": 3504.6153846153848,
            "dur_std": 237.61893108558587
        },
        "52": {
            "dur_mean": 3625.6153846153848,
            "dur_std": 245.50883842254999
        },
        "53": {
            "dur_mean": 3646.6923076923076,
            "dur_std": 245.92898182720168
        },
        "54": {
            "dur_mean": 3705.3076923076924,
            "dur_std": 240.42753052821848
        },
        "55": {
            "dur_mean": 3738.3846153846152,
            "dur_std": 239.38760009015314
        },
        "56": {
            "dur_mean": 3774.4615384615386,
            "dur_std": 237.89409947306925
        },
        "57": {
            "dur_mean": 3909.923076923077,
            "dur_std": 266.22874298193943
        },
        "58": {
            "dur_mean": 3954.769230769231,
            "dur_std": 277.0562980834262
        },
        "59": {
            "dur_mean": 3992.3846153846152,
            "dur_std": 289.80209869884726
        },
        "63": {
            "dur_mean": 4503.384615384615,
            "dur_std": 315.6597689658753
        },
        "64": {
            "dur_mean": 4533.461538461538,
            "dur_std": 312.16411692799653
        },
        "65": {
            "dur_mean": 4564.0,
            "dur_std": 311.91238085932616
        },
        "66": {
            "dur_mean": 4575.923076923077,
            "dur_std": 311.46975817310135
        },
        "67": {
            "dur_mean": 4614.307692307692,
            "dur_std": 311.0384179420565
        },
        "68": {
            "dur_mean": 4642.846153846154,
            "dur_std": 310.13568163892563
        },
        "69": {
            "dur_mean": 4711.615384615385,
            "dur_std": 305.4670027082954
        },
        "70": {
            "dur_mean": 4817.307692307692,
            "dur_std": 294.63151693128617
        },
        "71": {
            "dur_mean": 4868.384615384615,
            "dur_std": 295.53666959773886
        },
        "72": {
            "dur_mean": 4934.461538461538,
            "dur_std": 300.8112961599612
        },
        "73": {
            "dur_mean": 4954.7692307692305,
            "dur_std": 302.3673686776165
        },
        "74": {
            "dur_mean": 4973.692307692308,