{
    "rows": {
        "start": 66084,
        "route_filter": -9161,
        "nan_filter": -6773,
        "negative_dur": 0,
        "outliers": -512,
        "end": 49638
    },
    "scr": 0.9269356597600873,
    "stats": {
        "1": {
            "dur_mean": 0.0,
            "dur_std": 0.0
        },
        "2": {
            "dur_mean": 33.844056706652125,
            "dur_std": 23.00248467946659
        },
        "3": {
            "dur_mean": 83.76859504132231,
            "dur_std": 43.55313383056923
        },
        "4": {
            "dur_mean": 116.07851690294439,
            "dur_std": 45.60764351666287
        },
        "5": {
            "dur_mean": 190.44601962922573,
            "dur_std": 51.71481439929303
        },
        "6": {
            "dur_mean": 236.41657579062158,
            "dur_std": 52.0370718127677
        },
        "7": {
            "dur_mean": 290.2377317339149,
            "dur_std": 56.25455027187045
        },
        "8": {
            "dur_mean": 320.5403930131004,
            "dur_std": 56.61451961380757
        },
        "9": {
            "dur_mean": 361.2576419213974,
            "dur_std": 63.10481519741624
        },
        "10": {
            "dur_mean": 408.72707423580783,
            "dur_std": 73.81629663359108
        },
        "11": {
            "dur_mean": 454.23362445414847,
            "dur_std": 77.87703635641073
        },
        "12": {
            "dur_mean": 482.51528384279476,
            "dur_std": 78.58144489633573
        },
        "13": {
            "dur_mean": 524.1593886462882,
            "dur_std": 81.87645450596509
        },
        "14": {
            "dur_mean": 563.1191256830601,
            "dur_std": 84.43452019492763
        },
        "15": {
            "dur_mean": 602.6135371179039,
            "dur_std": 87.4231665295553
        },
        "16": {
            "dur_mean": 633.911475409836,
            "dur_std": 87.64872842573313
        },
        "17": {
            "dur_mean": 675.7945355191257,
            "dur_std": 89.17968837757898
        },
        "18": {
            "dur_mean": 725.0896174863389,
            "dur_std": 91.75114194083102
        },
        "19": {
            "dur_mean": 768.1857923497267,
            "dur_std": 93.88574004097839
        },
        "20": {
            "dur_mean": 836.4229508196721,
            "dur_std": 98.37962531024739
        },
        "21": {
            "dur_mean": 889.3453551912569,
            "dur_std": 100.22590930938118
        },
        "22": {
            "dur_mean": 931.7136612021858,
            "dur_std": 101.19525820722473
        },
        "23": {
            "dur_mean": 1007.7322404371585,
            "dur_std": 106.28522275690443
        },
        "24": {
            "dur_mean": 1084.8513661202185,
            "dur_std": 110.64744702743782
        },
        "25": {
            "dur_mean": 1137.0633879781421,
            "dur_std": 112.87040807556079
        },
        "26": {
            "dur_mean": 1187.8907103825136,
            "dur_std": 114.44272296310649
        },
        "27": {
            "dur_mean": 1259.822950819672,
            "dur_std": 121.4761654501193
        },
        "28": {
            "dur_mean": 1296.2883939038686,
            "dur_std": 122.66308036784429
        },
        "29": {
            "dur_mean": 1334.3782894736842,
            "dur_std": 124.04254824944015
        },
        "30": {
            "dur_mean": 1363.4338797814207,
            "dur_std": 125.70250189314291
        },
        "31": {
            "dur_mean": 1405.744262295082,
            "dur_std": 128.83054259802606
        },
        "32": {
            "dur_mean": 1463.175956284153,
            "dur_std": 133.06506474758194
        },
        "33": {
            "dur_mean": 1498.135519125683,
            "dur_std": 135.17704249603258
        },
        "34": {
            "dur_mean": 1532.9530054644808,
            "dur_std": 136.81933566515536
        },
        "35": {
            "dur_mean": 1546.527868852459,
            "dur_std": 137.32390768877409
        },
        "36": {
            "dur_mean": 1585.1387978142077,
            "dur_std": 141.05003757252112
        },
        "37": {
            "dur_mean": 1670.8273224043717,
            "dur_std": 149.20958310479332
        },
        "38": {
            "dur_mean": 1735.013143483023,
            "dur_std": 150.9595036984555
        },
        "39": {
            "dur_mean": 1831.6889375684557,
            "dur_std": 159.56896318288327
        },
        "40": {
            "dur_mean": 1896.7843784378438,
            "dur_std": 161.02633290197173
        },
        "41": {
            "dur_mean": 1943.840834248079,
            "dur_std": 162.095060703151
        },
        "42": {
            "dur_mean": 1983.549945115258,
            "dur_std": 164.6595004066659
        },
        "43": {
            "dur_mean": 1998.6794731064765,
            "dur_std": 164.80448091551384
        },
        "44": {
            "dur_mean": 2034.3172338090012,
            "dur_std": 167.69306511387057
        },
        "45": {
            "dur_mean": 2055.1108671789243,
            "dur_std": 167.77770419406684
        },
        "46": {
            "dur_mean": 2091.868131868132,
            "dur_std": 170.90705461021247
        },
        "47": {
            "dur_mean": 2163.596048298573,
            "dur_std": 180.16551409158018
        },
        "48": {
            "dur_mean": 2241.906900328587,
            "dur_std": 186.72448710896273
        },
        "49": {
            "dur_mean": 2309.0218818380745,
            "dur_std": 195.77555930002305
        },
        "50": {
            "dur_mean": 3713.1609702315327,
            "dur_std": 682.4281415068333
        },
        "51": {
            "dur_mean": 4044.0055066079294,
            "dur_std": 514.406926652379
        },
        "52": {
            "dur_mean": 4292.882158590309,
            "dur_std": 541.099077912666
        },
        "53": {
            "dur_mean": 4468.9382579933845,
            "dur_std": 550.8823291362485
        },
        "54": {
            "dur_mean": 4756.632286995516,
            "dur_std": 553.4197301725505
        },
        "55": {
            "dur_mean": 4861.868480725623,
            "dur_std": 562.19515714281
        },
        "56": {
            "dur_mean": 4936.880597014925,
            "dur_std": 516.5914370173379
        }
    },
    "feature_eval": {
        "f_values": {
            "weather_main_Clouds": 15.964785239306002,
            "weather_main_Drizzle": 4.49872077198654,
            "weather_main_Fog": 5.998186906954671,
            "weather_main_Mist": 19.27186894588941,
            "weather_main_Rain": 17.649623215853847,
            "weather_main_Snow": 4.396903865157961,
            "weather_description_few clouds": 1.5096273025965004,
            "weather_description_fog": 5.998186906954671,
            "weather_description_heavy intensity rain": 15.506449888352446,
            "weather_description_light intensity drizzle": 0.18261926901529635,
            "weather_description_light intensity drizzle rain": 6.752393323914698,
            "weather_description_light intensity shower rain": 9.276542900502928,
            "weather_description_light rain": 6.981665363980509,
            "weather_description_light shower snow": 4.396903865157961,
            "weather_description_mist": 19.27186894588941,
            "weather_description_moderate rain": 12.728332204227875,
            "weather_description_overcast clouds": 1.9031690217811004,
            "weather_description_proximity shower rain": 0.07877732703195421,
            "weather_description_scattered clouds": 14.862555277155726,
            "weather_description_sky is clear": 1.226825685489424,
            "weekday_1": 2.3307639926548607,
            "weekday_2": 0.3142469246552964,
            "weekday_3": 0.6191491008479186,
            "weekday_4": 11.962164383974002,