{
    "rows": {
        "start": 74999,
        "route_filter": -12340,
        "nan_filter": -1305,
        "negative_dur": 0,
        "outliers": -677,
        "end": 60677
    },
    "scr": 0.07194994786235662,
    "stats": {
        "1": {
            "dur_mean": 0.0,
            "dur_std": 0.0
        },
        "2": {
            "dur_mean": 116.22002085505736,
            "dur_std": 194.4779816862339
        },
        "3": {
            "dur_mean": 212.30584551148226,
            "dur_std": 211.02693966811393
        },
        "4": {
            "dur_mean": 371.2752867570386,
            "dur_std": 240.26798131197782
        },
        "5": {
            "dur_mean": 478.252346193952,
            "dur_std": 240.85945392947235
        },
        "6": {
            "dur_mean": 559.0719499478623,
            "dur_std": 243.719905878347
        },
        "7": {
            "dur_mean": 1714.586609989373,
            "dur_std": 319.9553030474358
        },
        "8": {
            "dur_mean": 1796.751871657754,
            "dur_std": 327.2182745204063
        },
        "11": {
            "dur_mean": 1995.716560509554,
            "dur_std": 362.7391355634894
        },
        "12": {
            "dur_mean": 2073.5110642781874,
            "dur_std": 356.1869399867365
        },
        "13": {
            "dur_mean": 2105.658280922432,
            "dur_std": 356.9580888975072
        },
        "14": {
            "dur_mean": 2133.4958071278825,
            "dur_std": 355.1180500456652
        },
        "15": {
            "dur_mean": 2177.792670157068,
            "dur_std": 356.17124374778183
        },
        "16": {
            "dur_mean": 2205.1100628930817,
            "dur_std": 359.2944138256145
        },
        "17": {
            "dur_mean": 2266.122513089005,
            "dur_std": 365.5070838862583
        },
        "18": {
            "dur_mean": 2331.892033542977,
            "dur_std": 378.0327437966572
        },
        "19": {
            "dur_mean": 2400.722222222222,
            "dur_std": 376.74365993058154
        },
        "20": {
            "dur_mean": 2492.5461215932914,
            "dur_std": 372.89485853266245
        },
        "21": {
            "dur_mean": 2529.697064989518,
            "dur_std": 370.11787840609077
        },
        "22": {
            "dur_mean": 2581.5109947643978,
            "dur_std": 373.8058704159087
        },
        "23": {
            "dur_mean": 2598.868062827225,
            "dur_std": 373.1391725792398
        },
        "24": {
            "dur_mean": 2628.871204188482,
            "dur_std": 374.5789742131192
        },
        "25": {
            "dur_mean": 2650.487958115183,
            "dur_std": 377.5635515272139
        },
        "26": {
            "dur_mean": 2681.785340314136,
            "dur_std": 377.36940206243617
        },
        "27": {
            "dur_mean": 2709.952879581152,
            "dur_std": 376.02235325351535
        },
        "28": {
            "dur_mean": 2738.150785340314,
            "dur_std": 377.66470477337816
        },
        "29": {
            "dur_mean": 2758.87106918239,
            "dur_std": 379.91117195274927
        },
        "30": {
            "dur_mean": 2795.597905759162,
            "dur_std": 382.2750329725759
        },
        "31": {
            "dur_mean": 2829.661780104712,
            "dur_std": 385.33921966050633
        },
        "32": {
            "dur_mean": 2885.823036649215,
            "dur_std": 389.65968473657637
        },
        "33": {
            "dur_mean": 2935.337172774869,
            "dur_std": 392.8613272691734
        },
        "34": {
            "dur_mean": 3032.966492146597,
            "dur_std": 403.0604603841754
        },
        "35": {
            "dur_mean": 3086.1277486910994,
            "dur_std": 401.75792748928035
        },
        "36": {
            "dur_mean": 3188.45445026178,
            "dur_std": 391.9383705893534
        },
        "37": {
            "dur_mean": 3234.2984293193717,
            "dur_std": 395.8564156760781
        },
        "38": {
            "dur_mean": 3291.0031413612564,
            "dur_std": 398.89830331082067
        },
        "39": {
            "dur_mean": 3338.940314136126,
            "dur_std": 398.4104733047249
        },
        "40": {
            "dur_mean": 3399.668062827225,
            "dur_std": 397.99237239711687
        },
        "41": {
            "dur_mean": 3434.909947643979,
            "dur_std": 399.7987678509709
        },
        "42": {
            "dur_mean": 3481.8439790575917,
            "dur_std": 398.66152600869356
        },
        "43": {
            "dur_mean": 3519.8586387434557,
            "dur_std": 399.99971163017693
        },
        "44": {
            "dur_mean": 3552.1821989528794,
            "dur_std": 401.15412939647916
        },
        "45": {
            "dur_mean": 3587.6356020942408,
            "dur_std": 401.37554259630053
        },
        "46": {
            "dur_mean": 3627.944502617801,
            "dur_std": 433.0912798305223
        },
        "47": {
            "dur_mean": 3667.628541448059,
            "dur_std": 408.11348430955616
        },
        "48": {
            "dur_mean": 3711.2830188679245,
            "dur_std": 407.7146446519913
        },
        "49": {
            "dur_mean": 3757.4633123689728,
            "dur_std": 409.0733612899201
        },
        "50": {
            "dur_mean": 3793.412997903564,
            "dur_std": 409.3655589301846
        },
        "51": {
            "dur_mean": 3855.6624737945494,
            "dur_std": 410.33974012503114
        },
        "52": {
            "dur_mean": 3899.540966386555,
            "dur_std": 411.6659600614347
        },
        "53": {
            "dur_mean": 3975.6470588235293,
            "dur_std": 412.456717815647
        },
        "54": {
            "dur_mean": 4015.049369747899,
            "dur_std": 410.60961409058507
        },
        "55": {
            "dur_mean": 4070.6063157894737,
            "dur_std": 405.6579933231963
        },
        "56": {
            "dur_mean": 4102.829293993677,
            "dur_std": 410.7602198004239
        },
        "57": {
            "dur_mean": 4133.7621052631575,
            "dur_std": 412.6285401614045
        },
        "58": {
            "dur_mean": 4233.116965226554,
            "dur_std": 433.5275627882379
        },
        "59": {
            "dur_mean": 4282.508937960042,
            "dur_std": 477.79791111661126
        },
        "60": {
            "dur_mean": 4427.766877637131,
            "dur_std": 466.37870399899055
        },
        "61": {
            "dur_mean": 4464.448421052632,
            "dur_std": 467.4007955269797
        },
        "62": {
            "dur_mean": 4546.630526315789,
            "dur_std": 462.727224181449
        },
        "63": {
            "dur_mean": 4570.545263157895,
            "dur_std": 463.9257388905542
        },
        "64": {
            "dur_mean": 4642.404210526316,
            "dur_std": 468.59039429108384
        },
        "65": {
            "dur_mean": 4591.483766233766,
            "dur_std": 477.60469049878776
        },
        "66": {
            "dur_mean": 4669.073529411765,
            "dur_std": 442.39990712557915
        },
        "9": {
            "dur_mean": 1929.3479087452472,
            "dur_std": 361.77725673521326
        },
        "10": {
            "dur_mean": 2031.1187943262412,
            "dur_std": 390.5188083584066
        }
    },
    "feature_eval": {
        "f_values": {
            "weather_main_Clouds": 24.790839298271848,
            "weather_main_Drizzle": 29.197791064969607,
            "weather_main_Fog": 24.783430635399338,
            "weather_main_Mist": 25.97342967010998,
            "weather_main_Rain": 0.3195464996467758,
            "weather_main_Snow": 0.0273582583418535,
            "weather_description_few clouds": 1.113165340740615,