{
    "rows": {
        "start": 927329,
        "route_filter": 0,
        "nan_filter": -50272,
        "negative_dur": -15,
        "outliers": -8693,
        "end": 868349
    },
    "scr": 0.0017274599694372466,
    "stats": {
        "1": {
            "dur_mean": 0.0,
            "dur_std": 0.0
        },
        "2": {
            "dur_mean": 5.789837488050592,
            "dur_std": 32.16925948384796
        },
        "3": {
            "dur_mean": 41.776752767527675,
            "dur_std": 60.84825209298322
        },
        "4": {
            "dur_mean": 103.77744867048132,
            "dur_std": 87.24205868680379
        },
        "5": {
            "dur_mean": 241.60752363709514,
            "dur_std": 167.9669480686554
        },
        "6": {
            "dur_mean": 436.6926041103299,
            "dur_std": 209.8444223262253
        },
        "7": {
            "dur_mean": 457.43890157110246,
            "dur_std": 214.06260978156595
        },
        "9": {
            "dur_mean": 643.2625996486961,
            "dur_std": 246.40195686728669
        },
        "10": {
            "dur_mean": 778.4213505863324,
            "dur_std": 273.69030529410264
        },
        "11": {
            "dur_mean": 811.9488128068878,
            "dur_std": 284.100493506739
        },
        "12": {
            "dur_mean": 1190.6539487726789,
            "dur_std": 385.3083981904779
        },
        "13": {
            "dur_mean": 1324.672433524066,
            "dur_std": 399.6578702167267
        },
        "14": {
            "dur_mean": 1378.3149764942914,
            "dur_std": 413.33822591509204
        },
        "15": {
            "dur_mean": 1462.2306093718576,
            "dur_std": 417.9861976560118
        },
        "16": {
            "dur_mean": 1603.387535145267,
            "dur_std": 426.45343686341175
        },
        "17": {
            "dur_mean": 1701.0105044828047,
            "dur_std": 451.57767505818964
        },
        "18": {
            "dur_mean": 1745.1893285130884,
            "dur_std": 459.2697796379408
        },
        "19": {
            "dur_mean": 1842.4414661931246,
            "dur_std": 482.44559293470627
        },
        "20": {
            "dur_mean": 1913.1548283045495,
            "dur_std": 492.97910210535963
        },
        "21": {
            "dur_mean": 1977.443161094225,
            "dur_std": 503.06141505346494
        },
        "22": {
            "dur_mean": 2006.151286032539,
            "dur_std": 506.4786880891662
        },
        "23": {
            "dur_mean": 2025.9374282821466,
            "dur_std": 508.73876142794256
        },
        "24": {
            "dur_mean": 2070.7165035437056,
            "dur_std": 513.0195259204305
        },
        "25": {
            "dur_mean": 2120.9160367170625,
            "dur_std": 516.543114139317
        },
        "26": {
            "dur_mean": 2161.5741952898306,
            "dur_std": 521.525468950419
        },
        "27": {
            "dur_mean": 2215.122924260834,
            "dur_std": 525.5349271366396
        },
        "28": {
            "dur_mean": 2312.1845818280963,
            "dur_std": 541.8645420011782
        },
        "29": {
            "dur_mean": 2364.7219875276605,
            "dur_std": 558.41874088029
        },
        "30": {
            "dur_mean": 2433.489480032163,
            "dur_std": 573.2778027075126
        },
        "31": {
            "dur_mean": 2502.192214926973,
            "dur_std": 584.2000270974503
        },
        "32": {
            "dur_mean": 2541.3597748894545,
            "dur_std": 590.0638173480104
        },
        "33": {
            "dur_mean": 2581.375820495646,
            "dur_std": 594.8951830401896
        },
        "34": {
            "dur_mean": 2629.986202719074,
            "dur_std": 593.2497391685861
        },
        "35": {
            "dur_mean": 2673.083793986787,
            "dur_std": 596.3742750389835
        },
        "36": {
            "dur_mean": 2703.6386492315987,
            "dur_std": 599.6383132863835
        },
        "37": {
            "dur_mean": 2777.0995685587163,
            "dur_std": 607.5099840894555
        },
        "38": {
            "dur_mean": 2825.3473102332478,
            "dur_std": 617.3611878696701
        },
        "39": {
            "dur_mean": 2883.929859853819,
            "dur_std": 646.7152252161549
        },
        "40": {
            "dur_mean": 2974.4095327478717,
            "dur_std": 664.5198236940396
        },
        "41": {
            "dur_mean": 3043.2201219920908,
            "dur_std": 671.7106376977454
        },
        "42": {
            "dur_mean": 3080.7670241286864,
            "dur_std": 676.7618266592638
        },
        "43": {
            "dur_mean": 3153.834383378016,
            "dur_std": 687.1388132151119
        },
        "44": {
            "dur_mean": 3188.2304703202467,
            "dur_std": 691.2485415122799
        },
        "45": {
            "dur_mean": 3248.350840758357,
            "dur_std": 697.7679592766466
        },
        "46": {
            "dur_mean": 3276.0933878207275,
            "dur_std": 701.0425515659388
        },
        "47": {
            "dur_mean": 3304.7684217577707,
            "dur_std": 704.0786209822636
        },
        "48": {
            "dur_mean": 3358.6038987138263,
            "dur_std": 707.2034803138608
        },
        "49": {
            "dur_mean": 3401.0473574921293,
            "dur_std": 711.2751049258949
        },
        "50": {
            "dur_mean": 3453.6561537431367,
            "dur_std": 716.2621396612268
        },
        "51": {
            "dur_mean": 3511.090269872095,
            "dur_std": 721.3057066664659
        },
        "52": {
            "dur_mean": 3576.248024641757,
            "dur_std": 725.9754785487893
        },
        "53": {
            "dur_mean": 3628.265751590224,
            "dur_std": 730.5200215992772
        },
        "54": {
            "dur_mean": 3684.4684612294095,
            "dur_std": 733.6261216191259
        },
        "55": {
            "dur_mean": 3846.630281925936,
            "dur_std": 756.9606701719379
        },
        "56": {
            "dur_mean": 3880.878491526559,
            "dur_std": 760.8088261237506
        },
        "57": {
            "dur_mean": 3929.412619733405,
            "dur_std": 765.9705577775143
        },
        "58": {
            "dur_mean": 3989.4468470888455,
            "dur_std": 772.5413340870725
        },
        "59": {
            "dur_mean": 4031.035061794734,
            "dur_std": 777.7471977105203
        },
        "60": {
            "dur_mean": 4205.237680187731,
            "dur_std": 781.8065311961666
        },
        "8": {
            "dur_mean": 800.2307692307693,
            "dur_std": 664.0501973611517
        }
    },
    "feature_eval": {
        "f_values": {
            "weather_main_Clouds": 1.4406397308112286,
            "weather_main_Drizzle": 71.31627269592336,
            "weather_main_Fog": 108.766229015601,
            "weather_main_Mist": 35.66314831335617,
            "weather_main_Rain": 152.8547741091744,
            "weather_main_Smoke": 0.4628859064446873,
            "weather_main_Snow": 38.98467065225971,
            "weather_description_broken clouds": 3.2688381494358354,
            "weather_description_drizzle": 0.8726387639537742,
            "weather_description_few clouds": 23.895276344169357,
            "weather_description_fog": 108.766229015601,
            "weather_description_heavy intensity rain": 28.765684925249808,
            "weather_description_light intensity drizzle": 11.842445303286752,
            "weather_description_light intensity drizzle rain": 78.18250987960263,
            "weather_description_light intensity shower rain": 108.047616796723,
            "weather_description_light rain": 0.8440946582059574,