{
    "rows": {
        "start": 989950,
        "route_filter": -26307,
        "nan_filter": -456431,
        "negative_dur": 0,
        "outliers": -7918,
        "end": 499294
    },
    "scr": 0.9136379572280005,
    "stats": {
        "1": {
            "dur_mean": 0.0,
            "dur_std": 0.0
        },
        "2": {
            "dur_mean": 155.66690116074568,
            "dur_std": 42.877534421230635
        },
        "3": {
            "dur_mean": 201.80773739742088,
            "dur_std": 51.33401399660928
        },
        "4": {
            "dur_mean": 236.00515524311658,
            "dur_std": 54.87773633112829
        },
        "5": {
            "dur_mean": 284.1160473566991,
            "dur_std": 64.74874435869602
        },
        "6": {
            "dur_mean": 329.3796697505563,
            "dur_std": 75.31760121656902
        },
        "7": {
            "dur_mean": 499.63254070516575,
            "dur_std": 124.94703764602565
        },
        "8": {
            "dur_mean": 542.2986997774394,
            "dur_std": 127.15696282688188
        },
        "9": {
            "dur_mean": 593.0609184629803,
            "dur_std": 131.46932003926807
        },
        "10": {
            "dur_mean": 657.6198618105165,
            "dur_std": 142.24882276921178
        },
        "11": {
            "dur_mean": 715.9528213533131,
            "dur_std": 152.7954731642372
        },
        "12": {
            "dur_mean": 789.5557246546476,
            "dur_std": 159.95399722666005
        },
        "13": {
            "dur_mean": 829.8263262677128,
            "dur_std": 162.43625177751028
        },
        "14": {
            "dur_mean": 872.8307962529274,
            "dur_std": 165.58486890837818
        },
        "15": {
            "dur_mean": 898.7615925058548,
            "dur_std": 168.1474407950464
        },
        "16": {
            "dur_mean": 945.6805620608899,
            "dur_std": 173.1539868069032
        },
        "17": {
            "dur_mean": 1009.952219229418,
            "dur_std": 181.42090475806052
        },
        "18": {
            "dur_mean": 1043.3818948354608,
            "dur_std": 197.1926944146058
        },
        "19": {
            "dur_mean": 1141.8609418931585,
            "dur_std": 222.50814034016025
        },
        "20": {
            "dur_mean": 1214.2254281022754,
            "dur_std": 242.86740906185995
        },
        "21": {
            "dur_mean": 1325.7361876832845,
            "dur_std": 275.85085803851365
        },
        "22": {
            "dur_mean": 1397.8410907381287,
            "dur_std": 290.28493907026245
        },
        "23": {
            "dur_mean": 1440.659246171967,
            "dur_std": 296.9174916418299
        },
        "24": {
            "dur_mean": 1489.4661326422429,
            "dur_std": 302.9232125931407
        },
        "25": {
            "dur_mean": 1517.4434628975266,
            "dur_std": 305.39503265498115
        },
        "26": {
            "dur_mean": 1547.2904407420535,
            "dur_std": 308.10002728593975
        },
        "27": {
            "dur_mean": 1602.166391703983,
            "dur_std": 313.3252280511161
        },
        "28": {
            "dur_mean": 1689.4487450152474,
            "dur_std": 326.52781751802956
        },
        "29": {
            "dur_mean": 1709.3388042203985,
            "dur_std": 328.65937566113394
        },
        "30": {
            "dur_mean": 1754.2320131239746,
            "dur_std": 334.5278984977442
        },
        "31": {
            "dur_mean": 1770.6977970471057,
            "dur_std": 336.061958136969
        },
        "32": {
            "dur_mean": 1829.4230814294083,
            "dur_std": 343.4136155216239
        },
        "33": {
            "dur_mean": 1874.378647603422,
            "dur_std": 352.29253230192774
        },
        "34": {
            "dur_mean": 1898.4983007148717,
            "dur_std": 355.09528960629905
        },
        "35": {
            "dur_mean": 1948.5493964607992,
            "dur_std": 363.39210263379334
        },
        "36": {
            "dur_mean": 2011.7205071017725,
            "dur_std": 371.2438203079743
        },
        "37": {
            "dur_mean": 2048.7355576514974,
            "dur_std": 375.2023810855849
        },
        "38": {
            "dur_mean": 2109.3953077104456,
            "dur_std": 380.9362741189908
        },
        "39": {
            "dur_mean": 2161.2560716812072,
            "dur_std": 384.69548775775894
        },
        "40": {
            "dur_mean": 2195.6654485441472,
            "dur_std": 387.23048442957014
        },
        "41": {
            "dur_mean": 2216.6403395025345,
            "dur_std": 389.52061657573523
        },
        "42": {
            "dur_mean": 2256.1445243428034,
            "dur_std": 400.66890792937744
        },
        "43": {
            "dur_mean": 2326.311504424779,
            "dur_std": 413.04788385590103
        },
        "44": {
            "dur_mean": 2356.853330184223,
            "dur_std": 416.88644950320617
        },
        "45": {
            "dur_mean": 2409.8194706994327,
            "dur_std": 431.58661339583637
        },
        "46": {
            "dur_mean": 2483.8988486842104,
            "dur_std": 448.8066878545195
        },
        "47": {
            "dur_mean": 2529.895033462487,
            "dur_std": 456.45161677812104
        },
        "48": {
            "dur_mean": 2598.944986481721,
            "dur_std": 464.63591553585246
        },
        "49": {
            "dur_mean": 2725.276688197299,
            "dur_std": 483.76864095423537
        },
        "50": {
            "dur_mean": 2835.234292425132,
            "dur_std": 520.3945508539134
        },
        "51": {
            "dur_mean": 2927.9655537267813,
            "dur_std": 541.2642996558892
        },
        "52": {
            "dur_mean": 3130.2139214988733,
            "dur_std": 571.7038509394827
        },
        "53": {
            "dur_mean": 3182.480433177455,
            "dur_std": 583.911361280526
        },
        "54": {
            "dur_mean": 3419.871834228703,
            "dur_std": 640.0531059641701
        },
        "55": {
            "dur_mean": 3497.37008934035,
            "dur_std": 633.65844261009
        },
        "56": {
            "dur_mean": 3605.324314306894,
            "dur_std": 641.7587889693775
        },
        "57": {
            "dur_mean": 3713.713788819876,
            "dur_std": 655.0156884111885
        },
        "58": {
            "dur_mean": 3766.5281751461625,
            "dur_std": 663.5378552618945
        },
        "59": {
            "dur_mean": 3840.1784066824584,
            "dur_std": 670.3213988588493
        },
        "60": {
            "dur_mean": 3971.0553979025294,
            "dur_std": 698.5286094208739
        }
    },
    "feature_eval": {
        "f_values": {
            "weather_main_Clouds": 7.116149548567294,
            "weather_main_Drizzle": 7.284225997539309,
            "weather_main_Fog": 13.289360879902848,
            "weather_main_Mist": 0.3422005528106821,
            "weather_main_Rain": 2.834712705767702,
            "weather_main_Smoke": 29.24282633348977,
            "weather_main_Snow": 1.5321110488011698,
            "weather_description_broken clouds": 1.565719766859916,
            "weather_description_drizzle": 32.11662391143323,
            "weather_description_few clouds": 0.03981650257581141,
            "weather_description_fog": 13.289360879902848,
            "weather_description_heavy intensity rain": 13.196425404947341,
            "weather_description_light intensity drizzle": 4.178133414763588,
            "weather_description_light intensity drizzle rain": 7.309408293171607,
            "weather_description_light intensity shower rain": 0.23895667547958646,
            "weather_description_light rain": 1.483453775371399,