{
    "rows": {
        "start": 562695,
        "route_filter": -86434,
        "nan_filter": -32843,
        "negative_dur": 0,
        "outliers": -3884,
        "end": 439534
    },
    "scr": 0.0016936849745947254,
    "stats": {
        "1": {
            "dur_mean": 0.0,
            "dur_std": 0.0
        },
        "2": {
            "dur_mean": 153.8495618305745,
            "dur_std": 61.218660665560456
        },
        "3": {
            "dur_mean": 190.07057111676974,
            "dur_std": 69.80302743991896
        },
        "4": {
            "dur_mean": 259.66962548638134,
            "dur_std": 96.2944513011312
        },
        "5": {
            "dur_mean": 398.87565397250273,
            "dur_std": 174.71578593601583
        },
        "6": {
            "dur_mean": 601.1807258460029,
            "dur_std": 219.89655602983717
        },
        "7": {
            "dur_mean": 622.2896408502321,
            "dur_std": 224.1964412277747
        },
        "9": {
            "dur_mean": 1094.6736305113568,
            "dur_std": 277.71151335653246
        },
        "10": {
            "dur_mean": 1338.849696233293,
            "dur_std": 322.87149091311466
        },
        "11": {
            "dur_mean": 1492.6931425752343,
            "dur_std": 339.58255934226014
        },
        "12": {
            "dur_mean": 1539.0589318600369,
            "dur_std": 345.4981110068775
        },
        "13": {
            "dur_mean": 1585.7051938551572,
            "dur_std": 359.1835678386261
        },
        "14": {
            "dur_mean": 1769.9773474607234,
            "dur_std": 398.68797243583515
        },
        "15": {
            "dur_mean": 1820.9304167682183,
            "dur_std": 405.05566296460074
        },
        "16": {
            "dur_mean": 1876.5284651956601,
            "dur_std": 415.5237978641982
        },
        "17": {
            "dur_mean": 1931.6850970340536,
            "dur_std": 423.6841647141014
        },
        "18": {
            "dur_mean": 1989.0731647734212,
            "dur_std": 435.19653136326326
        },
        "19": {
            "dur_mean": 2029.5558270217443,
            "dur_std": 445.4139936927013
        },
        "20": {
            "dur_mean": 2140.8287319814317,
            "dur_std": 477.56498096324407
        },
        "21": {
            "dur_mean": 2231.5299938912644,
            "dur_std": 498.4079841667327
        },
        "22": {
            "dur_mean": 2291.5830686537993,
            "dur_std": 517.5418847254017
        },
        "23": {
            "dur_mean": 2364.3333333333335,
            "dur_std": 533.1067532179402
        },
        "24": {
            "dur_mean": 2435.4938316843777,
            "dur_std": 546.6590239786145
        },
        "25": {
            "dur_mean": 2477.5437332030297,
            "dur_std": 554.5281129763076
        },
        "26": {
            "dur_mean": 2519.332600732601,
            "dur_std": 561.5121797001327
        },
        "27": {
            "dur_mean": 2590.9225601563453,
            "dur_std": 568.9406623422583
        },
        "28": {
            "dur_mean": 2624.5931623931624,
            "dur_std": 572.4596290711168
        },
        "29": {
            "dur_mean": 2683.9306640625,
            "dur_std": 579.0946833243858
        },
        "30": {
            "dur_mean": 2742.6733717649945,
            "dur_std": 583.3927565029953
        },
        "31": {
            "dur_mean": 2771.7114464482884,
            "dur_std": 588.4652628328943
        },
        "32": {
            "dur_mean": 2804.6665439823337,
            "dur_std": 595.8067617796881
        },
        "33": {
            "dur_mean": 2882.927011776251,
            "dur_std": 619.7645693366005
        },
        "34": {
            "dur_mean": 2964.095670305409,
            "dur_std": 634.9864725612395
        },
        "35": {
            "dur_mean": 3029.1962467803264,
            "dur_std": 643.573234828393
        },
        "36": {
            "dur_mean": 3062.84193746168,
            "dur_std": 648.1134399619269
        },
        "37": {
            "dur_mean": 3111.930455047222,
            "dur_std": 658.0089428253069
        },
        "38": {
            "dur_mean": 3194.2988843937724,
            "dur_std": 672.6061175548604
        },
        "39": {
            "dur_mean": 3263.3546142578125,
            "dur_std": 690.5566976439503
        },
        "40": {
            "dur_mean": 3336.629164124466,
            "dur_std": 699.4960018339044
        },
        "41": {
            "dur_mean": 3598.1193993407396,
            "dur_std": 769.6246092881322
        },
        "42": {
            "dur_mean": 3674.8478074996947,
            "dur_std": 775.736079150941
        },
        "43": {
            "dur_mean": 3711.532169454279,
            "dur_std": 779.4328094383636
        },
        "44": {
            "dur_mean": 3760.978627259404,
            "dur_std": 783.23935644899
        },
        "45": {
            "dur_mean": 3804.433667236746,
            "dur_std": 787.6388269662783
        },
        "46": {
            "dur_mean": 3957.687744140625,
            "dur_std": 815.1497737309769
        },
        "47": {
            "dur_mean": 3999.3802954462217,
            "dur_std": 818.7647301384219
        },
        "48": {
            "dur_mean": 4034.0728848736417,
            "dur_std": 820.9100752127504
        },
        "49": {
            "dur_mean": 4099.481662591687,
            "dur_std": 826.5406176475979
        },
        "50": {
            "dur_mean": 4143.543475602299,
            "dur_std": 829.0506961872917
        },
        "51": {
            "dur_mean": 4219.89492529942,
            "dur_std": 829.0002993770152
        },
        "52": {
            "dur_mean": 4309.111447957269,
            "dur_std": 800.4538048323229
        },
        "53": {
            "dur_mean": 4325.611991928509,
            "dur_std": 801.6048490843702
        },
        "54": {
            "dur_mean": 4344.06616693095,
            "dur_std": 806.4974597779131
        },
        "55": {
            "dur_mean": 4557.39277144571,
            "dur_std": 833.2650069582585
        },
        "56": {
            "dur_mean": 4640.8361683079675,
            "dur_std": 847.1593579612672
        },
        "8": {
            "dur_mean": 884.1428571428571,
            "dur_std": 387.4925025861011
        }
    },
    "feature_eval": {
        "f_values": {
            "weather_main_Clouds": 0.18038253172801877,
            "weather_main_Drizzle": 16.980027805598777,
            "weather_main_Fog": 16.4617783233462,
            "weather_main_Mist": 2.6466327297387493,
            "weather_main_Rain": 131.09928047197585,
            "weather_main_Smoke": 1.3742109842708015,
            "weather_main_Snow": 26.60157676260204,
            "weather_description_broken clouds": 11.169263880414887,
            "weather_description_drizzle": 1.0217229106676475,
            "weather_description_few clouds": 24.0328257770545,
            "weather_description_fog": 16.4617783233462,
            "weather_description_light intensity drizzle": 0.4765809538962665,
            "weather_description_light intensity drizzle rain": 52.687792299551376,
            "weather_description_light intensity shower rain": 52.9854183727634,
            "weather_description_light rain": 11.122506321961483,
            "weather_description_light shower snow": 9.998689769762443,
            "weather_description_light snow": 40.45760500306576,
            "weather_description_mist": 2.6466327297387493,
            "weather_description_moderate rain": 0.6629617405084862,
            "weather_description_overcast clouds": 46.5544008836551,
            "weather_description_proximity shower rain": 133.14242033344632,
            "weather_description_scattered clouds": 3.6495073392920343,
            "weather_description_sky is clear": 166.48201747608556,