{
    "rows": {
        "start": 597179,
        "route_filter": -69995,
        "nan_filter": -33036,
        "negative_dur": -37,
        "outliers": -4645,
        "end": 489466
    },
    "scr": 0.004647836968180193,
    "stats": {
        "1": {
            "dur_mean": 0.0,
            "dur_std": 0.0
        },
        "2": {
            "dur_mean": 51.86353002339485,
            "dur_std": 113.94895260205894
        },
        "3": {
            "dur_mean": 167.50371362474127,
            "dur_std": 115.0859032049731
        },
        "4": {
            "dur_mean": 178.88151544401543,
            "dur_std": 115.50689731213562
        },
        "5": {
            "dur_mean": 199.4735142891307,
            "dur_std": 116.10731664766706
        },
        "6": {
            "dur_mean": 253.82998565279772,
            "dur_std": 119.46198407475359
        },
        "7": {
            "dur_mean": 330.9560124312694,
            "dur_std": 122.5818066439413
        },
        "8": {
            "dur_mean": 367.5814314732943,
            "dur_std": 126.66020374423053
        },
        "9": {
            "dur_mean": 424.86297933341297,
            "dur_std": 131.16734677461432
        },
        "10": {
            "dur_mean": 466.9727533460803,
            "dur_std": 134.266476709523
        },
        "11": {
            "dur_mean": 527.4816497310221,
            "dur_std": 145.80455250599078
        },
        "12": {
            "dur_mean": 624.7771271510517,
            "dur_std": 171.91430408242908
        },
        "13": {
            "dur_mean": 667.1403299067655,
            "dur_std": 175.43698570626057
        },
        "14": {
            "dur_mean": 715.7761051373955,
            "dur_std": 180.49071346910716
        },
        "15": {
            "dur_mean": 763.9063433281567,
            "dur_std": 183.10381415754435
        },
        "16": {
            "dur_mean": 811.6260152890587,
            "dur_std": 187.71143314996357
        },
        "17": {
            "dur_mean": 904.5504598112982,
            "dur_std": 199.02260935923783
        },
        "18": {
            "dur_mean": 1149.9819744538618,
            "dur_std": 251.06378407125064
        },
        "19": {
            "dur_mean": 1218.9293218720152,
            "dur_std": 259.5253178133018
        },
        "20": {
            "dur_mean": 1298.3537561208648,
            "dur_std": 271.73878371703165
        },
        "21": {
            "dur_mean": 1386.4297034457918,
            "dur_std": 287.5124415909138
        },
        "22": {
            "dur_mean": 1449.6588616714698,
            "dur_std": 303.2515214601975
        },
        "23": {
            "dur_mean": 1553.84656021131,
            "dur_std": 329.28195245894017
        },
        "24": {
            "dur_mean": 1615.638428262437,
            "dur_std": 341.195313452165
        },
        "25": {
            "dur_mean": 1656.4723624128815,
            "dur_std": 348.53623560304965
        },
        "26": {
            "dur_mean": 1704.5413362172555,
            "dur_std": 367.7291566329016
        },
        "27": {
            "dur_mean": 1808.540673295795,
            "dur_std": 382.5746861456481
        },
        "28": {
            "dur_mean": 1849.6675837320574,
            "dur_std": 388.3651346788148
        },
        "29": {
            "dur_mean": 1925.6033946928042,
            "dur_std": 396.01808994399727
        },
        "30": {
            "dur_mean": 1985.941007881538,
            "dur_std": 402.9012310597689
        },
        "31": {
            "dur_mean": 2006.3887031287318,
            "dur_std": 405.20034630572763
        },
        "32": {
            "dur_mean": 2052.683506509017,
            "dur_std": 412.3654300312819
        },
        "33": {
            "dur_mean": 2070.1207596751074,
            "dur_std": 414.32687448332604
        },
        "34": {
            "dur_mean": 2129.942532855436,
            "dur_std": 422.4311077423418
        },
        "35": {
            "dur_mean": 2178.027953649504,
            "dur_std": 433.14022902503774
        },
        "36": {
            "dur_mean": 2203.383347270338,
            "dur_std": 436.4276429780651
        },
        "37": {
            "dur_mean": 2251.762126642772,
            "dur_std": 445.89148116527326
        },
        "38": {
            "dur_mean": 2303.1787549289043,
            "dur_std": 453.8688462132352
        },
        "39": {
            "dur_mean": 2388.290391969407,
            "dur_std": 462.27897284304544
        },
        "40": {
            "dur_mean": 2416.4822517031193,
            "dur_std": 465.8242560479613
        },
        "41": {
            "dur_mean": 2472.8104747100324,
            "dur_std": 475.9232682474327
        },
        "42": {
            "dur_mean": 2557.6281989954555,
            "dur_std": 494.59720703795415
        },
        "43": {
            "dur_mean": 2600.085386271227,
            "dur_std": 507.05036377763594
        },
        "44": {
            "dur_mean": 2680.466762314682,
            "dur_std": 535.0097979369608
        },
        "45": {
            "dur_mean": 2817.2387952671206,
            "dur_std": 573.6636817066135
        },
        "46": {
            "dur_mean": 2875.8178772286706,
            "dur_std": 582.8121954344272
        },
        "47": {
            "dur_mean": 2902.8969725978222,
            "dur_std": 588.1575631472331
        },
        "48": {
            "dur_mean": 2982.1985628742514,
            "dur_std": 597.2861522990479
        },
        "49": {
            "dur_mean": 3160.913838748496,
            "dur_std": 649.5008122612311
        },
        "50": {
            "dur_mean": 3276.7739064089524,
            "dur_std": 657.2130907666166
        },
        "52": {
            "dur_mean": 3656.671213843628,
            "dur_std": 714.3931455037931
        },
        "53": {
            "dur_mean": 3763.8067194685746,
            "dur_std": 729.0826338465967
        },
        "54": {
            "dur_mean": 3846.134014039566,
            "dur_std": 744.2947380200447
        },
        "55": {
            "dur_mean": 3906.888917459501,
            "dur_std": 752.5908548017431
        },
        "56": {
            "dur_mean": 3974.0896711202467,
            "dur_std": 770.3445657759265
        },
        "57": {
            "dur_mean": 4010.3331175556705,
            "dur_std": 773.2519781834817
        },
        "58": {
            "dur_mean": 4104.786522700663,
            "dur_std": 785.199590661235
        },
        "59": {
            "dur_mean": 4165.42333767927,
            "dur_std": 801.190846662919
        },
        "60": {
            "dur_mean": 4447.250590396221,
            "dur_std": 926.306402699723
        },
        "61": {
            "dur_mean": 4483.9702734839475,
            "dur_std": 937.0590947929527
        },
        "51": {
            "dur_mean": 3101.2820512820513,
            "dur_std": 632.1433859962781
        }
    },
    "feature_eval": {
        "f_values": {
            "weather_main_Clouds": 49.90657293001384,
            "weather_main_Drizzle": 0.441588266896234,
            "weather_main_Fog": 20.181476359632367,
            "weather_main_Mist": 0.045715590028638856,
            "weather_main_Rain": 2.850582291548494,
            "weather_main_Smoke": 3.270484375163065,
            "weather_main_Snow": 16.422115569023624,
            "weather_description_broken clouds": 54.57369481330811,
            "weather_description_drizzle": 2.4905151074493403,
            "weather_description_few clouds": 9.3835781269293,
            "weather_description_fog": 20.181476359632367,
            "weather_description_heavy intensity rain": 0.19353364617438662,
            "weather_description_light intensity drizzle": 3.7810260567784053,
            "weather_description_light intensity drizzle rain": 9.231871574203483,