{
    "rows": {
        "start": 384725,
        "route_filter": 0,
        "nan_filter": -14027,
        "negative_dur": 0,
        "outliers": -3167,
        "end": 367531
    },
    "scr": 0.0015465143944801332,
    "stats": {
        "1": {
            "dur_mean": 0.0,
            "dur_std": 0.0
        },
        "2": {
            "dur_mean": 152.08638712002883,
            "dur_std": 57.95579708471509
        },
        "3": {
            "dur_mean": 188.43532934131736,
            "dur_std": 65.14853494839454
        },
        "4": {
            "dur_mean": 257.16944278010783,
            "dur_std": 87.58442058731201
        },
        "5": {
            "dur_mean": 397.0038291252842,
            "dur_std": 164.1142777327814
        },
        "6": {
            "dur_mean": 600.1114468753777,
            "dur_std": 204.92494770812925
        },
        "7": {
            "dur_mean": 620.3306906906907,
            "dur_std": 209.60511332737178
        },
        "9": {
            "dur_mean": 1089.79261736949,
            "dur_std": 267.3640361671216
        },
        "10": {
            "dur_mean": 1342.3646019811433,
            "dur_std": 316.5466290116177
        },
        "11": {
            "dur_mean": 1500.08740234375,
            "dur_std": 331.4339524395194
        },
        "12": {
            "dur_mean": 1546.8130297892953,
            "dur_std": 338.45521717637916
        },
        "13": {
            "dur_mean": 1592.882691615689,
            "dur_std": 351.85311372265045
        },
        "14": {
            "dur_mean": 1778.941056667066,
            "dur_std": 393.8986345696385
        },
        "15": {
            "dur_mean": 1829.298811952478,
            "dur_std": 398.3394167309282
        },
        "16": {
            "dur_mean": 1885.8269276963729,
            "dur_std": 408.17512428419946
        },
        "17": {
            "dur_mean": 1941.4903730445246,
            "dur_std": 416.9374812226243
        },
        "18": {
            "dur_mean": 2000.0881502890174,
            "dur_std": 428.64940859080264
        },
        "19": {
            "dur_mean": 2041.1052631578948,
            "dur_std": 439.9459598666491
        },
        "20": {
            "dur_mean": 2154.0619053354208,
            "dur_std": 474.21161598065834
        },
        "21": {
            "dur_mean": 2246.6646995062024,
            "dur_std": 494.6713867192692
        },
        "22": {
            "dur_mean": 2310.48109344894,
            "dur_std": 514.3927653279736
        },
        "23": {
            "dur_mean": 2385.3178481165,
            "dur_std": 531.4358920075016
        },
        "24": {
            "dur_mean": 2456.393979530403,
            "dur_std": 542.3511543960539
        },
        "25": {
            "dur_mean": 2499.1503551221863,
            "dur_std": 549.6365041416931
        },
        "26": {
            "dur_mean": 2541.083052479538,
            "dur_std": 555.627907269495
        },
        "27": {
            "dur_mean": 2612.7214397496086,
            "dur_std": 560.244795250948
        },
        "28": {
            "dur_mean": 2646.5077645359333,
            "dur_std": 563.5636193687379
        },
        "29": {
            "dur_mean": 2710.167027677497,
            "dur_std": 570.6448884014941
        },
        "30": {
            "dur_mean": 2973.5905322600024,
            "dur_std": 636.1336910455177
        },
        "31": {
            "dur_mean": 3047.562094643286,
            "dur_std": 647.4078990832934
        },
        "32": {
            "dur_mean": 3321.1012977649602,
            "dur_std": 714.9031198767537
        },
        "33": {
            "dur_mean": 3397.658246120534,
            "dur_std": 719.9683040021365
        },
        "34": {
            "dur_mean": 3434.4516710747776,
            "dur_std": 725.3266049918992
        },
        "35": {
            "dur_mean": 3483.8190453288444,
            "dur_std": 728.2440933060917
        },
        "36": {
            "dur_mean": 3526.8971737823213,
            "dur_std": 732.4593996128787
        },
        "37": {
            "dur_mean": 3682.427901383043,
            "dur_std": 759.6102413281963
        },
        "38": {
            "dur_mean": 3723.947906641001,
            "dur_std": 763.3092886906124
        },
        "39": {
            "dur_mean": 3758.7376398412125,
            "dur_std": 765.892147823222
        },
        "40": {
            "dur_mean": 3824.39578313253,
            "dur_std": 771.6960649029035
        },
        "41": {
            "dur_mean": 3868.517033826893,
            "dur_std": 776.3319612322982
        },
        "42": {
            "dur_mean": 3941.049945447933,
            "dur_std": 776.6348405059426
        },
        "43": {
            "dur_mean": 3992.173837287227,
            "dur_std": 745.2683961117865
        },
        "44": {
            "dur_mean": 4009.446435736258,
            "dur_std": 746.1552707321719
        },
        "45": {
            "dur_mean": 4027.4035298836743,
            "dur_std": 748.7942832292406
        },
        "46": {
            "dur_mean": 4324.5658396946565,
            "dur_std": 848.3598161562307
        },
        "8": {
            "dur_mean": 708.0769230769231,
            "dur_std": 254.89359268083533
        }
    },
    "feature_eval": {
        "f_values": {
            "weather_main_Clouds": 4.905378634323236,
            "weather_main_Drizzle": 44.09095405405996,
            "weather_main_Fog": 15.807273621978855,
            "weather_main_Mist": 0.09439292242131996,
            "weather_main_Rain": 49.96231025234726,
            "weather_main_Smoke": 3.7530506456743256,
            "weather_main_Snow": 27.102106911077062,
            "weather_description_broken clouds": 5.157677414779333,
            "weather_description_drizzle": 0.00306344209775087,
            "weather_description_few clouds": 7.355740476082485,
            "weather_description_fog": 15.807273621978855,
            "weather_description_light intensity drizzle": 7.736698106269163,
            "weather_description_light intensity drizzle rain": 47.923904090378535,
            "weather_description_light intensity shower rain": 15.189452331788123,
            "weather_description_light rain": 12.689466578047547,
            "weather_description_light shower snow": 6.703494055082658,
            "weather_description_light snow": 46.66483962477284,
            "weather_description_mist": 0.09439292242131996,
            "weather_description_moderate rain": 7.0845289024440925,
            "weather_description_overcast clouds": 36.101526054248446,
            "weather_description_proximity shower rain": 38.666705325453584,
            "weather_description_scattered clouds": 16.147382608295782,
            "weather_description_sky is clear": 50.72453945063531,
            "weather_description_smoke": 3.7530506456743256,
            "weekday_1": 142.05431835740825,
            "weekday_2": 280.82924939573286,
            "weekday_3": 569.4111918816536,
            "weekday_4": 548.4314391051739,
            "weekday_5": 1678.834569696413,
            "weekday_6": 1956.2717964479023,
            "month_2": 12.849792718729843,
            "month_3": 1.0271670039998175,
            "month_4": 0.23692258328536303,
            "month_5": 12.343571848109866,
            "month_6": 19.15759256481732,
            "month_7": 99.2544863304126,
            "month_8": 12.869094978102403,
            "month_9": 12.447209372539628,
            "month_10": 64.21261623398314,
            "month_11": 191.7250931237699,
            "month_12": 60.15533394400774,
            "hour_7": 935.7492111988206,
            "hour_8": 3484.842575492581,
            "hour_9": 16.917296174166612,
            "hour_10": 171.11726001335506,
            "hour_11": 88.30131436352895,
            "hour_12": 35.65043769367503,
            "hour_13": 35.31599150566054,
            "hour_14": 422.5422340446079,