{
    "rows": {
        "start": 82944,
        "route_filter": -9882,
        "nan_filter": -2660,
        "negative_dur": 0,
        "outliers": -758,
        "end": 69644
    },
    "scr": 0.002861230329041488,
    "stats": {
        "1": {
            "dur_mean": 0.0,
            "dur_std": 0.0
        },
        "5": {
            "dur_mean": 219.65566714490674,
            "dur_std": 108.67975149468202
        },
        "6": {
            "dur_mean": 292.5290322580645,
            "dur_std": 123.47269975790073
        },
        "7": {
            "dur_mean": 391.0430416068867,
            "dur_std": 128.94867122836266
        },
        "8": {
            "dur_mean": 452.99282639885223,
            "dur_std": 136.3707204172662
        },
        "9": {
            "dur_mean": 537.670731707317,
            "dur_std": 146.60520716054236
        },
        "10": {
            "dur_mean": 602.7686781609195,
            "dur_std": 150.2406493137971
        },
        "11": {
            "dur_mean": 699.7564655172414,
            "dur_std": 176.60036735432894
        },
        "12": {
            "dur_mean": 865.1658291457286,
            "dur_std": 220.14130241032962
        },
        "13": {
            "dur_mean": 918.6005747126437,
            "dur_std": 223.16018289980968
        },
        "14": {
            "dur_mean": 974.3096264367816,
            "dur_std": 227.69067826411384
        },
        "15": {
            "dur_mean": 1030.8844221105528,
            "dur_std": 231.8047638799565
        },
        "16": {
            "dur_mean": 1100.3333333333333,
            "dur_std": 234.4765363654091
        },
        "17": {
            "dur_mean": 1228.7701149425288,
            "dur_std": 246.05361767848143
        },
        "18": {
            "dur_mean": 1482.2819225251076,
            "dur_std": 277.17461046015455
        },
        "19": {
            "dur_mean": 1541.4985652797704,
            "dur_std": 280.6984577626508
        },
        "20": {
            "dur_mean": 1645.0695839311334,
            "dur_std": 285.5339229262941
        },
        "21": {
            "dur_mean": 1713.980631276901,
            "dur_std": 288.7909003387768
        },
        "22": {
            "dur_mean": 1736.1721664275467,
            "dur_std": 289.85112236656136
        },
        "23": {
            "dur_mean": 1789.1477761836443,
            "dur_std": 293.52376022444963
        },
        "24": {
            "dur_mean": 1808.7467718794835,
            "dur_std": 294.2568109492157
        },
        "25": {
            "dur_mean": 1876.2446197991392,
            "dur_std": 299.79756460802344
        },
        "26": {
            "dur_mean": 1947.0918220946915,
            "dur_std": 313.21666279308334
        },
        "27": {
            "dur_mean": 1976.5035868005739,
            "dur_std": 315.72053268831746
        },
        "28": {
            "dur_mean": 2040.5879396984924,
            "dur_std": 323.7585212536184
        },
        "29": {
            "dur_mean": 2100.2703091301223,
            "dur_std": 329.63941970627974
        },
        "30": {
            "dur_mean": 2190.1718188353702,
            "dur_std": 334.18034584723017
        },
        "31": {
            "dur_mean": 2222.6613946800862,
            "dur_std": 337.4169223802462
        },
        "32": {
            "dur_mean": 2288.654205607477,
            "dur_std": 346.8938392878969
        },
        "33": {
            "dur_mean": 2384.7641984184042,
            "dur_std": 372.3508389077568
        },
        "34": {
            "dur_mean": 2452.3184759166065,
            "dur_std": 397.5891230030537
        },
        "35": {
            "dur_mean": 2597.1049604601008,
            "dur_std": 445.4275633088193
        },
        "36": {
            "dur_mean": 2806.521582733813,
            "dur_std": 456.03898957108066
        },
        "37": {
            "dur_mean": 2876.8287769784174,
            "dur_std": 461.17921383974016
        },
        "38": {
            "dur_mean": 2905.673381294964,
            "dur_std": 463.4809972200532
        },
        "39": {
            "dur_mean": 2998.2223021582736,
            "dur_std": 472.5100875109354
        },
        "40": {
            "dur_mean": 3182.708423326134,
            "dur_std": 485.02958918582357
        },
        "41": {
            "dur_mean": 3336.8543191800877,
            "dur_std": 506.5340476206051
        },
        "43": {
            "dur_mean": 3817.6041358936486,
            "dur_std": 581.9515501004619
        },
        "44": {
            "dur_mean": 3938.4207407407407,
            "dur_std": 587.3965546322323
        },
        "45": {
            "dur_mean": 4042.9585185185183,
            "dur_std": 589.2758202639002
        },
        "46": {
            "dur_mean": 4113.690599555885,
            "dur_std": 591.3915809159215
        },
        "47": {
            "dur_mean": 4209.686853766618,
            "dur_std": 601.0115120073891
        },
        "48": {
            "dur_mean": 4245.821270310192,
            "dur_std": 600.6050538478875
        },
        "49": {
            "dur_mean": 4350.557692307692,
            "dur_std": 603.122470693814
        },
        "50": {
            "dur_mean": 4422.740384615385,
            "dur_std": 619.6708540338235
        },
        "51": {
            "dur_mean": 4697.796057619408,
            "dur_std": 739.1916616823289
        },
        "52": {
            "dur_mean": 4756.890922959573,
            "dur_std": 751.4970714503553
        },
        "2": {
            "dur_mean": 57.26812688821752,
            "dur_std": 102.21985781163808
        },
        "3": {
            "dur_mean": 183.96404988994865,
            "dur_std": 106.7277790648479
        },
        "4": {
            "dur_mean": 197.2441690962099,
            "dur_std": 107.18891073475083
        },
        "42": {
            "dur_mean": 4272.75,
            "dur_std": 917.3840980381846
        }
    },
    "feature_eval": {
        "f_values": {
            "weather_main_Clouds": 5.028982206164903,
            "weather_main_Drizzle": 0.22099410371633255,
            "weather_main_Fog": 0.007284242738435452,
            "weather_main_Mist": 25.273356784514267,
            "weather_main_Rain": 0.36823017278581477,
            "weather_main_Snow": 10.914948176059792,
            "weather_description_broken clouds": 1.0213250239206566,
            "weather_description_few clouds": 1.130375389265482,
            "weather_description_fog": 0.007284242738435452,
            "weather_description_heavy intensity rain": 23.365348979370935,
            "weather_description_light intensity drizzle": 0.6092536917739111,
            "weather_description_light intensity drizzle rain": 0.03330223798370711,
            "weather_description_light intensity shower rain": 8.883825659631757,
            "weather_description_light rain": 0.0504220622784809,
            "weather_description_light shower snow": 45.57176745661374,
            "weather_description_mist": 25.273356784514267,
            "weather_description_moderate rain": 91.84777305606814,
            "weather_description_overcast clouds": 16.442369745106742,
            "weather_description_proximity shower rain": 5.1617072926685665,
            "weather_description_scattered clouds": 43.04889398404498,
            "weather_description_sky is clear": 6.1051674452851366,
            "weekday_1": 10.300061869822727,
            "weekday_2": 4.090691370827223,
            "weekday_3": 6.149531306848312,
            "weekday_4": 34.6406321928614,
            "month_2": 32.502243015764165,
            "month_3": 3.5186694769947735,
            "month_4": 4.891932969439795,
            "month_5": 0.005053355838440469,
            "month_6": 43.145885823508124,
            "month_7": 133.93810128713454,
            "month_8": 114.47072374746612,
            "month_9": 27.870330168477828,