{
    "rows": {
        "start": 58460,
        "route_filter": 0,
        "nan_filter": -9754,
        "negative_dur": 0,
        "outliers": -215,
        "end": 48491
    },
    "scr": 0.9929718875502008,
    "stats": {
        "1": {
            "dur_mean": 0.0,
            "dur_std": 0.0
        },
        "2": {
            "dur_mean": 128.31886982845612,
            "dur_std": 40.40871039631355
        },
        "3": {
            "dur_mean": 152.93273092369478,
            "dur_std": 45.25646063400755
        },
        "4": {
            "dur_mean": 201.27409638554218,
            "dur_std": 52.43155070406473
        },
        "5": {
            "dur_mean": 283.7198795180723,
            "dur_std": 64.97861145112384
        },
        "6": {
            "dur_mean": 412.54426559356136,
            "dur_std": 114.14757215956608
        },
        "7": {
            "dur_mean": 425.19718309859155,
            "dur_std": 116.13990136441146
        },
        "9": {
            "dur_mean": 762.3423694779117,
            "dur_std": 157.68306821602033
        },
        "10": {
            "dur_mean": 886.3805220883534,
            "dur_std": 172.74825783507566
        },
        "11": {
            "dur_mean": 1029.537688442211,
            "dur_std": 186.192413988445
        },
        "12": {
            "dur_mean": 1066.0905432595573,
            "dur_std": 190.66781416541428
        },
        "13": {
            "dur_mean": 1096.1297786720322,
            "dur_std": 193.98566266554297
        },
        "14": {
            "dur_mean": 1240.8373493975903,
            "dur_std": 211.70866881841835
        },
        "15": {
            "dur_mean": 1288.153768844221,
            "dur_std": 217.94817714514656
        },
        "16": {
            "dur_mean": 1330.7065326633167,
            "dur_std": 223.10059065101257
        },
        "17": {
            "dur_mean": 1371.5748743718593,
            "dur_std": 227.11037826429555
        },
        "18": {
            "dur_mean": 1414.6964824120603,
            "dur_std": 234.59670505320264
        },
        "19": {
            "dur_mean": 1446.6994974874372,
            "dur_std": 242.92201170824976
        },
        "20": {
            "dur_mean": 1532.8995983935743,
            "dur_std": 253.7711903370134
        },
        "21": {
            "dur_mean": 1605.2311557788944,
            "dur_std": 262.5201282580338
        },
        "22": {
            "dur_mean": 1644.8040201005026,
            "dur_std": 269.94541288852633
        },
        "23": {
            "dur_mean": 1696.6663316582915,
            "dur_std": 281.0963431761297
        },
        "24": {
            "dur_mean": 1754.3447236180905,
            "dur_std": 292.788770867112
        },
        "25": {
            "dur_mean": 1787.0321608040201,
            "dur_std": 298.8341514473906
        },
        "26": {
            "dur_mean": 1834.5095477386935,
            "dur_std": 303.6350011822652
        },
        "27": {
            "dur_mean": 1916.9396984924624,
            "dur_std": 311.532362458644
        },
        "28": {
            "dur_mean": 1952.4201005025125,
            "dur_std": 314.1092294827829
        },
        "29": {
            "dur_mean": 2015.5276381909548,
            "dur_std": 318.6313980083101
        },
        "30": {
            "dur_mean": 2412.357788944724,
            "dur_std": 391.52716091420393
        },
        "31": {
            "dur_mean": 2472.030150753769,
            "dur_std": 394.7526529837432
        },
        "32": {
            "dur_mean": 2530.188944723618,
            "dur_std": 399.7437666206999
        },
        "33": {
            "dur_mean": 2563.48136958711,
            "dur_std": 401.39990153581385
        },
        "34": {
            "dur_mean": 2690.465186680121,
            "dur_std": 407.89068468830646
        },
        "35": {
            "dur_mean": 2763.556004036327,
            "dur_std": 409.7323771076418
        },
        "36": {
            "dur_mean": 2867.1162790697676,
            "dur_std": 410.7392264856072
        },
        "37": {
            "dur_mean": 2960.0747474747473,
            "dur_std": 425.71251932364476
        },
        "38": {
            "dur_mean": 3032.370707070707,
            "dur_std": 437.3754786832389
        },
        "39": {
            "dur_mean": 3080.6639757820385,
            "dur_std": 440.6658748261526
        },
        "40": {
            "dur_mean": 3108.5176589303733,
            "dur_std": 443.5653407971976
        },
        "41": {
            "dur_mean": 3263.1350806451615,
            "dur_std": 475.46234750423895
        },
        "42": {
            "dur_mean": 3294.5055387713996,
            "dur_std": 476.03078967783927
        },
        "43": {
            "dur_mean": 3318.3665659617322,
            "dur_std": 477.8705395718758
        },
        "44": {
            "dur_mean": 3372.4692849949647,
            "dur_std": 484.74162900281084
        },
        "45": {
            "dur_mean": 3406.390735146022,
            "dur_std": 487.8475998094921
        },
        "46": {
            "dur_mean": 3484.042253521127,
            "dur_std": 489.80699101223877
        },
        "47": {
            "dur_mean": 3540.934607645875,
            "dur_std": 488.8097786948734
        },
        "48": {
            "dur_mean": 3568.989939637827,
            "dur_std": 489.80828596338085
        },
        "49": {
            "dur_mean": 3600.948743718593,
            "dur_std": 494.85612443342075
        },
        "50": {
            "dur_mean": 3906.218309859155,
            "dur_std": 623.782527906651
        }
    },
    "feature_eval": {
        "f_values": {
            "weather_main_Clouds": 6.881902790219433,
            "weather_main_Drizzle": 37.52224654114824,
            "weather_main_Fog": 6.881908756937469,
            "weather_main_Mist": 16.915244389205014,
            "weather_main_Rain": 16.559698031948916,
            "weather_main_Snow": 16.41240256888938,
            "weather_description_broken clouds": 20.169608545927197,
            "weather_description_drizzle": 22.150044337318466,
            "weather_description_few clouds": 2.671956798391952,
            "weather_description_fog": 6.881908756937469,
            "weather_description_heavy intensity rain": 0.511911378809508,
            "weather_description_light intensity drizzle": 23.70623652707873,
            "weather_description_light intensity drizzle rain": 23.78357620068658,
            "weather_description_light intensity shower rain": 13.68522675589238,
            "weather_description_light rain": 1.7055882246178122,
            "weather_description_light shower snow": 13.757138759116554,
            "weather_description_light snow": 36.63469290230114,
            "weather_description_mist": 16.915244389205014,
            "weather_description_moderate rain": 67.24760180675139,
            "weather_description_overcast clouds": 2.675546358027453,
            "weather_description_proximity shower rain": 0.23872145316599977,
            "weather_description_rain and drizzle": 13.589386145255608,
            "weather_description_scattered clouds": 0.7780186255831358,
            "weather_description_sky is clear": 2.259083234001999,
            "weekday_1": 0.026222386998662566,
            "weekday_2": 0.029092592228965927,
            "weekday_3": 2.629123915548024,
            "weekday_4": 3.1679505433822626,
            "month_2": 0.18327929543275137,
            "month_3": 2.5890134027034306,
            "month_4": 0.46558952043880025,
            "month_5": 0.7145211813839496,
            "month_6": 4.303554050673193,
            "month_7": 13.410501041528489,
            "month_8": 25.433444726055207,
            "month_9": 3.687852278875956,
            "month_10": 24.17391315075929,
            "month_11": 10.736626211410275,
            "month_12": 12.027822682060071,