{
    "rows": {
        "start": 7289,
        "route_filter": 0,
        "nan_filter": -45,
        "negative_dur": 0,
        "outliers": -52,
        "end": 7192
    },
    "scr": 0.004132231404958678,
    "stats": {
        "1": {
            "dur_mean": 0.0,
            "dur_std": 0.0
        },
        "2": {
            "dur_mean": 165.3305785123967,
            "dur_std": 52.29597993637999
        },
        "3": {
            "dur_mean": 201.56611570247935,
            "dur_std": 54.76965882300361
        },
        "4": {
            "dur_mean": 264.05785123966945,
            "dur_std": 59.04949713906224
        },
        "5": {
            "dur_mean": 370.53719008264466,
            "dur_std": 71.28227347366017
        },
        "6": {
            "dur_mean": 562.3291666666667,
            "dur_std": 84.03792219887096
        },
        "7": {
            "dur_mean": 578.7656903765691,
            "dur_std": 86.1884509084864
        },
        "9": {
            "dur_mean": 983.3719008264463,
            "dur_std": 122.8026201777183
        },
        "10": {
            "dur_mean": 1151.7727272727273,
            "dur_std": 141.76587121258734
        },
        "11": {
            "dur_mean": 1330.1410788381743,
            "dur_std": 155.77100183869672
        },
        "12": {
            "dur_mean": 1373.3153526970955,
            "dur_std": 159.41484185915454
        },
        "13": {
            "dur_mean": 1414.0954356846473,
            "dur_std": 163.9252726724799
        },
        "14": {
            "dur_mean": 1587.5413223140497,
            "dur_std": 182.83589093958443
        },
        "15": {
            "dur_mean": 1646.2314049586778,
            "dur_std": 192.42245882715574
        },
        "16": {
            "dur_mean": 1692.4173553719008,
            "dur_std": 198.14757113450543
        },
        "17": {
            "dur_mean": 1743.801652892562,
            "dur_std": 202.55407022953455
        },
        "18": {
            "dur_mean": 1801.0123966942149,
            "dur_std": 210.85525273281763
        },
        "19": {
            "dur_mean": 1835.2768595041323,
            "dur_std": 215.45946707425526
        },
        "20": {
            "dur_mean": 1927.1157024793388,
            "dur_std": 225.5533974585755
        },
        "21": {
            "dur_mean": 2016.3181818181818,
            "dur_std": 233.84706585174183
        },
        "22": {
            "dur_mean": 2070.938016528926,
            "dur_std": 246.98614934411555
        },
        "23": {
            "dur_mean": 2136.9793388429753,
            "dur_std": 253.5479600313826
        },
        "24": {
            "dur_mean": 2213.5785123966944,
            "dur_std": 259.8345548323294
        },
        "25": {
            "dur_mean": 2260.4752066115702,
            "dur_std": 267.19994495893275
        },
        "26": {
            "dur_mean": 2319.4297520661157,
            "dur_std": 273.30059830972345
        },
        "27": {
            "dur_mean": 2423.082987551867,
            "dur_std": 277.36316701700684
        },
        "28": {
            "dur_mean": 2466.6721991701243,
            "dur_std": 280.8868626313689
        },
        "29": {
            "dur_mean": 2543.1535269709543,
            "dur_std": 286.8568408886077
        },
        "30": {
            "dur_mean": 3374.698347107438,
            "dur_std": 369.52196875347954
        },
        "31": {
            "dur_mean": 3474.936440677966,
            "dur_std": 391.2660086949073
        },
        "8": {
            "dur_mean": 646.0,
            "dur_std": NaN
        }
    },
    "feature_eval": {
        "f_values": {
            "weather_main_Clouds": 1.257748443525513,
            "weather_main_Drizzle": 0.46122867462652173,
            "weather_main_Fog": 1.9740399348679252,
            "weather_main_Mist": 0.1521535290289467,
            "weather_main_Rain": 0.04390235841342266,
            "weather_main_Snow": 0.025068141690771543,
            "weather_description_broken clouds": 0.055051986824989046,
            "weather_description_few clouds": 3.7525098127224736,
            "weather_description_fog": 1.9740399348679252,
            "weather_description_light intensity drizzle": 2.6522719365623337,
            "weather_description_light intensity drizzle rain": 0.6839649971189925,
            "weather_description_light intensity shower rain": 0.03411460743546544,
            "weather_description_light rain": 0.003509757154246572,
            "weather_description_light shower snow": 22.672795292766764,
            "weather_description_mist": 0.1521535290289467,
            "weather_description_overcast clouds": 2.017816140714132,
            "weather_description_proximity shower rain": 0.14042781216982128,
            "weather_description_scattered clouds": 0.10123438629874015,
            "weather_description_sky is clear": 0.059680537997290097,
            "weekday_1": 0.2628546104685823,
            "weekday_2": 0.23293892711026598,
            "weekday_3": 0.14113578131253837,
            "weekday_4": 0.2778875859957267,
            "month_2": 0.6997723007839607,
            "month_3": 0.05111119115819109,
            "month_4": 0.4179450734691692,
            "month_5": 0.28950998143637935,
            "month_6": 1.4295455252815847,
            "month_7": 1.5271658344568932,
            "month_8": 2.1648693459172565,
            "month_9": 3.8264812514624436,
            "month_10": 0.736396402612135,
            "month_11": 0.9234308038746093,
            "month_12": 0.26492140041987366,
            "hour_8": 8875.71572477691,
            "holiday_1": 10.76486753888817
        },
        "correlations": {
            "daystamp": 0.005027608153715832,
            "progr_number": 0.9558316077837355,
            "arr_p": 0.9584165384909237,
            "arr_a": 0.9816369402314766,
            "dep_p": 0.9584165384909237,
            "dep_a": 0.9826947883053972,
            "end_p": 0.011592425340191828,
            "start_p": NaN,
            "start_a": 0.04068712373125752,
            "temp": 0.0072407018826562055,
            "feels_like": -0.0038354933475238952,
            "temp_min": 0.003845468710519688,
            "temp_max": 0.0017483018314079274,
            "pressure": 0.020377736416660096,
            "humidity": -0.05142419513276355,
            "wind_speed": 0.024927211888215207,
            "wind_deg": -0.010554445143242608,
            "clouds_all": -0.01930847851882915,
            "dt": 0.005111532126978897,
            "dur_s": 0.9584165384909231
        }
    },
    "modelling": {
        "XGBoost": {
            "time": 0.7968747615814209,
            "r_2": 0.9883401071024811,
            "mse": 9468.434184856043,
            "rmse": 97.30587949788051,
            "mae": 59.83255056804823
        },
        "Benchmark": {
            "r_2": 0.8690368268237763,
            "mse": 106348.84872080089,
            "rmse": 326.11171202641725,
            "mae": 219.22803114571747
        }
    },