{
    "rows": {
        "start": 830733,
        "route_filter": -28054,
        "nan_filter": -58907,
        "negative_dur": -69,
        "outliers": -6997,
        "end": 736706
    },
    "scr": 0.0015714549824366797,
    "stats": {
        "1": {
            "dur_mean": 0.0,
            "dur_std": 0.0
        },
        "2": {
            "dur_mean": 138.64251069900143,
            "dur_std": 53.946179998928976
        },
        "3": {
            "dur_mean": 168.36253832574562,
            "dur_std": 63.68500244828621
        },
        "4": {
            "dur_mean": 232.85570469798657,
            "dur_std": 90.27322428561472
        },
        "5": {
            "dur_mean": 358.76963253124416,
            "dur_std": 160.52909643545428
        },
        "6": {
            "dur_mean": 548.1804836736615,
            "dur_std": 205.18222376560553
        },
        "7": {
            "dur_mean": 564.9094230048707,
            "dur_std": 207.4704128703297
        },
        "8": {
            "dur_mean": 747.7655380552674,
            "dur_std": 239.75344837774009
        },
        "9": {
            "dur_mean": 874.0629114162122,
            "dur_std": 264.7631765040027
        },
        "10": {
            "dur_mean": 904.7962511715089,
            "dur_std": 273.19509570931535
        },
        "11": {
            "dur_mean": 1268.6327117543372,
            "dur_std": 383.42663412246765
        },
        "12": {
            "dur_mean": 1406.4877083922013,
            "dur_std": 398.2607038481806
        },
        "13": {
            "dur_mean": 1456.6400675929403,
            "dur_std": 407.0532123917515
        },
        "14": {
            "dur_mean": 1539.890207437862,
            "dur_std": 416.191456511771
        },
        "15": {
            "dur_mean": 1682.4428384930995,
            "dur_std": 425.85728316353345
        },
        "16": {
            "dur_mean": 1774.3245409637432,
            "dur_std": 446.8780640136677
        },
        "17": {
            "dur_mean": 1816.2493002425826,
            "dur_std": 453.7895104944788
        },
        "18": {
            "dur_mean": 1909.0931057001585,
            "dur_std": 473.4111263177214
        },
        "21": {
            "dur_mean": 2046.505455562809,
            "dur_std": 496.73211785271144
        },
        "22": {
            "dur_mean": 2133.4144110509615,
            "dur_std": 525.4048639610436
        },
        "23": {
            "dur_mean": 2218.4472652604068,
            "dur_std": 542.1683190708699
        },
        "24": {
            "dur_mean": 2273.9034064395705,
            "dur_std": 558.5773611418734
        },
        "25": {
            "dur_mean": 2341.6830519541086,
            "dur_std": 573.4657209604205
        },
        "26": {
            "dur_mean": 2412.160152970805,
            "dur_std": 585.2585804341254
        },
        "27": {
            "dur_mean": 2453.1036090646276,
            "dur_std": 592.6079988014467
        },
        "28": {
            "dur_mean": 2493.5671516508114,
            "dur_std": 596.4424568573413
        },
        "29": {
            "dur_mean": 2564.334546133035,
            "dur_std": 603.6027329459143
        },
        "30": {
            "dur_mean": 2596.7945703890286,
            "dur_std": 606.3859050142594
        },
        "31": {
            "dur_mean": 2658.484415826801,
            "dur_std": 612.350738554815
        },
        "32": {
            "dur_mean": 2913.8411441349112,
            "dur_std": 673.5354595679786
        },
        "33": {
            "dur_mean": 2987.0292446679705,
            "dur_std": 682.9764467587686
        },
        "34": {
            "dur_mean": 3057.9837868058144,
            "dur_std": 689.9491040707856
        },
        "35": {
            "dur_mean": 3129.670114621191,
            "dur_std": 702.038502182515
        },
        "36": {
            "dur_mean": 3176.4214891436027,
            "dur_std": 713.1197114717311
        },
        "37": {
            "dur_mean": 3286.928145386766,
            "dur_std": 729.9743222201474
        },
        "38": {
            "dur_mean": 3380.160018639329,
            "dur_std": 742.2413340627415
        },
        "39": {
            "dur_mean": 3441.250442725324,
            "dur_std": 751.4899129759897
        },
        "40": {
            "dur_mean": 3481.2748369058713,
            "dur_std": 757.8743532574357
        },
        "42": {
            "dur_mean": 3713.115130045679,
            "dur_std": 799.1571162651278
        },
        "43": {
            "dur_mean": 3815.546914623838,
            "dur_std": 828.6933612913131
        },
        "44": {
            "dur_mean": 3874.7057228352346,
            "dur_std": 846.3803739946821
        },
        "45": {
            "dur_mean": 3904.294502617801,
            "dur_std": 851.4671880660655
        },
        "46": {
            "dur_mean": 3973.989247311828,
            "dur_std": 867.4666865039113
        },
        "47": {
            "dur_mean": 4013.1943327410454,
            "dur_std": 871.9318898602311
        },
        "48": {
            "dur_mean": 4066.7146063213017,
            "dur_std": 877.0175173315503
        },
        "49": {
            "dur_mean": 4104.326786382342,
            "dur_std": 880.105876776315
        },
        "50": {
            "dur_mean": 4138.685652824542,
            "dur_std": 883.8774695660832
        },
        "51": {
            "dur_mean": 4176.216704077815,
            "dur_std": 887.38139333996
        },
        "52": {
            "dur_mean": 4226.410361919013,
            "dur_std": 892.561997778113
        },
        "53": {
            "dur_mean": 4272.5093986720285,
            "dur_std": 897.156847244844
        },
        "54": {
            "dur_mean": 4333.345617809372,
            "dur_std": 903.104641678138
        },
        "55": {
            "dur_mean": 4407.547342814371,
            "dur_std": 911.7768449950896
        },
        "56": {
            "dur_mean": 4545.103318957435,
            "dur_std": 933.3249359750081
        },
        "57": {
            "dur_mean": 4560.514483922378,
            "dur_std": 935.6615824633541
        },
        "58": {
            "dur_mean": 4592.251992125246,
            "dur_std": 938.0057073278768
        },
        "59": {
            "dur_mean": 4651.366654163541,
            "dur_std": 951.2655594153981
        },
        "60": {
            "dur_mean": 4679.391226919111,
            "dur_std": 960.2246689153883
        },
        "61": {
            "dur_mean": 4757.460463371166,
            "dur_std": 962.477162253622
        },
        "62": {
            "dur_mean": 4784.543468067148,
            "dur_std": 966.8405440165245
        },
        "63": {
            "dur_mean": 4897.35178098322,
            "dur_std": 970.8188662344886
        },
        "64": {
            "dur_mean": 4902.918676708933,
            "dur_std": 974.2111042831252
        },
        "65": {
            "dur_mean": 4952.151983218917,
            "dur_std": 977.5513252365823
        },
        "66": {
            "dur_mean": 5024.326452599388,
            "dur_std": 981.1365577397352
        },
        "67": {
            "dur_mean": 5104.6932310114125,
            "dur_std": 968.2559944130201
        },
        "68": {
            "dur_mean": 5131.590569744597,
            "dur_std": 973.2280070255757
        },
        "69": {
            "dur_mean": 5160.521199055538,
            "dur_std": 940.7751099395464
        },
        "70": {
            "dur_mean": 5199.114652956298,
            "dur_std": 942.1267847612537
        },
        "71": {
            "dur_mean": 5222.531553144884,
            "dur_std": 936.8515777318418
        },
        "19": {
            "dur_mean": 1979.6784914115012,
            "dur_std": 484.24806116039207
        },
        "20": {
            "dur_mean": 2009.1163789080729,
            "dur_std": 489.61565367275796
        },