{
    "rows": {
        "start": 1014177,
        "route_filter": -42273,
        "nan_filter": -42562,
        "negative_dur": -105,
        "outliers": -7154,
        "end": 922083
    },
    "scr": 0.76381373995737,
    "stats": {
        "1": {
            "dur_mean": 0.0,
            "dur_std": 0.0
        },
        "3": {
            "dur_mean": 101.17726252804786,
            "dur_std": 56.43341616771058
        },
        "4": {
            "dur_mean": 116.62965101889283,
            "dur_std": 58.14297027183654
        },
        "5": {
            "dur_mean": 208.05777631253605,
            "dur_std": 63.47762501268185
        },
        "6": {
            "dur_mean": 267.14458624948537,
            "dur_std": 71.59330710855092
        },
        "7": {
            "dur_mean": 320.3930159775984,
            "dur_std": 75.84303914392656
        },
        "8": {
            "dur_mean": 349.5554731900173,
            "dur_std": 80.44112620363994
        },
        "9": {
            "dur_mean": 432.1968867418143,
            "dur_std": 87.97983309684994
        },
        "10": {
            "dur_mean": 459.0229372937294,
            "dur_std": 92.95863239916058
        },
        "11": {
            "dur_mean": 541.8760214609988,
            "dur_std": 99.47752555307649
        },
        "12": {
            "dur_mean": 569.0768849615988,
            "dur_std": 102.80164323110753
        },
        "13": {
            "dur_mean": 601.8074447012215,
            "dur_std": 107.23941831705942
        },
        "14": {
            "dur_mean": 624.1830707037374,
            "dur_std": 111.67617937639143
        },
        "15": {
            "dur_mean": 661.5846927006097,
            "dur_std": 120.05922209920256
        },
        "16": {
            "dur_mean": 692.1341463414634,
            "dur_std": 126.22000518246594
        },
        "17": {
            "dur_mean": 789.7115938451411,
            "dur_std": 142.90397277839477
        },
        "18": {
            "dur_mean": 861.9846318211703,
            "dur_std": 151.69402922122052
        },
        "19": {
            "dur_mean": 911.4290526661737,
            "dur_std": 160.52943514196687
        },
        "20": {
            "dur_mean": 963.2149778288717,
            "dur_std": 167.13540274368907
        },
        "21": {
            "dur_mean": 988.166037116111,
            "dur_std": 170.61091874078298
        },
        "22": {
            "dur_mean": 1017.7083504392807,
            "dur_std": 176.0761725225726
        },
        "23": {
            "dur_mean": 1059.99573035553,
            "dur_std": 180.48331988016568
        },
        "24": {
            "dur_mean": 1094.3663382594418,
            "dur_std": 185.2068131192954
        },
        "25": {
            "dur_mean": 1135.4443349753694,
            "dur_std": 192.48949334007435
        },
        "26": {
            "dur_mean": 1182.851301420478,
            "dur_std": 200.91685347203784
        },
        "27": {
            "dur_mean": 1229.860333360703,
            "dur_std": 215.07854046866294
        },
        "28": {
            "dur_mean": 1292.7139103301035,
            "dur_std": 227.83536931632122
        },
        "29": {
            "dur_mean": 1331.8902298850576,
            "dur_std": 234.1044900155734
        },
        "30": {
            "dur_mean": 1354.5398193760263,
            "dur_std": 237.84956680410926
        },
        "31": {
            "dur_mean": 1511.514119192251,
            "dur_std": 269.46732567888375
        },
        "32": {
            "dur_mean": 1659.8542043771597,
            "dur_std": 290.60462874301487
        },
        "33": {
            "dur_mean": 1706.0054307578375,
            "dur_std": 297.355817767594
        },
        "34": {
            "dur_mean": 1743.2214908672042,
            "dur_std": 300.6994465275725
        },
        "35": {
            "dur_mean": 1788.0705940431135,
            "dur_std": 310.5474296044433
        },
        "36": {
            "dur_mean": 1851.8248787305763,
            "dur_std": 330.3564671854572
        },
        "37": {
            "dur_mean": 1943.274169681026,
            "dur_std": 343.1402979108194
        },
        "38": {
            "dur_mean": 1996.551545544229,
            "dur_std": 348.2524574570614
        },
        "39": {
            "dur_mean": 2060.0573824399867,
            "dur_std": 362.43177438432775
        },
        "40": {
            "dur_mean": 2162.9143514713137,
            "dur_std": 395.44694726531617
        },
        "41": {
            "dur_mean": 2233.8470201397454,
            "dur_std": 405.6182380918207
        },
        "42": {
            "dur_mean": 2293.5882933245643,
            "dur_std": 412.37056858105746
        },
        "43": {
            "dur_mean": 2393.325738257794,
            "dur_std": 419.96789078719155
        },
        "44": {
            "dur_mean": 2517.182252222588,
            "dur_std": 433.83469667981626
        },
        "45": {
            "dur_mean": 2557.8007896035533,
            "dur_std": 438.17337082081195
        },
        "46": {
            "dur_mean": 2632.4644354905026,
            "dur_std": 446.14434386735354
        },
        "47": {
            "dur_mean": 2691.9192367793403,
            "dur_std": 453.8878303981356
        },
        "48": {
            "dur_mean": 2711.196792763158,
            "dur_std": 455.9309832004564
        },
        "49": {
            "dur_mean": 2755.3563851656936,
            "dur_std": 462.82337338649285
        },
        "50": {
            "dur_mean": 2771.9412877230493,
            "dur_std": 464.4975357279325
        },
        "51": {
            "dur_mean": 2831.1213815789474,
            "dur_std": 472.5557339520847
        },
        "52": {
            "dur_mean": 2875.0295303117546,
            "dur_std": 480.34935703516686
        },
        "53": {
            "dur_mean": 2898.690959940775,
            "dur_std": 483.34764799947936
        },
        "54": {
            "dur_mean": 2946.013161141729,
            "dur_std": 491.9408991908088
        },
        "55": {
            "dur_mean": 2992.6903586706153,
            "dur_std": 499.0828691556739
        },
        "56": {
            "dur_mean": 3089.24131973013,
            "dur_std": 511.3270731409767
        },
        "57": {
            "dur_mean": 3121.347328558492,
            "dur_std": 516.211803606981
        },
        "58": {
            "dur_mean": 3155.1665294698714,
            "dur_std": 525.1964683609049
        },
        "59": {
            "dur_mean": 3246.278931750742,
            "dur_std": 546.6726314375165
        },
        "60": {
            "dur_mean": 3349.655945901369,
            "dur_std": 571.3219802908044
        },
        "61": {
            "dur_mean": 3393.7162529891975,
            "dur_std": 579.2323669896017
        },
        "62": {
            "dur_mean": 3460.937154182839,
            "dur_std": 588.2230002998791
        },
        "63": {
            "dur_mean": 3581.349211590853,
            "dur_std": 603.5056095096585
        },
        "64": {
            "dur_mean": 3678.635913517082,
            "dur_std": 628.3505712133798
        },
        "65": {
            "dur_mean": 3765.6633622470054,
            "dur_std": 648.1751609401924
        },
        "66": {
            "dur_mean": 3988.0164650537636,
            "dur_std": 691.6661044643788
        },
        "67": {
            "dur_mean": 4015.9514035895077,
            "dur_std": 693.4168684532775
        },
        "68": {
            "dur_mean": 4151.683551100769,
            "dur_std": 710.5588546270471
        },
        "69": {
            "dur_mean": 4298.669398414985,
            "dur_std": 745.7860207447718
        },
        "70": {
            "dur_mean": 4381.2882584571325,
            "dur_std": 751.5063597151653
        },
        "71": {
            "dur_mean": 4484.948819965639,