{
    "rows": {
        "start": 1834466,
        "route_filter": -14900,
        "nan_filter": -81328,
        "negative_dur": -12,
        "outliers": -10972,
        "end": 1727254
    },
    "scr": 0.0020584602717167557,
    "stats": {
        "1": {
            "dur_mean": 0.0,
            "dur_std": 0.0
        },
        "2": {
            "dur_mean": 158.1633398348342,
            "dur_std": 72.16061664018345
        },
        "3": {
            "dur_mean": 186.75755565689647,
            "dur_std": 75.17811194192518
        },
        "4": {
            "dur_mean": 251.93204326026603,
            "dur_std": 87.49078911311061
        },
        "5": {
            "dur_mean": 271.4036271789988,
            "dur_std": 99.18156791338873
        },
        "6": {
            "dur_mean": 317.4833484835964,
            "dur_std": 108.76509792468642
        },
        "7": {
            "dur_mean": 371.275787995208,
            "dur_std": 119.44136073069234
        },
        "8": {
            "dur_mean": 409.4279636513837,
            "dur_std": 124.82381037694539
        },
        "9": {
            "dur_mean": 471.89006403635614,
            "dur_std": 136.02576299910146
        },
        "10": {
            "dur_mean": 537.4442103523775,
            "dur_std": 146.14950490035613
        },
        "11": {
            "dur_mean": 571.6893917495973,
            "dur_std": 153.2348574024715
        },
        "12": {
            "dur_mean": 642.0591999339471,
            "dur_std": 167.56035112824594
        },
        "13": {
            "dur_mean": 674.2885803108808,
            "dur_std": 170.78412566794367
        },
        "14": {
            "dur_mean": 713.6480775604906,
            "dur_std": 179.38187340402428
        },
        "15": {
            "dur_mean": 791.8529155787642,
            "dur_std": 192.93668443083175
        },
        "16": {
            "dur_mean": 861.4848309018568,
            "dur_std": 201.8303309888564
        },
        "17": {
            "dur_mean": 900.364318898291,
            "dur_std": 209.8288712043787
        },
        "18": {
            "dur_mean": 974.6574489287494,
            "dur_std": 232.75480103971344
        },
        "19": {
            "dur_mean": 1117.7180250589256,
            "dur_std": 293.3170061683336
        },
        "20": {
            "dur_mean": 1329.3568522169553,
            "dur_std": 333.2903793067325
        },
        "21": {
            "dur_mean": 1353.5001449695565,
            "dur_std": 339.2638807329868
        },
        "23": {
            "dur_mean": 1544.9265726996798,
            "dur_std": 367.47114502400757
        },
        "24": {
            "dur_mean": 1685.5914429182055,
            "dur_std": 389.99534268018056
        },
        "25": {
            "dur_mean": 1724.8458475068448,
            "dur_std": 399.76873252032334
        },
        "26": {
            "dur_mean": 2135.7729106628244,
            "dur_std": 496.6595102117249
        },
        "27": {
            "dur_mean": 2277.334681496461,
            "dur_std": 507.5884752618725
        },
        "28": {
            "dur_mean": 2333.944971059475,
            "dur_std": 519.7707133648389
        },
        "29": {
            "dur_mean": 2422.3080299293565,
            "dur_std": 527.5680404791239
        },
        "30": {
            "dur_mean": 2571.682712799298,
            "dur_std": 536.9186237393022
        },
        "31": {
            "dur_mean": 2671.972095743348,
            "dur_std": 559.427530509137
        },
        "32": {
            "dur_mean": 2717.9037705877436,
            "dur_std": 566.1449681232074
        },
        "33": {
            "dur_mean": 2818.441859492029,
            "dur_std": 585.4149906445799
        },
        "34": {
            "dur_mean": 2894.6193129451194,
            "dur_std": 595.5224777986112
        },
        "35": {
            "dur_mean": 2925.71650477307,
            "dur_std": 600.5988908195894
        },
        "36": {
            "dur_mean": 2966.1691078004687,
            "dur_std": 606.79956104757
        },
        "37": {
            "dur_mean": 3064.8093844095015,
            "dur_std": 635.9047255075267
        },
        "38": {
            "dur_mean": 3159.2730047242776,
            "dur_std": 653.3414941710427
        },
        "39": {
            "dur_mean": 3223.193112959171,
            "dur_std": 669.8030110264629
        },
        "40": {
            "dur_mean": 3296.2214422996576,
            "dur_std": 683.2028376276012
        },
        "41": {
            "dur_mean": 3372.666569184492,
            "dur_std": 695.3428542035527
        },
        "42": {
            "dur_mean": 3416.7010192998578,
            "dur_std": 701.8715342801045
        },
        "43": {
            "dur_mean": 3461.014620493755,
            "dur_std": 706.4692068299687
        },
        "44": {
            "dur_mean": 3534.0541974844346,
            "dur_std": 712.4346054609722
        },
        "45": {
            "dur_mean": 3565.174341140487,
            "dur_std": 713.9557185875404
        },
        "46": {
            "dur_mean": 3628.781529169987,
            "dur_std": 719.9348046411613
        },
        "47": {
            "dur_mean": 3818.8317608084876,
            "dur_std": 753.5938427995602
        },
        "48": {
            "dur_mean": 4097.522005454164,
            "dur_std": 789.4611661353499
        },
        "49": {
            "dur_mean": 4225.136256522471,
            "dur_std": 831.9909808696916
        },
        "50": {
            "dur_mean": 4282.000083959531,
            "dur_std": 840.3552368976784
        },
        "51": {
            "dur_mean": 4315.105729275971,
            "dur_std": 845.5351447089847
        },
        "52": {
            "dur_mean": 4392.72228283676,
            "dur_std": 861.7018474289285
        },
        "53": {
            "dur_mean": 4435.286829513976,
            "dur_std": 866.3121849280187
        },
        "54": {
            "dur_mean": 4492.0300944386145,
            "dur_std": 870.5530026651007
        },
        "55": {
            "dur_mean": 4531.339251983378,
            "dur_std": 873.8582926296326
        },
        "56": {
            "dur_mean": 4567.965366693254,
            "dur_std": 877.5438380840822
        },
        "57": {
            "dur_mean": 4607.423563001217,
            "dur_std": 881.4028702566683
        },
        "58": {
            "dur_mean": 4659.646962508921,
            "dur_std": 885.9819702762219
        },
        "59": {
            "dur_mean": 4707.0941803829355,
            "dur_std": 889.5445256900355
        },
        "60": {
            "dur_mean": 4770.685564194158,
            "dur_std": 895.5185656620285
        },
        "61": {
            "dur_mean": 4845.170492768248,
            "dur_std": 901.2341056810538
        },
        "62": {
            "dur_mean": 4914.976832191061,
            "dur_std": 914.5508014629839
        },
        "63": {
            "dur_mean": 4950.321209317972,
            "dur_std": 916.9692624545995
        },
        "64": {
            "dur_mean": 4988.296721311475,
            "dur_std": 920.4814386845206
        },
        "65": {
            "dur_mean": 5043.7022448293255,
            "dur_std": 924.3347547327844
        },
        "66": {
            "dur_mean": 5116.856546198432,
            "dur_std": 930.2034714861321
        },
        "67": {
            "dur_mean": 5141.63316711418,
            "dur_std": 933.5360914460942
        },
        "68": {
            "dur_mean": 5193.308557790658,
            "dur_std": 936.9118975470132
        },
        "69": {
            "dur_mean": 5265.255675029868,
            "dur_std": 939.6683827800919
        },
        "70": {
            "dur_mean": 5343.1541299535575,
            "dur_std": 938.8435742726566
        },
        "71": {
            "dur_mean": 5371.441000520201,