{
    "rows": {
        "start": 1917310,
        "route_filter": -36833,
        "nan_filter": -132683,
        "negative_dur": -11,
        "outliers": -13257,
        "end": 1734526
    },
    "scr": 0.8767571884984026,
    "stats": {
        "9": {
            "dur_mean": 455.71437176243825,
            "dur_std": 99.79585847850672
        },
        "10": {
            "dur_mean": 506.2852277735486,
            "dur_std": 103.27148657028124
        },
        "11": {
            "dur_mean": 569.764545490998,
            "dur_std": 108.91675034419023
        },
        "12": {
            "dur_mean": 631.503971756399,
            "dur_std": 118.31289239042891
        },
        "13": {
            "dur_mean": 712.1407547018487,
            "dur_std": 128.4035585608852
        },
        "14": {
            "dur_mean": 767.9442953826439,
            "dur_std": 136.99679809331485
        },
        "15": {
            "dur_mean": 826.4894570479735,
            "dur_std": 145.57930679165355
        },
        "16": {
            "dur_mean": 854.9843612510999,
            "dur_std": 149.88013942201363
        },
        "17": {
            "dur_mean": 888.8615076984603,
            "dur_std": 155.69589571384228
        },
        "18": {
            "dur_mean": 935.2630463470229,
            "dur_std": 161.44214471872962
        },
        "19": {
            "dur_mean": 973.5430079577718,
            "dur_std": 166.83683529931457
        },
        "20": {
            "dur_mean": 1019.1864928625695,
            "dur_std": 174.80993428204238
        },
        "21": {
            "dur_mean": 1071.4016472093394,
            "dur_std": 182.57012862805297
        },
        "22": {
            "dur_mean": 1124.5153913808267,
            "dur_std": 196.27331248061424
        },
        "23": {
            "dur_mean": 1192.3331734228832,
            "dur_std": 208.5270360898604
        },
        "24": {
            "dur_mean": 1235.5268795715256,
            "dur_std": 214.93096221253666
        },
        "25": {
            "dur_mean": 1264.1986090571165,
            "dur_std": 219.95493365691752
        },
        "26": {
            "dur_mean": 1456.2564102564102,
            "dur_std": 259.0863855927742
        },
        "27": {
            "dur_mean": 1843.2174278509387,
            "dur_std": 288.52188774973075
        },
        "28": {
            "dur_mean": 1886.2614548795589,
            "dur_std": 293.37118365191213
        },
        "29": {
            "dur_mean": 1963.8599904130383,
            "dur_std": 301.64036336509304
        },
        "30": {
            "dur_mean": 2027.2277338445563,
            "dur_std": 310.3538038156152
        },
        "31": {
            "dur_mean": 2047.9902548126847,
            "dur_std": 312.5045724231321
        },
        "32": {
            "dur_mean": 2095.281269968051,
            "dur_std": 319.0274778937524
        },
        "33": {
            "dur_mean": 2112.485423322684,
            "dur_std": 320.74691206601614
        },
        "34": {
            "dur_mean": 2173.61039220385,
            "dur_std": 327.7262243206041
        },
        "35": {
            "dur_mean": 2219.812125569135,
            "dur_std": 334.96972625542713
        },
        "36": {
            "dur_mean": 2244.572250179727,
            "dur_std": 337.8716848514373
        },
        "37": {
            "dur_mean": 2294.946880741273,
            "dur_std": 349.3448423579629
        },
        "38": {
            "dur_mean": 2344.1953343452906,
            "dur_std": 351.2921792680821
        },
        "39": {
            "dur_mean": 2445.0932992368244,
            "dur_std": 361.4201719377882
        },
        "40": {
            "dur_mean": 2478.4629763337343,
            "dur_std": 366.80199723527335
        },
        "41": {
            "dur_mean": 2513.700580224031,
            "dur_std": 374.86333730975844
        },
        "42": {
            "dur_mean": 2610.020716164273,
            "dur_std": 391.3369956249331
        },
        "43": {
            "dur_mean": 2717.272484416741,
            "dur_std": 410.81282476807434
        },
        "44": {
            "dur_mean": 2764.396057637821,
            "dur_std": 418.4523953663753
        },
        "45": {
            "dur_mean": 2837.3607031061883,
            "dur_std": 425.8339349009131
        },
        "46": {
            "dur_mean": 2963.1821646341464,
            "dur_std": 441.7709338344026
        },
        "47": {
            "dur_mean": 3066.0370162647223,
            "dur_std": 467.2381976507222
        },
        "48": {
            "dur_mean": 3159.8676771322025,
            "dur_std": 485.31508175644046
        },
        "49": {
            "dur_mean": 3386.1125272243285,
            "dur_std": 510.0191338388616
        },
        "50": {
            "dur_mean": 3437.332680934349,
            "dur_std": 518.2591723538181
        },
        "51": {
            "dur_mean": 3586.005251405888,
            "dur_std": 544.4921770020236
        },
        "52": {
            "dur_mean": 3741.841575129534,
            "dur_std": 575.5001317224072
        },
        "53": {
            "dur_mean": 3840.21381905392,
            "dur_std": 581.94386847919
        },
        "54": {
            "dur_mean": 3951.8010882206345,
            "dur_std": 595.3341235011131
        },
        "55": {
            "dur_mean": 4041.5744061238925,
            "dur_std": 607.610193944768
        },
        "56": {
            "dur_mean": 4101.383386847921,
            "dur_std": 616.2340265221956
        },
        "57": {
            "dur_mean": 4172.05735453259,
            "dur_std": 631.2648710304616
        },
        "58": {
            "dur_mean": 4201.230951687404,
            "dur_std": 636.6402345703159
        },
        "59": {
            "dur_mean": 4293.58023715415,
            "dur_std": 651.2900883860826
        },
        "60": {
            "dur_mean": 4352.688639200999,
            "dur_std": 663.1693265826678
        },
        "61": {
            "dur_mean": 4379.524923025713,
            "dur_std": 666.5563159483163
        },
        "62": {
            "dur_mean": 4441.821550361807,
            "dur_std": 683.0646658344162
        },
        "63": {
            "dur_mean": 4521.0041207075965,
            "dur_std": 693.0171971933522
        },
        "64": {
            "dur_mean": 4578.058652367295,
            "dur_std": 700.4294869380695
        },
        "65": {
            "dur_mean": 4614.001703577513,
            "dur_std": 704.9487259816839
        },
        "66": {
            "dur_mean": 4675.628972622658,
            "dur_std": 711.1942316418691
        },
        "67": {
            "dur_mean": 4741.249439042633,
            "dur_std": 718.6301354823722
        },
        "68": {
            "dur_mean": 4767.758093338321,
            "dur_std": 720.514375031663
        },
        "69": {
            "dur_mean": 4798.045758696646,
            "dur_std": 724.0227291517389
        },
        "70": {
            "dur_mean": 4858.8193797805125,
            "dur_std": 726.5113063727724
        },
        "71": {
            "dur_mean": 5080.437289703903,
            "dur_std": 764.6289458809615
        },
        "1": {
            "dur_mean": 0.0,
            "dur_std": 0.0
        },
        "2": {
            "dur_mean": 38.1804227020133,
            "dur_std": 55.3806760899807
        },
        "3": {
            "dur_mean": 109.67305205302296,
            "dur_std": 65.19348183370003
        },
        "4": {
            "dur_mean": 128.94097264192754,
            "dur_std": 64.45980034456338
        },
        "5": {
            "dur_mean": 227.15239629480467,
            "dur_std": 71.27043808378234
        },
        "6": {
            "dur_mean": 293.56318460051546,
            "dur_std": 78.80627573498285
        },
        "7": {
            "dur_mean": 351.32005798735554,