{
    "rows": {
        "start": 24241,
        "route_filter": 0,
        "nan_filter": -337,
        "negative_dur": 0,
        "outliers": -341,
        "end": 23563
    },
    "scr": 0.5428881650380022,
    "stats": {
        "1": {
            "dur_mean": 0.0,
            "dur_std": 0.0
        },
        "2": {
            "dur_mean": 183.05434782608697,
            "dur_std": 67.43165873044316
        },
        "3": {
            "dur_mean": 334.2228260869565,
            "dur_std": 189.1949939198241
        },
        "4": {
            "dur_mean": 616.1293478260869,
            "dur_std": 344.35538745616515
        },
        "5": {
            "dur_mean": 889.3838604143948,
            "dur_std": 395.0132727872496
        },
        "6": {
            "dur_mean": 1143.5862831858408,
            "dur_std": 404.02399146704784
        },
        "7": {
            "dur_mean": 1354.2552255225523,
            "dur_std": 425.28046561742
        },
        "8": {
            "dur_mean": 1872.3910186199344,
            "dur_std": 478.3752397053029
        },
        "9": {
            "dur_mean": 2030.5875273522977,
            "dur_std": 479.59218196846194
        },
        "10": {
            "dur_mean": 2311.8495092693565,
            "dur_std": 491.44313512050746
        },
        "11": {
            "dur_mean": 2486.191721132898,
            "dur_std": 502.32585567029804
        },
        "12": {
            "dur_mean": 2635.4520697167754,
            "dur_std": 503.6748676390758
        },
        "13": {
            "dur_mean": 2783.342076502732,
            "dur_std": 514.1424377669772
        },
        "14": {
            "dur_mean": 3164.7429193899784,
            "dur_std": 530.6523868293992
        },
        "15": {
            "dur_mean": 3307.233949945593,
            "dur_std": 547.0856642929915
        },
        "16": {
            "dur_mean": 3461.475516866159,
            "dur_std": 556.0674215786245
        },
        "17": {
            "dur_mean": 3960.5315904139434,
            "dur_std": 604.2854216889018
        },
        "18": {
            "dur_mean": 4238.177753544166,
            "dur_std": 613.0995435057124
        },
        "19": {
            "dur_mean": 4321.0501635768815,
            "dur_std": 614.4029726203407
        },
        "20": {
            "dur_mean": 4388.281045751634,
            "dur_std": 615.8928190421213
        },
        "21": {
            "dur_mean": 4501.299453551913,
            "dur_std": 612.3653801507241
        },
        "22": {
            "dur_mean": 4559.836065573771,
            "dur_std": 614.3217937797184
        },
        "23": {
            "dur_mean": 4633.255737704918,
            "dur_std": 615.9962951355817
        },
        "24": {
            "dur_mean": 4752.343578485181,
            "dur_std": 618.6842183568963
        },
        "25": {
            "dur_mean": 4859.082633053221,
            "dur_std": 617.6027946471994
        },
        "26": {
            "dur_mean": 4921.122507122507,
            "dur_std": 625.2137750970992
        },
        "27": {
            "dur_mean": 5005.942,
            "dur_std": 639.99483232821
        }
    },
    "feature_eval": {
        "f_values": {
            "weather_main_Clouds": 0.1911419207923857,
            "weather_main_Drizzle": 8.869660628485642,
            "weather_main_Fog": 0.27479645715974954,
            "weather_main_Mist": 0.722610794877602,
            "weather_main_Rain": 0.37423892531922176,
            "weather_main_Snow": 7.303862073192596,
            "weather_description_few clouds": 14.169277036334648,
            "weather_description_fog": 0.27479645715974954,
            "weather_description_light intensity drizzle": 27.228105207711437,
            "weather_description_light intensity drizzle rain": 5.061513659683567,
            "weather_description_light intensity shower rain": 1.2283336618720544,
            "weather_description_light rain": 11.192504529266143,
            "weather_description_light shower snow": 7.303862073192596,
            "weather_description_mist": 0.722610794877602,
            "weather_description_moderate rain": 0.015855388223179955,
            "weather_description_overcast clouds": 6.952277659916443,
            "weather_description_proximity shower rain": 3.3773061638419706,
            "weather_description_scattered clouds": 1.4428331785134343,
            "weather_description_sky is clear": 6.22084813417957,
            "weekday_1": 0.04074743506457237,
            "weekday_2": 10.919407948487592,
            "weekday_3": 43.438437667901724,
            "weekday_4": 15.058136225983056,
            "month_2": 1.1153034767856824,
            "month_3": 0.0021084099600574874,
            "month_4": 2.8056959963100376,
            "month_5": 0.3981008503862482,
            "month_6": 34.9430210889786,
            "month_7": 65.67604531560589,
            "month_8": 24.899180983302912,
            "month_9": 0.38590404023053,
            "month_10": 39.683751893884875,
            "month_11": 63.83810779079897,
            "month_12": 91.930789236545,
            "hour_17": 12048.41625422963,
            "hour_18": 17513.744684569592,
            "hour_19": 191.69624157101205
        },
        "correlations": {
            "daystamp": 0.06406535871682281,
            "progr_number": 0.9520900475345826,
            "arr_p": 0.8133463535176565,
            "arr_a": 0.8567337317170777,
            "dep_p": 0.8133463535176565,
            "dep_a": 0.8564002865477437,
            "end_p": 0.05106111398359121,
            "start_p": 0.014399799033813814,
            "start_a": 0.01620806552814032,
            "temp": -0.10538556993405905,
            "feels_like": -0.0780956367247084,
            "temp_min": -0.09543838530660931,
            "temp_max": -0.0956473600411197,
            "pressure": -0.019671555280479782,
            "humidity": 0.12793113281854188,
            "wind_speed": -0.06598083968259114,
            "wind_deg": 0.014576856601664768,
            "clouds_all": -0.014293929759929495,
            "dt": 0.06423452999726553,
            "dur_s": 0.9624364108787973
        }
    },
    "modelling": {
        "XGBoost": {
            "time": 2.142455577850342,
            "r_2": 0.980871351059539,
            "mse": 52923.23864293849,
            "rmse": 230.0505132420671,
            "mae": 172.2088679736447
        },
        "Benchmark": {
            "r_2": 0.9138825182360758,
            "mse": 238261.26209472076,
            "rmse": 488.12013080257276,
            "mae": 350.7487693091156
        }
    },
    "features": [
        "weather_description_few clouds",
        "weather_description_fog",
        "weather_description_light intensity drizzle",
        "weather_description_light intensity drizzle rain",
        "weather_description_light intensity shower rain",
        "weather_description_light rain",
        "weather_description_light shower snow",
        "weather_description_mist",
        "weather_description_moderate rain",
        "weather_description_overcast clouds",
        "weather_description_proximity shower rain",
        "weather_description_scattered clouds",
        "weather_description_sky is clear",
        "weekday_1",
        "weekday_2",
        "weekday_3",
        "weekday_4",
        "month_2",
        "month_3",
        "month_4",
        "month_5",
        "month_6",
        "month_7",
        "month_8",
        "month_9",
        "month_10",
        "month_11",
        "month_12",
        "hour_17",
        "hour_18",
        "hour_19",
        "progr_number",
        "dur_s",
        "humidity"
    ]
}