{
    "rows": {
        "start": 74284,
        "route_filter": 0,
        "nan_filter": -19909,
        "negative_dur": 0,
        "outliers": -845,
        "end": 53530
    },
    "scr": 0.9193313953488372,
    "stats": {
        "1": {
            "dur_mean": 0.0,
            "dur_std": 0.0
        },
        "2": {
            "dur_mean": 105.71702284450996,
            "dur_std": 243.3822232426601
        },
        "3": {
            "dur_mean": 320.56309263311454,
            "dur_std": 254.10273698530156
        },
        "4": {
            "dur_mean": 431.25620437956206,
            "dur_std": 253.4628674591519
        },
        "5": {
            "dur_mean": 457.9722627737226,
            "dur_std": 253.56464785113965
        },
        "6": {
            "dur_mean": 552.6720116618076,
            "dur_std": 253.16552621829976
        },
        "7": {
            "dur_mean": 622.169701383831,
            "dur_std": 254.22119317240475
        },
        "8": {
            "dur_mean": 701.8179169701384,
            "dur_std": 255.84620995460526
        },
        "9": {
            "dur_mean": 723.4027676620539,
            "dur_std": 256.6672078587409
        },
        "10": {
            "dur_mean": 763.0320466132556,
            "dur_std": 257.9763540788404
        },
        "11": {
            "dur_mean": 803.1041514930808,
            "dur_std": 258.4973595941647
        },
        "12": {
            "dur_mean": 907.6428571428571,
            "dur_std": 263.3044749626858
        },
        "13": {
            "dur_mean": 1029.8420245398772,
            "dur_std": 273.32862700424744
        },
        "14": {
            "dur_mean": 1077.5215716486903,
            "dur_std": 275.76276482538987
        },
        "15": {
            "dur_mean": 1130.9881918819187,
            "dur_std": 275.32396093438956
        },
        "16": {
            "dur_mean": 1158.132503660322,
            "dur_std": 276.41929320031335
        },
        "17": {
            "dur_mean": 1192.260805860806,
            "dur_std": 277.4777330543702
        },
        "18": {
            "dur_mean": 1231.691575091575,
            "dur_std": 279.3643407147492
        },
        "19": {
            "dur_mean": 1251.858608058608,
            "dur_std": 280.33603854979344
        },
        "20": {
            "dur_mean": 1296.9369963369963,
            "dur_std": 282.12096855013004
        },
        "21": {
            "dur_mean": 1319.3912087912088,
            "dur_std": 283.59377453483717
        },
        "22": {
            "dur_mean": 1440.0102564102565,
            "dur_std": 292.35044282445614
        },
        "23": {
            "dur_mean": 1539.9238095238095,
            "dur_std": 298.90166499109785
        },
        "24": {
            "dur_mean": 1595.4278388278387,
            "dur_std": 302.25617174729257
        },
        "25": {
            "dur_mean": 1633.246153846154,
            "dur_std": 306.1919874939646
        },
        "26": {
            "dur_mean": 1685.775659824047,
            "dur_std": 312.1622804350597
        },
        "27": {
            "dur_mean": 1747.0278796771827,
            "dur_std": 318.98736497951273
        },
        "28": {
            "dur_mean": 1798.503301540719,
            "dur_std": 323.5551921397713
        },
        "29": {
            "dur_mean": 1850.5884079236978,
            "dur_std": 327.77489510727975
        },
        "30": {
            "dur_mean": 1903.5385179750551,
            "dur_std": 336.9831025448292
        },
        "31": {
            "dur_mean": 2034.1600587371513,
            "dur_std": 376.09209393530614
        },
        "32": {
            "dur_mean": 2076.760646108664,
            "dur_std": 380.2896243154194
        },
        "33": {
            "dur_mean": 2097.7685525349007,
            "dur_std": 382.6916648730031
        },
        "34": {
            "dur_mean": 2118.014695077149,
            "dur_std": 385.6099748775599
        },
        "35": {
            "dur_mean": 2189.080088170463,
            "dur_std": 394.33931927748154
        },
        "36": {
            "dur_mean": 2313.102205882353,
            "dur_std": 420.1016825591431
        },
        "37": {
            "dur_mean": 2403.142016188374,
            "dur_std": 425.75775434343046
        },
        "38": {
            "dur_mean": 2453.2861356932153,
            "dur_std": 432.5044060346362
        },
        "39": {
            "dur_mean": 2657.167588932806,
            "dur_std": 454.6409632182668
        },
        "40": {
            "dur_mean": 2741.896373056995,
            "dur_std": 491.0728840016015
        }
    },
    "feature_eval": {
        "f_values": {
            "weather_main_Clouds": 15.400375971870847,
            "weather_main_Drizzle": 5.740377479161191,
            "weather_main_Fog": 7.233957162670524,
            "weather_main_Mist": 1.2412680791004684,
            "weather_main_Rain": 6.442099258513781,
            "weather_main_Smoke": 7.859348564830954,
            "weather_main_Snow": 1.5254403747729741,
            "weather_description_broken clouds": 0.00032044733167213,
            "weather_description_drizzle": 5.983521359353657,
            "weather_description_few clouds": 0.29063973174084085,
            "weather_description_fog": 7.233957162670524,
            "weather_description_light intensity drizzle": 3.422615870431002,
            "weather_description_light intensity drizzle rain": 1.2230829875162312,
            "weather_description_light intensity shower rain": 0.00852133504195069,
            "weather_description_light rain": 1.6609688346108413,
            "weather_description_light shower snow": 0.48481311264906707,
            "weather_description_mist": 1.2412680791004684,
            "weather_description_moderate rain": 6.716015685021337,
            "weather_description_overcast clouds": 2.0649343005737553,
            "weather_description_proximity shower rain": 9.145516634077813,
            "weather_description_scattered clouds": 20.256276850732302,
            "weather_description_sky is clear": 2.7749775515097816,
            "weather_description_smoke": 7.859348564830954,
            "weekday_1": 0.12906986215556482,
            "weekday_2": 20.329412727985968,
            "weekday_3": 46.065890674436176,
            "weekday_4": 31.95733704203513,
            "weekday_5": 225.13144273147768,
            "weekday_6": 38.345946982016,
            "month_2": 2.2933400857158244,
            "month_3": 1.9100311843624411,
            "month_4": 0.6724379273243729,
            "month_5": 2.575815685329626,
            "month_6": 6.509783972966724,
            "month_7": 16.723502678124692,
            "month_8": 7.065591474921954,
            "month_9": 4.940742733542634,
            "month_10": 4.207100399962027,
            "month_11": 45.25440053319294,
            "month_12": 0.29481007484345345,
            "hour_7": 103.4305191357495,
            "hour_8": 524.5614900472979,
            "hour_9": 77.79230021856792,
            "hour_10": 0.27825561335509097,
            "hour_12": 2.428772218431783,
            "hour_13": 45.27457528468317,
            "hour_14": 10.148890936740818,
            "hour_15": 13.344725455102534,
            "hour_16": 1903.920785929668,
            "hour_17": 3437.4599235470764,
            "hour_19": 3.080492920303206,
            "hour_20": 153.0748663064427,
            "hour_21": 95.31544727459315,
            "holiday_1": 46.88700345396976
        },
        "correlations": {
            "daystamp": 0.013823273430787477,
            "progr_number": 0.946451529879485,
            "arr_p": -0.00882030069531214,
            "arr_a": -0.004412625403440702,
            "dep_p": -0.00882030069531214,
            "dep_a": -0.004181630796465923,
            "end_p": -0.045005310611613926,
            "start_p": -0.047321789670034725,
            "start_a": -0.047661327061126614,