{
    "rows": {
        "start": 594512,
        "route_filter": -225539,
        "nan_filter": -5480,
        "negative_dur": 0,
        "outliers": -2934,
        "end": 360559
    },
    "scr": 0.9889080601429627,
    "stats": {
        "1": {
            "dur_mean": 0.0,
            "dur_std": 0.0
        },
        "2": {
            "dur_mean": 204.91819080573407,
            "dur_std": 94.19260020194545
        },
        "3": {
            "dur_mean": 347.85251576214614,
            "dur_std": 105.57811098285123
        },
        "4": {
            "dur_mean": 407.8228896304536,
            "dur_std": 113.40818953563435
        },
        "5": {
            "dur_mean": 508.27466963072743,
            "dur_std": 126.1288744742024
        },
        "6": {
            "dur_mean": 605.1595705294335,
            "dur_std": 138.57598800889713
        },
        "7": {
            "dur_mean": 631.7398173290545,
            "dur_std": 138.8180046210797
        },
        "8": {
            "dur_mean": 673.6922981979758,
            "dur_std": 159.86502758880872
        },
        "9": {
            "dur_mean": 708.1393483090595,
            "dur_std": 181.78059475239547
        },
        "10": {
            "dur_mean": 880.2115716753023,
            "dur_std": 222.4906916114509
        },
        "11": {
            "dur_mean": 915.2998149290561,
            "dur_std": 228.08080710963412
        },
        "12": {
            "dur_mean": 958.2042679166153,
            "dur_std": 233.78391104912328
        },
        "13": {
            "dur_mean": 1020.8601061859489,
            "dur_std": 238.8844413159403
        },
        "14": {
            "dur_mean": 1083.05459486166,
            "dur_std": 242.93759683640712
        },
        "15": {
            "dur_mean": 1113.6313449425713,
            "dur_std": 248.7031274895924
        },
        "16": {
            "dur_mean": 1189.4054621848738,
            "dur_std": 252.613657494716
        },
        "17": {
            "dur_mean": 1252.4819485657765,
            "dur_std": 260.62444995717584
        },
        "18": {
            "dur_mean": 1317.117116002968,
            "dur_std": 266.4675159474075
        },
        "19": {
            "dur_mean": 1411.4337989862777,
            "dur_std": 277.383248356427
        },
        "20": {
            "dur_mean": 1492.1748052911362,
            "dur_std": 289.9197620898107
        },
        "21": {
            "dur_mean": 1531.5733003708283,
            "dur_std": 294.9456915072118
        },
        "22": {
            "dur_mean": 1652.59940652819,
            "dur_std": 308.2289336887396
        },
        "23": {
            "dur_mean": 1683.7487636003957,
            "dur_std": 312.7498510502752
        },
        "24": {
            "dur_mean": 1716.7962413452028,
            "dur_std": 318.82563550403046
        },
        "25": {
            "dur_mean": 1805.9491776925931,
            "dur_std": 330.7375582546848
        },
        "26": {
            "dur_mean": 1825.079139359466,
            "dur_std": 333.0855447665474
        },
        "27": {
            "dur_mean": 1902.1079510325214,
            "dur_std": 335.45615938597876
        },
        "28": {
            "dur_mean": 1959.6384320514405,
            "dur_std": 337.330118066782
        },
        "29": {
            "dur_mean": 1989.0702361815258,
            "dur_std": 338.2787698150368
        },
        "30": {
            "dur_mean": 2014.2418995795201,
            "dur_std": 339.39269397391615
        },
        "31": {
            "dur_mean": 2077.2127133316844,
            "dur_std": 343.238588340595
        },
        "32": {
            "dur_mean": 2148.0722622299477,
            "dur_std": 345.21835142861727
        },
        "33": {
            "dur_mean": 2211.5641917059847,
            "dur_std": 347.4689173046215
        },
        "34": {
            "dur_mean": 2295.850117968459,
            "dur_std": 352.53558587192174
        },
        "35": {
            "dur_mean": 2494.653492418593,
            "dur_std": 366.6324343858228
        },
        "36": {
            "dur_mean": 2535.051053283767,
            "dur_std": 368.61183609121537
        },
        "37": {
            "dur_mean": 2618.639307510275,
            "dur_std": 373.70824775322126
        },
        "38": {
            "dur_mean": 2655.4555266096017,
            "dur_std": 377.662429404762
        },
        "39": {
            "dur_mean": 2682.5792085349212,
            "dur_std": 381.02622345739184
        },
        "40": {
            "dur_mean": 2761.243987538941,
            "dur_std": 386.4285122100893
        },
        "41": {
            "dur_mean": 2809.220062305296,
            "dur_std": 390.8484009225762
        },
        "42": {
            "dur_mean": 2851.6743519441675,
            "dur_std": 395.14664872356065
        },
        "43": {
            "dur_mean": 2878.6714855433697,
            "dur_std": 399.4140922718035
        },
        "44": {
            "dur_mean": 2995.96511338151,
            "dur_std": 449.4049085923343
        },
        "45": {
            "dur_mean": 3064.291511077919,
            "dur_std": 457.9933795105237
        }
    },
    "feature_eval": {
        "f_values": {
            "weather_main_Clouds": 0.5560617175044972,
            "weather_main_Drizzle": 0.42931069542159306,
            "weather_main_Fog": 0.5148325415927615,
            "weather_main_Mist": 8.654798763684136,
            "weather_main_Rain": 7.638230692397119,
            "weather_main_Smoke": 2.9296606245593346,
            "weather_main_Snow": 11.093323261201734,
            "weather_description_broken clouds": 2.273299662934577,
            "weather_description_few clouds": 7.040798713075369,
            "weather_description_fog": 0.5148325415927615,
            "weather_description_heavy intensity rain": 23.96714606814655,
            "weather_description_light intensity drizzle": 1.5365151123697731,
            "weather_description_light intensity drizzle rain": 0.26738064287191843,
            "weather_description_light intensity shower rain": 1.7657293635489475,
            "weather_description_light rain": 0.30279601774064174,
            "weather_description_light shower snow": 2.6315929032327743,
            "weather_description_mist": 8.654798763684136,
            "weather_description_moderate rain": 11.225210105374517,
            "weather_description_overcast clouds": 30.197851211881844,
            "weather_description_proximity shower rain": 30.542045986298305,
            "weather_description_rain and drizzle": 3.3793151778448554,
            "weather_description_scattered clouds": 52.790190576179754,
            "weather_description_sky is clear": 9.676784244489957,
            "weather_description_smoke": 2.9296606245593346,
            "weekday_1": 0.7372658273453948,
            "weekday_2": 28.805759085305294,
            "weekday_3": 34.621729360666635,
            "weekday_4": 26.4237262341955,
            "month_2": 9.64199030624068,
            "month_3": 9.159737935417077,
            "month_4": 11.338409443396786,
            "month_5": 74.75364601127319,
            "month_6": 54.85126530694988,
            "month_7": 186.07997822134482,
            "month_8": 178.3783629910986,
            "month_9": 0.06000942903551116,
            "month_10": 20.80334842872927,
            "month_11": 35.48550962181289,
            "month_12": 112.37621717914209,
            "hour_7": 791.8622076373646,
            "hour_8": 48.36235473665729,
            "hour_9": 74.99810008686282,
            "hour_10": 644.1388988738671,
            "hour_11": 439.8559767241463,
            "hour_12": 293.8385498718491,
            "hour_13": 4.158841956263997,
            "hour_14": 3.6530251913702054,
            "hour_15": 139.33075722803324,
            "hour_16": 21.284348094593184,
            "hour_17": 3522.203789087624,