{
    "rows": {
        "start": 567985,
        "route_filter": -216996,
        "nan_filter": -22201,
        "negative_dur": -25,
        "outliers": -4609,
        "end": 324154
    },
    "scr": 0.973209751142712,
    "stats": {
        "1": {
            "dur_mean": 0.0,
            "dur_std": 0.0
        },
        "2": {
            "dur_mean": 128.27150019282684,
            "dur_std": 104.01397251684008
        },
        "3": {
            "dur_mean": 184.766310642131,
            "dur_std": 106.35921723759218
        },
        "4": {
            "dur_mean": 239.34817292846114,
            "dur_std": 110.37486799196371
        },
        "5": {
            "dur_mean": 311.66499421072945,
            "dur_std": 116.03771750736342
        },
        "6": {
            "dur_mean": 364.6828295819936,
            "dur_std": 117.17054533379554
        },
        "7": {
            "dur_mean": 527.8680867445144,
            "dur_std": 134.06534118683612
        },
        "8": {
            "dur_mean": 580.5003186743148,
            "dur_std": 137.81991537174656
        },
        "9": {
            "dur_mean": 783.164318647541,
            "dur_std": 143.77007166208986
        },
        "10": {
            "dur_mean": 870.6870434448289,
            "dur_std": 149.5398272308597
        },
        "11": {
            "dur_mean": 957.7871331539152,
            "dur_std": 155.78132758326754
        },
        "12": {
            "dur_mean": 1023.2692062683144,
            "dur_std": 167.23869654391237
        },
        "13": {
            "dur_mean": 1068.366963151207,
            "dur_std": 172.23516663430183
        },
        "14": {
            "dur_mean": 1094.2954256670903,
            "dur_std": 173.55195730024326
        },
        "15": {
            "dur_mean": 1142.5799237611182,
            "dur_std": 177.42566462293328
        },
        "16": {
            "dur_mean": 1169.1940279542566,
            "dur_std": 180.46173981577962
        },
        "17": {
            "dur_mean": 1274.025823111685,
            "dur_std": 188.1408465894497
        },
        "18": {
            "dur_mean": 1296.008763017526,
            "dur_std": 192.47993305247866
        },
        "19": {
            "dur_mean": 1368.1855238095238,
            "dur_std": 197.53812065581656
        },
        "20": {
            "dur_mean": 1393.5250984877366,
            "dur_std": 200.97394855704087
        },
        "21": {
            "dur_mean": 1493.4186785260483,
            "dur_std": 210.581510483256
        },
        "22": {
            "dur_mean": 1543.7560106856633,
            "dur_std": 214.10978612041808
        },
        "23": {
            "dur_mean": 1569.4923625254582,
            "dur_std": 216.66713156279633
        },
        "24": {
            "dur_mean": 1694.2819663779928,
            "dur_std": 227.15026494404466
        },
        "25": {
            "dur_mean": 1804.6156198241815,
            "dur_std": 240.03391317825032
        },
        "26": {
            "dur_mean": 1863.979602243753,
            "dur_std": 243.93580430253905
        },
        "27": {
            "dur_mean": 1905.3264473348636,
            "dur_std": 248.85169829800364
        },
        "28": {
            "dur_mean": 1959.669262190452,
            "dur_std": 254.8550182137617
        },
        "29": {
            "dur_mean": 2027.6595174262734,
            "dur_std": 264.6624261444915
        },
        "30": {
            "dur_mean": 2080.0462088332906,
            "dur_std": 269.64984819622737
        },
        "31": {
            "dur_mean": 2133.834290820886,
            "dur_std": 273.9594938179706
        },
        "32": {
            "dur_mean": 2186.578396322778,
            "dur_std": 281.71528890919626
        },
        "33": {
            "dur_mean": 2321.987758224943,
            "dur_std": 314.5271482348731
        },
        "34": {
            "dur_mean": 2369.4552990689963,
            "dur_std": 319.98378677483925
        },
        "35": {
            "dur_mean": 2391.1315051020406,
            "dur_std": 321.8156056162366
        },
        "36": {
            "dur_mean": 2413.5542660374954,
            "dur_std": 325.98907369472056
        },
        "37": {
            "dur_mean": 2488.6392857142855,
            "dur_std": 337.6666592808604
        },
        "38": {
            "dur_mean": 2623.376499106915,
            "dur_std": 355.4585530641025
        },
        "39": {
            "dur_mean": 2716.824603985692,
            "dur_std": 360.3631102803963
        },
        "40": {
            "dur_mean": 2774.098006644518,
            "dur_std": 363.78472899726984
        },
        "41": {
            "dur_mean": 2997.2472276581866,
            "dur_std": 384.51390029868975
        },
        "42": {
            "dur_mean": 3075.7188461538462,
            "dur_std": 398.09669283602744
        }
    },
    "feature_eval": {
        "f_values": {
            "weather_main_Clouds": 1.9298001080400429,
            "weather_main_Drizzle": 3.160863679940751,
            "weather_main_Fog": 3.41772922620963,
            "weather_main_Mist": 4.154331629629725,
            "weather_main_Rain": 0.018332989618781857,
            "weather_main_Smoke": 0.26164095960537315,
            "weather_main_Snow": 15.571734151037358,
            "weather_description_broken clouds": 0.23059671813967808,
            "weather_description_drizzle": 10.88522113398697,
            "weather_description_few clouds": 1.8407530911140648,
            "weather_description_fog": 3.41772922620963,
            "weather_description_heavy intensity rain": 2.846969112860651,
            "weather_description_light intensity drizzle": 6.728504506252398,
            "weather_description_light intensity drizzle rain": 0.0016070070641035707,
            "weather_description_light intensity shower rain": 1.580602643506782,
            "weather_description_light rain": 3.9877973235012183,
            "weather_description_light shower snow": 26.055989080014314,
            "weather_description_mist": 4.154331629629725,
            "weather_description_moderate rain": 0.3291130287993879,
            "weather_description_overcast clouds": 4.468007400119935,
            "weather_description_proximity shower rain": 2.860805578996727,
            "weather_description_rain and drizzle": 18.02475866163144,
            "weather_description_scattered clouds": 1.1952885236052588,
            "weather_description_sky is clear": 10.505014001299243,
            "weather_description_smoke": 0.26164095960537315,
            "weekday_1": 3.610649013126217,
            "weekday_2": 12.938082597368222,
            "weekday_3": 9.64308936302291,
            "weekday_4": 0.005759169976642312,
            "month_2": 8.878396251804393,
            "month_3": 7.510539052823475,
            "month_4": 28.76182536857862,
            "month_5": 1.5024328522739183,
            "month_6": 29.34272792200685,
            "month_7": 92.24597723463133,
            "month_8": 90.83710064586525,
            "month_9": 3.685993241758847,
            "month_10": 16.673981375575725,
            "month_11": 81.62878108599081,
            "month_12": 48.08172604519765,
            "hour_7": 6.940589531061554,
            "hour_8": 312.2817844174395,
            "hour_9": 1311.606035513929,
            "hour_10": 188.97131745244542,
            "hour_11": 10.906100126880183,
            "hour_12": 124.93076698026209,
            "hour_13": 30.82739964551154,
            "hour_14": 69.28445242927621,
            "hour_15": 0.82451963982673,
            "hour_16": 27.405927291921238,
            "hour_17": 269.9985821111514,
            "hour_18": 22.088050953640405,
            "hour_19": 61.54749109269312,
            "hour_20": 1153.101977159791,
            "holiday_1": 129.18903773898327
        },
        "correlations": {
            "daystamp": 0.006432850159092863,