{
    "rows": {
        "start": 24588,
        "route_filter": 0,
        "nan_filter": -3109,
        "negative_dur": 0,
        "outliers": -104,
        "end": 21375
    },
    "scr": 0.9526184538653366,
    "stats": {
        "1": {
            "dur_mean": 0.0,
            "dur_std": 0.0
        },
        "2": {
            "dur_mean": 52.83208020050125,
            "dur_std": 40.82884207468271
        },
        "4": {
            "dur_mean": 106.44360902255639,
            "dur_std": 43.53957597852172
        },
        "5": {
            "dur_mean": 140.3684210526316,
            "dur_std": 46.21364093322102
        },
        "6": {
            "dur_mean": 171.555,
            "dur_std": 50.023623241479754
        },
        "7": {
            "dur_mean": 203.9325,
            "dur_std": 54.092957618434724
        },
        "8": {
            "dur_mean": 289.9975,
            "dur_std": 64.10754195950913
        },
        "9": {
            "dur_mean": 422.492385786802,
            "dur_std": 81.77450651903038
        },
        "10": {
            "dur_mean": 465.1700507614213,
            "dur_std": 87.81474263712727
        },
        "11": {
            "dur_mean": 514.6192893401015,
            "dur_std": 91.40468545238201
        },
        "12": {
            "dur_mean": 605.751269035533,
            "dur_std": 106.73447619234688
        },
        "13": {
            "dur_mean": 672.9270833333334,
            "dur_std": 115.69603144782594
        },
        "14": {
            "dur_mean": 696.8723958333334,
            "dur_std": 119.78181587188494
        },
        "15": {
            "dur_mean": 786.425641025641,
            "dur_std": 144.95343941389277
        },
        "16": {
            "dur_mean": 802.3461538461538,
            "dur_std": 146.0529385063909
        },
        "17": {
            "dur_mean": 835.6056701030927,
            "dur_std": 149.28121207253236
        },
        "18": {
            "dur_mean": 932.8167539267016,
            "dur_std": 159.91440601577335
        },
        "19": {
            "dur_mean": 1012.520725388601,
            "dur_std": 170.04794078948785
        },
        "20": {
            "dur_mean": 1101.2448979591836,
            "dur_std": 180.59831287497897
        },
        "21": {
            "dur_mean": 1125.57,
            "dur_std": 187.05898202677207
        },
        "22": {
            "dur_mean": 1212.004987531172,
            "dur_std": 202.91087939058946
        },
        "23": {
            "dur_mean": 1235.0947630922694,
            "dur_std": 204.64120063542003
        },
        "24": {
            "dur_mean": 1265.1870324189526,
            "dur_std": 205.69962914750587
        },
        "25": {
            "dur_mean": 1280.369077306733,
            "dur_std": 208.9905223721796
        },
        "27": {
            "dur_mean": 1463.8104738154614,
            "dur_std": 245.51544552232338
        },
        "28": {
            "dur_mean": 1547.9725685785536,
            "dur_std": 254.75490524352205
        },
        "29": {
            "dur_mean": 1558.2474489795918,
            "dur_std": 257.08767796662994
        },
        "30": {
            "dur_mean": 1572.7425,
            "dur_std": 256.49432653102974
        },
        "31": {
            "dur_mean": 1593.0473815461346,
            "dur_std": 258.18933992203586
        },
        "32": {
            "dur_mean": 1655.286783042394,
            "dur_std": 258.4514171945577
        },
        "33": {
            "dur_mean": 1673.4463840399003,
            "dur_std": 258.5494686576287
        },
        "34": {
            "dur_mean": 1727.4014962593517,
            "dur_std": 261.1315011593883
        },
        "35": {
            "dur_mean": 1847.2593516209477,
            "dur_std": 271.31423215264357
        },
        "36": {
            "dur_mean": 1906.5925,
            "dur_std": 274.6863993515547
        },
        "37": {
            "dur_mean": 2035.0498753117206,
            "dur_std": 303.82149776840083
        },
        "38": {
            "dur_mean": 2114.1596009975065,
            "dur_std": 322.4261767658457
        },
        "39": {
            "dur_mean": 2199.0149625935164,
            "dur_std": 346.632283227574
        },
        "40": {
            "dur_mean": 2300.354114713217,
            "dur_std": 365.50813163222074
        },
        "41": {
            "dur_mean": 2364.6034912718205,
            "dur_std": 377.0951005884067
        },
        "42": {
            "dur_mean": 2474.4688279301745,
            "dur_std": 390.46217441753925
        },
        "43": {
            "dur_mean": 2518.206982543641,
            "dur_std": 397.1753133707106
        },
        "44": {
            "dur_mean": 2573.6982543640897,
            "dur_std": 405.9988377100914
        },
        "45": {
            "dur_mean": 2667.1770573566087,
            "dur_std": 425.5278264371429
        },
        "46": {
            "dur_mean": 2726.6882793017458,
            "dur_std": 438.010051354169
        },
        "47": {
            "dur_mean": 2774.7755610972567,
            "dur_std": 446.52724385108564
        },
        "48": {
            "dur_mean": 2827.5810473815463,
            "dur_std": 456.0364941974493
        },
        "49": {
            "dur_mean": 2937.6109725685787,
            "dur_std": 470.98226960184155
        },
        "50": {
            "dur_mean": 3014.0149625935164,
            "dur_std": 480.55710355332496
        },
        "51": {
            "dur_mean": 3082.35,
            "dur_std": 489.16409442864415
        },
        "52": {
            "dur_mean": 3231.1175,
            "dur_std": 511.26759145179767
        },
        "53": {
            "dur_mean": 3328.884422110553,
            "dur_std": 519.0109337273219
        },
        "54": {
            "dur_mean": 3392.8065326633164,
            "dur_std": 529.2888344606116
        },
        "55": {
            "dur_mean": 3648.85175879397,
            "dur_std": 556.9525805323415
        },
        "56": {
            "dur_mean": 4170.245614035088,
            "dur_std": 1043.6131885238256
        }
    },
    "feature_eval": {
        "f_values": {
            "weather_main_Clouds": 5.198681854389218,
            "weather_main_Drizzle": 2.073442773165757,
            "weather_main_Fog": 18.480719202089144,
            "weather_main_Mist": 14.758958404456251,
            "weather_main_Rain": 0.25182623959537,
            "weather_main_Snow": 4.622537430734867,
            "weather_description_broken clouds": 4.477262561737957,
            "weather_description_few clouds": 9.861583331713746,
            "weather_description_fog": 18.480719202089144,
            "weather_description_light intensity drizzle": 0.21663429683842964,
            "weather_description_light intensity drizzle rain": 2.7397176543897177,
            "weather_description_light intensity shower rain": 3.189374228168182,
            "weather_description_light rain": 0.09667193338043903,
            "weather_description_light shower snow": 60.953845251279276,
            "weather_description_mist": 14.758958404456251,
            "weather_description_moderate rain": 23.227454312048692,
            "weather_description_overcast clouds": 1.6221845606620566,
            "weather_description_proximity shower rain": 2.3422112941860953,
            "weather_description_scattered clouds": 6.538831688617135,
            "weather_description_sky is clear": 5.717946117044992,
            "weekday_1": 3.0082392846833685,
            "weekday_2": 0.17796811175328672,
            "weekday_3": 0.0025988484430916367,
            "weekday_4": 3.0980692067826254,
            "month_2": 0.09685121591942006,
            "month_3": 2.2242981543586606,
            "month_4": 2.1409222865856843,
            "month_5": 0.34822761042924005,
            "month_6": 18.94486307278919,
            "month_7": 18.692406738999704,