{
    "rows": {
        "start": 791874,
        "route_filter": -140502,
        "nan_filter": -40520,
        "negative_dur": -5,
        "outliers": -3008,
        "end": 607839
    },
    "scr": 0.00046961585423123885,
    "stats": {
        "1": {
            "dur_mean": 0.0,
            "dur_std": 0.0
        },
        "2": {
            "dur_mean": 51.02707356739692,
            "dur_std": 45.850008104953524
        },
        "4": {
            "dur_mean": 103.03320962984108,
            "dur_std": 50.33519109608888
        },
        "5": {
            "dur_mean": 128.0651760228354,
            "dur_std": 53.017523279663976
        },
        "6": {
            "dur_mean": 147.81998097050428,
            "dur_std": 56.23262096400211
        },
        "7": {
            "dur_mean": 171.77749238964992,
            "dur_std": 59.62033220667706
        },
        "8": {
            "dur_mean": 244.5916270218839,
            "dur_std": 70.13736048040471
        },
        "9": {
            "dur_mean": 345.14986088458215,
            "dur_std": 82.193526818266
        },
        "10": {
            "dur_mean": 382.504221028396,
            "dur_std": 87.13834090211743
        },
        "11": {
            "dur_mean": 431.314335060449,
            "dur_std": 90.02227823422477
        },
        "12": {
            "dur_mean": 514.2960652591171,
            "dur_std": 100.76943720151812
        },
        "13": {
            "dur_mean": 578.4127015727653,
            "dur_std": 110.40223166459805
        },
        "14": {
            "dur_mean": 600.5975111996017,
            "dur_std": 114.09658382196501
        },
        "15": {
            "dur_mean": 713.7877405276731,
            "dur_std": 137.40387619137374
        },
        "16": {
            "dur_mean": 870.460262345679,
            "dur_std": 176.63501243860054
        },
        "17": {
            "dur_mean": 956.8323000619963,
            "dur_std": 197.24353519335182
        },
        "18": {
            "dur_mean": 993.926447736455,
            "dur_std": 201.71803422430824
        },
        "19": {
            "dur_mean": 1059.4687993265284,
            "dur_std": 209.26964095301875
        },
        "20": {
            "dur_mean": 1101.0385019987377,
            "dur_std": 213.81912445073857
        },
        "21": {
            "dur_mean": 1125.010829565766,
            "dur_std": 217.74393016938583
        },
        "22": {
            "dur_mean": 1196.5080433182632,
            "dur_std": 226.38796741708546
        },
        "23": {
            "dur_mean": 1274.1291916325029,
            "dur_std": 233.3054417831508
        },
        "24": {
            "dur_mean": 1308.0386717108029,
            "dur_std": 238.4425163573212
        },
        "25": {
            "dur_mean": 1391.3066485753052,
            "dur_std": 251.8871278241829
        },
        "26": {
            "dur_mean": 1438.487042099508,
            "dur_std": 261.691047544813
        },
        "27": {
            "dur_mean": 1528.2168256721595,
            "dur_std": 292.67862013824833
        },
        "28": {
            "dur_mean": 1546.4890891840607,
            "dur_std": 300.90013735481057
        },
        "29": {
            "dur_mean": 1576.7431036117168,
            "dur_std": 303.10372077721826
        },
        "30": {
            "dur_mean": 1590.7810281170123,
            "dur_std": 306.0299654567108
        },
        "32": {
            "dur_mean": 1743.5457556543959,
            "dur_std": 322.9532319796546
        },
        "33": {
            "dur_mean": 1824.564871016692,
            "dur_std": 332.0019500730988
        },
        "34": {
            "dur_mean": 1829.6783986339058,
            "dur_std": 334.97001731800924
        },
        "35": {
            "dur_mean": 1842.940921511354,
            "dur_std": 336.0805109964497
        },
        "36": {
            "dur_mean": 1862.830241973449,
            "dur_std": 338.91151911622654
        },
        "37": {
            "dur_mean": 1921.9913346519731,
            "dur_std": 344.69882598185535
        },
        "38": {
            "dur_mean": 1934.9338733986435,
            "dur_std": 346.9345384354359
        },
        "39": {
            "dur_mean": 1985.15,
            "dur_std": 352.1063461444529
        },
        "40": {
            "dur_mean": 2073.7119170984456,
            "dur_std": 368.37702310478585
        },
        "41": {
            "dur_mean": 2121.2249245852186,
            "dur_std": 373.0817934950697
        },
        "42": {
            "dur_mean": 2226.8599170437406,
            "dur_std": 389.2031518544972
        },
        "43": {
            "dur_mean": 2315.0512022630833,
            "dur_std": 404.08767050515
        },
        "44": {
            "dur_mean": 2390.7602113008206,
            "dur_std": 419.4998966038875
        },
        "45": {
            "dur_mean": 2475.8630744550346,
            "dur_std": 431.7695203217155
        },
        "46": {
            "dur_mean": 2516.1216916266367,
            "dur_std": 440.681030674551
        },
        "47": {
            "dur_mean": 2595.8424020298844,
            "dur_std": 458.62495988112016
        },
        "48": {
            "dur_mean": 2627.0062928524467,
            "dur_std": 459.74552160347605
        },
        "49": {
            "dur_mean": 2667.7286559594254,
            "dur_std": 466.6386314385493
        },
        "50": {
            "dur_mean": 2732.1555158804736,
            "dur_std": 476.622400305133
        },
        "51": {
            "dur_mean": 2770.799849652321,
            "dur_std": 480.9796529246943
        },
        "52": {
            "dur_mean": 2812.5295057320054,
            "dur_std": 489.0641866956902
        },
        "53": {
            "dur_mean": 2852.770177581509,
            "dur_std": 496.10971570259056
        },
        "54": {
            "dur_mean": 2925.3664129311155,
            "dur_std": 508.43644448305406
        },
        "55": {
            "dur_mean": 2985.0543130990413,
            "dur_std": 518.511099790416
        },
        "56": {
            "dur_mean": 3025.863239026224,
            "dur_std": 523.5854173184161
        },
        "57": {
            "dur_mean": 3117.0584696371498,
            "dur_std": 540.5598741089203
        },
        "58": {
            "dur_mean": 3196.8516447056595,
            "dur_std": 545.8923883870308
        },
        "59": {
            "dur_mean": 3253.012678741659,
            "dur_std": 551.7820744208542
        },
        "60": {
            "dur_mean": 3474.986702382091,
            "dur_std": 581.0433330439488
        },
        "61": {
            "dur_mean": 3728.6389183969095,
            "dur_std": 632.0376725790901
        },
        "3": {
            "dur_mean": 100.2,
            "dur_std": 44.46009446683621
        }
    },
    "feature_eval": {
        "f_values": {
            "weather_main_Clouds": 17.098170245321057,
            "weather_main_Drizzle": 28.32216168934305,
            "weather_main_Fog": 47.08082733991388,
            "weather_main_Mist": 0.06979864081640849,
            "weather_main_Rain": 20.787113673307328,
            "weather_main_Smoke": 0.00929422610530843,
            "weather_main_Snow": 25.356852093069794,
            "weather_description_broken clouds": 7.650742653952993,
            "weather_description_drizzle": 7.15669322742838,
            "weather_description_few clouds": 3.2669291636750706,
            "weather_description_fog": 47.08082733991388,
            "weather_description_light intensity drizzle": 26.49298274416009,
            "weather_description_light intensity drizzle rain": 3.274311590271036,
            "weather_description_light intensity shower rain": 19.836918593708557,
            "weather_description_light rain": 2.917348910808478,
            "weather_description_light shower snow": 16.86945249019582,