{
    "rows": {
        "start": 672,
        "route_filter": 0,
        "nan_filter": 0,
        "negative_dur": 0,
        "outliers": -4,
        "end": 668
    },
    "scr": 0.05555555555555555,
    "stats": {
        "1": {
            "dur_mean": 0.0,
            "dur_std": 0.0
        },
        "2": {
            "dur_mean": 87.27777777777777,
            "dur_std": 35.42648652791324
        },
        "3": {
            "dur_mean": 127.77777777777777,
            "dur_std": 33.02326373501593
        },
        "4": {
            "dur_mean": 203.5,
            "dur_std": 49.49420643457409
        },
        "5": {
            "dur_mean": 305.94444444444446,
            "dur_std": 45.13701001620083
        },
        "6": {
            "dur_mean": 380.8333333333333,
            "dur_std": 49.02130389222748
        },
        "7": {
            "dur_mean": 505.22222222222223,
            "dur_std": 63.729719316681496
        },
        "8": {
            "dur_mean": 641.7222222222222,
            "dur_std": 78.0563940596462
        },
        "9": {
            "dur_mean": 701.6666666666666,
            "dur_std": 75.86055318419294
        },
        "10": {
            "dur_mean": 736.6666666666666,
            "dur_std": 75.42117037792818
        },
        "11": {
            "dur_mean": 811.1666666666666,
            "dur_std": 74.93860231981283
        },
        "12": {
            "dur_mean": 853.0555555555555,
            "dur_std": 78.42679030732099
        },
        "13": {
            "dur_mean": 905.6111111111111,
            "dur_std": 72.42776432937603
        },
        "14": {
            "dur_mean": 996.7222222222222,
            "dur_std": 87.67305948509568
        },
        "15": {
            "dur_mean": 1075.0555555555557,
            "dur_std": 94.91945329793616
        },
        "16": {
            "dur_mean": 1125.611111111111,
            "dur_std": 97.23418600525525
        },
        "17": {
            "dur_mean": 1206.1666666666667,
            "dur_std": 108.29059488790553
        },
        "18": {
            "dur_mean": 1314.0,
            "dur_std": 114.22423766691654
        },
        "19": {
            "dur_mean": 1382.7777777777778,
            "dur_std": 121.71594489560546
        },
        "20": {
            "dur_mean": 1424.111111111111,
            "dur_std": 126.29698375090025
        },
        "21": {
            "dur_mean": 1529.9444444444443,
            "dur_std": 137.14632470133847
        },
        "22": {
            "dur_mean": 1622.9444444444443,
            "dur_std": 132.44109555137965
        },
        "23": {
            "dur_mean": 1714.611111111111,
            "dur_std": 140.68619184256642
        },
        "24": {
            "dur_mean": 1797.3333333333333,
            "dur_std": 144.79031491822113
        },
        "25": {
            "dur_mean": 1855.0,
            "dur_std": 147.19574802043067
        },
        "26": {
            "dur_mean": 1895.5,
            "dur_std": 148.03705815854116
        },
        "27": {
            "dur_mean": 1982.111111111111,
            "dur_std": 156.50517333636532
        },
        "28": {
            "dur_mean": 2038.5,
            "dur_std": 163.99040502778348
        },
        "29": {
            "dur_mean": 2151.0,
            "dur_std": 172.28806247267462
        },
        "30": {
            "dur_mean": 2178.222222222222,
            "dur_std": 173.89670888052228
        },
        "31": {
            "dur_mean": 2276.4444444444443,
            "dur_std": 181.86783249583206
        },
        "32": {
            "dur_mean": 2317.5,
            "dur_std": 183.79280213775255
        },
        "33": {
            "dur_mean": 2409.3888888888887,
            "dur_std": 194.79827843450195
        },
        "34": {
            "dur_mean": 2493.6111111111113,
            "dur_std": 202.2875469078285
        },
        "35": {
            "dur_mean": 2698.3333333333335,
            "dur_std": 619.2341569846343
        },
        "36": {
            "dur_mean": 2741.5555555555557,
            "dur_std": 615.0300061759036
        },
        "37": {
            "dur_mean": 2759.6111111111113,
            "dur_std": 615.0974230715659
        },
        "40": {
            "dur_mean": 3634.0,
            "dur_std": 476.0609204713195
        },
        "38": {
            "dur_mean": 2902.0,
            "dur_std": NaN
        },
        "39": {
            "dur_mean": 2986.0,
            "dur_std": NaN
        }
    },
    "feature_eval": {
        "f_values": {
            "weather_main_Drizzle": 3.843006184639296,
            "weather_main_Fog": 0.18691391787520995,
            "weather_main_Rain": 1.5513359870399062,
            "weather_description_fog": 0.18691391787520995,
            "weather_description_light intensity drizzle rain": 3.843006184639296,
            "weather_description_light rain": 1.5513359870399062,
            "weather_description_scattered clouds": 1.0962342640399954,
            "weekday_1": 0.3747018982962316,
            "weekday_2": 0.10156631491357394,
            "weekday_3": 1.5169089816635546,
            "weekday_4": 0.16518166027583916,
            "hour_8": 585.1284211407412
        },
        "correlations": {
            "daystamp": 0.00126408359974234,
            "progr_number": 0.9871078872707034,
            "arr_p": 0.891384149759631,
            "arr_a": 0.7777612785798964,
            "dep_p": 0.891384149759631,
            "dep_a": 0.775623262245475,
            "end_p": 0.09330438725566685,
            "start_p": 0.09330438725566685,
            "start_a": 0.09514745171699,
            "temp": 0.01806509827463415,
            "feels_like": -0.05325489044362977,
            "temp_min": -0.005641342642953826,
            "temp_max": -0.029911427130244157,
            "pressure": 0.047605434410443286,
            "humidity": -0.0731418670655966,
            "wind_speed": 0.07965658930952853,
            "wind_deg": 0.021649367337389737,
            "clouds_all": -0.04849688999414411,
            "dt": 0.0050881502623913765,
            "dur_s": 0.9777011354800036
        }
    },
    "modelling": {
        "XGBoost": {
            "time": 0.046872615814208984,
            "r_2": 0.9679625859314784,
            "mse": 23717.19428212995,
            "rmse": 154.00387749056824,
            "mae": 81.82703851011699
        },
        "Benchmark": {
            "r_2": 0.7430663695890384,
            "mse": 190207.1377245509,
            "rmse": 436.12743289610995,
            "mae": 296.5149700598802
        }
    },
    "features": [
        "weather_description_fog",
        "weather_description_light intensity drizzle rain",
        "weather_description_light rain",
        "weather_description_scattered clouds",
        "weekday_1",
        "weekday_2",
        "weekday_3",
        "weekday_4",
        "hour_8",
        "progr_number",
        "dur_s",
        "humidity"
    ]
}