{
    "rows": {
        "start": 41344,
        "route_filter": -24061,
        "nan_filter": -713,
        "negative_dur": 0,
        "outliers": -118,
        "end": 16452
    },
    "scr": 0.0028653295128939827,
    "stats": {
        "1": {
            "dur_mean": 0.0,
            "dur_std": 0.0
        },
        "2": {
            "dur_mean": 162.91954022988506,
            "dur_std": 52.5254363281208
        },
        "3": {
            "dur_mean": 188.20916905444125,
            "dur_std": 55.15374880858851
        },
        "4": {
            "dur_mean": 257.67621776504296,
            "dur_std": 66.1544347087223
        },
        "5": {
            "dur_mean": 276.7994269340974,
            "dur_std": 69.9082313055362
        },
        "6": {
            "dur_mean": 318.4568965517241,
            "dur_std": 73.73533856998023
        },
        "7": {
            "dur_mean": 362.9396551724138,
            "dur_std": 81.73291945858591
        },
        "8": {
            "dur_mean": 395.93982808022923,
            "dur_std": 86.67603402719233
        },
        "9": {
            "dur_mean": 457.25501432664754,
            "dur_std": 93.76229886721389
        },
        "10": {
            "dur_mean": 514.2722063037249,
            "dur_std": 101.71451399615769
        },
        "11": {
            "dur_mean": 553.1752873563219,
            "dur_std": 106.21597685428625
        },
        "12": {
            "dur_mean": 641.8796561604585,
            "dur_std": 120.62050951154188
        },
        "13": {
            "dur_mean": 808.5329512893983,
            "dur_std": 182.48469366658318
        },
        "14": {
            "dur_mean": 910.5186246418339,
            "dur_std": 204.91915373121918
        },
        "15": {
            "dur_mean": 1141.3764367816093,
            "dur_std": 253.99458619784482
        },
        "16": {
            "dur_mean": 1182.283185840708,
            "dur_std": 259.9982636159547
        },
        "18": {
            "dur_mean": 1433.967845659164,
            "dur_std": 301.2349831805653
        },
        "19": {
            "dur_mean": 1632.9292604501609,
            "dur_std": 324.808730037858
        },
        "20": {
            "dur_mean": 1818.6495176848875,
            "dur_std": 367.8195770782527
        },
        "21": {
            "dur_mean": 2229.8081761006288,
            "dur_std": 453.3431555844589
        },
        "22": {
            "dur_mean": 2290.645259938838,
            "dur_std": 463.0274834829913
        },
        "23": {
            "dur_mean": 2428.83081570997,
            "dur_std": 481.6631116331419
        },
        "24": {
            "dur_mean": 2521.4764705882353,
            "dur_std": 494.41536289556433
        },
        "25": {
            "dur_mean": 2708.468023255814,
            "dur_std": 503.18102292480154
        },
        "26": {
            "dur_mean": 2797.7877906976746,
            "dur_std": 508.1647522972452
        },
        "27": {
            "dur_mean": 2873.7601156069363,
            "dur_std": 510.87644806472827
        },
        "28": {
            "dur_mean": 4206.2406015037595,
            "dur_std": 508.1065885311136
        },
        "29": {
            "dur_mean": 4224.537572254335,
            "dur_std": 492.49866606937957
        },
        "30": {
            "dur_mean": 4261.702380952381,
            "dur_std": 534.1440510249126
        },
        "31": {
            "dur_mean": 4237.918032786885,
            "dur_std": 537.0308324200777
        },
        "32": {
            "dur_mean": 4229.357575757575,
            "dur_std": 546.7976065335533
        },
        "33": {
            "dur_mean": 4279.368580060423,
            "dur_std": 551.2380529406472
        },
        "34": {
            "dur_mean": 4322.3825301204815,
            "dur_std": 551.0817991016688
        },
        "35": {
            "dur_mean": 4376.942771084337,
            "dur_std": 551.067346410501
        },
        "36": {
            "dur_mean": 4416.356495468278,
            "dur_std": 552.1665315703849
        },
        "37": {
            "dur_mean": 4453.063444108761,
            "dur_std": 552.4013354044205
        },
        "38": {
            "dur_mean": 4502.588424437299,
            "dur_std": 551.3623868854546
        },
        "39": {
            "dur_mean": 4850.5,
            "dur_std": 608.8468018595125
        },
        "40": {
            "dur_mean": 4973.0583090379005,
            "dur_std": 583.611469615966
        },
        "41": {
            "dur_mean": 5022.148688046647,
            "dur_std": 585.8167323567093
        },
        "42": {
            "dur_mean": 5062.962209302325,
            "dur_std": 586.8199631246669
        },
        "43": {
            "dur_mean": 5095.936046511628,
            "dur_std": 586.8500352117704
        },
        "44": {
            "dur_mean": 5134.622093023256,
            "dur_std": 587.6062396890915
        },
        "45": {
            "dur_mean": 5193.628985507246,
            "dur_std": 599.561754946567
        },
        "46": {
            "dur_mean": 5212.176811594203,
            "dur_std": 600.1997928366852
        },
        "47": {
            "dur_mean": 5228.675362318841,
            "dur_std": 601.1912874214435
        },
        "48": {
            "dur_mean": 5254.507246376812,
            "dur_std": 601.8615072671581
        },
        "49": {
            "dur_mean": 5286.267441860465,
            "dur_std": 602.3924299296809
        },
        "50": {
            "dur_mean": 5338.566860465116,
            "dur_std": 603.532710899728
        },
        "51": {
            "dur_mean": 5390.122093023256,
            "dur_std": 602.57381114501
        },
        "52": {
            "dur_mean": 5288.572916666667,
            "dur_std": 534.9210024271989
        },
        "17": {
            "dur_mean": 1278.3333333333333,
            "dur_std": 149.53371972011306
        }
    },
    "feature_eval": {
        "f_values": {
            "weather_main_Clouds": 1.2283319099351049,
            "weather_main_Drizzle": 0.09511611649304896,
            "weather_main_Mist": 0.04683512303882435,
            "weather_main_Rain": 4.229350463628254,
            "weather_main_Snow": 17.88966531967919,
            "weather_description_few clouds": 0.4084506566910484,
            "weather_description_light intensity drizzle": 3.9516702180444594,
            "weather_description_light intensity drizzle rain": 4.400715400123932,
            "weather_description_light intensity shower rain": 14.078453225685921,
            "weather_description_light rain": 10.192281066838115,
            "weather_description_light shower snow": 17.88966531967919,
            "weather_description_mist": 0.04683512303882435,
            "weather_description_moderate rain": 0.04633661846829346,
            "weather_description_overcast clouds": 4.406671103266682,
            "weather_description_proximity shower rain": 5.835000517700466,
            "weather_description_scattered clouds": 4.4452669359569,
            "weather_description_sky is clear": 0.02435383295600429,
            "weekday_1": 7.116166114045156,
            "weekday_2": 1.1086827296553419,
            "weekday_3": 18.597637690793896,
            "weekday_4": 2.3323424282586736,
            "month_3": 0.21739070333453964,
            "month_4": 0.8036869656505675,
            "month_5": 0.13633068392394224,
            "month_6": 6.150296828468786,
            "month_7": 3.9745622004603023,
            "month_8": 6.582102384988968,
            "month_9": 2.0964500659758993,
            "month_10": 0.2775616020190704,
            "month_11": 43.3739090904524,
            "hour_18": 43112.129807962156
        },
        "correlations": {
            "daystamp": 0.03040013619282998,
            "progr_number": 0.9584021828377343,
            "arr_p": 0.891444813359505,
            "arr_a": 0.9163251226326607,