{
    "rows": {
        "start": 44723,
        "route_filter": -29059,
        "nan_filter": -2598,
        "negative_dur": 0,
        "outliers": -175,
        "end": 12891
    },
    "scr": 0.0040650406504065045,
    "stats": {
        "1": {
            "dur_mean": 0.0,
            "dur_std": 0.0
        },
        "2": {
            "dur_mean": 31.200819672131146,
            "dur_std": 11.73267604648523
        },
        "3": {
            "dur_mean": 124.67886178861788,
            "dur_std": 41.32798769021558
        },
        "4": {
            "dur_mean": 223.25254582484726,
            "dur_std": 44.33307799747316
        },
        "5": {
            "dur_mean": 260.1991869918699,
            "dur_std": 49.62746102029982
        },
        "6": {
            "dur_mean": 360.4530612244898,
            "dur_std": 61.28980773776364
        },
        "7": {
            "dur_mean": 397.61310782241014,
            "dur_std": 62.5013253881756
        },
        "8": {
            "dur_mean": 473.82077393075355,
            "dur_std": 73.6485896079249
        },
        "9": {
            "dur_mean": 637.2403258655804,
            "dur_std": 81.54057011443734
        },
        "10": {
            "dur_mean": 654.1303462321792,
            "dur_std": 83.37448904890267
        },
        "16": {
            "dur_mean": 2529.8261802575107,
            "dur_std": 395.00279275071216
        },
        "17": {
            "dur_mean": 2857.4518828451883,
            "dur_std": 401.01667545148064
        },
        "18": {
            "dur_mean": 2958.679166666667,
            "dur_std": 409.9076187783026
        },
        "19": {
            "dur_mean": 3200.2355371900826,
            "dur_std": 429.7794252232876
        },
        "20": {
            "dur_mean": 3265.188016528926,
            "dur_std": 433.023354388838
        },
        "21": {
            "dur_mean": 3341.3243801652893,
            "dur_std": 436.58405348854023
        },
        "22": {
            "dur_mean": 3396.0764462809916,
            "dur_std": 438.3840459957664
        },
        "23": {
            "dur_mean": 3439.914937759336,
            "dur_std": 439.4890662110026
        },
        "24": {
            "dur_mean": 3476.7738589211617,
            "dur_std": 443.3839171939393
        },
        "25": {
            "dur_mean": 3519.6016597510375,
            "dur_std": 446.69758316790825
        },
        "26": {
            "dur_mean": 3585.697095435685,
            "dur_std": 446.5384576145263
        },
        "27": {
            "dur_mean": 3627.435684647303,
            "dur_std": 446.10147383859294
        },
        "28": {
            "dur_mean": 3695.0622406639004,
            "dur_std": 449.84210242702596
        },
        "29": {
            "dur_mean": 3764.383817427386,
            "dur_std": 451.1208217640325
        },
        "30": {
            "dur_mean": 3826.1656184486374,
            "dur_std": 453.57747412532837
        },
        "31": {
            "dur_mean": 3901.30607966457,
            "dur_std": 452.7751619677175
        },
        "32": {
            "dur_mean": 4194.8976545842215,
            "dur_std": 588.2800605782712
        },
        "14": {
            "dur_mean": 1584.9166666666667,
            "dur_std": 684.9327051660334
        },
        "13": {
            "dur_mean": 1445.5,
            "dur_std": 146.9841261270527
        },
        "15": {
            "dur_mean": 1924.0,
            "dur_std": 74.95331880577403
        }
    },
    "feature_eval": {
        "f_values": {
            "weather_main_Clouds": 19.16526208017417,
            "weather_main_Drizzle": 35.878275107673154,
            "weather_main_Fog": 2.4047448935891635,
            "weather_main_Mist": 7.924050208506847,
            "weather_main_Rain": 7.037619249757236,
            "weather_main_Snow": 14.137076152041361,
            "weather_description_few clouds": 5.208353633274699,
            "weather_description_fog": 2.4047448935891635,
            "weather_description_light intensity drizzle": 11.65068978085852,
            "weather_description_light intensity drizzle rain": 23.8816667990239,
            "weather_description_light intensity shower rain": 0.6056210667187446,
            "weather_description_light rain": 5.905701502964527,
            "weather_description_light shower snow": 14.137076152041361,
            "weather_description_mist": 7.924050208506847,
            "weather_description_overcast clouds": 4.289634152481392,
            "weather_description_proximity shower rain": 22.212936056196444,
            "weather_description_scattered clouds": 15.563479619874087,
            "weather_description_sky is clear": 5.381089742796985,
            "weekday_1": 0.10891055545232418,
            "weekday_2": 5.263390833867975,
            "weekday_3": 0.7235581539859566,
            "weekday_4": 3.049816897314557,
            "month_3": 1.2133191925179956,
            "month_4": 1.0003614907306542,
            "month_5": 0.32528432201657753,
            "month_6": 1.064844676401427,
            "month_7": 6.216399197152735,
            "month_8": 12.006667906130136,
            "month_9": 1.0860062724328416,
            "month_10": 3.8714527053584344,
            "month_11": 3.425523309229013,
            "month_12": 3.089636129406107,
            "hour_8": 77292.96199865412
        },
        "correlations": {
            "daystamp": 0.02080784356140608,
            "progr_number": 0.9581532499428703,
            "arr_p": 0.9465833137125809,
            "arr_a": 0.9763164784386937,
            "dep_p": 0.9465833137125809,
            "dep_a": 0.9764414906457028,
            "end_p": 0.005371955871776117,
            "start_p": -0.008477266464261444,
            "start_a": -0.0030078969186899986,
            "temp": 0.052322620037706186,
            "feels_like": 0.01927695927240423,
            "temp_min": 0.04123421288861293,
            "temp_max": 0.038498405558823535,
            "pressure": 0.015883058594480547,
            "humidity": -0.16646423858743084,
            "wind_speed": 0.06207613901552654,
            "wind_deg": -0.010810424765095233,
            "clouds_all": -0.04383783347464156,
            "dt": 0.020977372082790807,
            "dur_s": 0.9735927260496815
        }
    },
    "modelling": {
        "XGBoost": {
            "time": 1.1718783378601074,
            "r_2": 0.9900061416732014,
            "mse": 24468.133049787393,
            "rmse": 156.42293006393723,
            "mae": 104.96236535989088
        },
        "Benchmark": {
            "r_2": 0.8952287212295377,
            "mse": 256513.3009618368,
            "rmse": 506.4714216634901,
            "mae": 333.7161030096184
        }
    },
    "features": [
        "weather_description_few clouds",
        "weather_description_fog",
        "weather_description_light intensity drizzle",
        "weather_description_light intensity drizzle rain",
        "weather_description_light intensity shower rain",
        "weather_description_light rain",
        "weather_description_light shower snow",
        "weather_description_mist",
        "weather_description_overcast clouds",
        "weather_description_proximity shower rain",
        "weather_description_scattered clouds",
        "weather_description_sky is clear",
        "weekday_1",
        "weekday_2",
        "weekday_3",
        "weekday_4",
        "month_3",
        "month_4",
        "month_5",
        "month_6",
        "month_7",
        "month_8",
        "month_9",
        "month_10",
        "month_11",
        "month_12",
        "hour_8",
        "progr_number",
        "dur_s",
        "humidity"
    ]
}