{
    "rows": {
        "start": 730281,
        "route_filter": 0,
        "nan_filter": -26273,
        "negative_dur": -104,
        "outliers": -5229,
        "end": 698675
    },
    "scr": 0.00016701461377870565,
    "stats": {
        "1": {
            "dur_mean": 0.0,
            "dur_std": 0.0
        },
        "2": {
            "dur_mean": 62.724236082042694,
            "dur_std": 45.574352108744264
        },
        "3": {
            "dur_mean": 136.77444742129939,
            "dur_std": 50.559432822049764
        },
        "4": {
            "dur_mean": 164.43889167922316,
            "dur_std": 57.32383236750752
        },
        "5": {
            "dur_mean": 206.11436704621568,
            "dur_std": 59.20688779021523
        },
        "6": {
            "dur_mean": 243.43274462208086,
            "dur_std": 62.637809033904404
        },
        "7": {
            "dur_mean": 287.59192900200935,
            "dur_std": 67.16145767326505
        },
        "8": {
            "dur_mean": 333.8817375292936,
            "dur_std": 73.47392281951511
        },
        "9": {
            "dur_mean": 392.65126402142977,
            "dur_std": 85.89547473421946
        },
        "10": {
            "dur_mean": 432.3501632755589,
            "dur_std": 94.53149183747566
        },
        "11": {
            "dur_mean": 481.5905320485966,
            "dur_std": 106.91796532722435
        },
        "12": {
            "dur_mean": 636.539402060129,
            "dur_std": 155.13997643219213
        },
        "13": {
            "dur_mean": 676.6281192430079,
            "dur_std": 160.7774266264294
        },
        "14": {
            "dur_mean": 688.7404739971527,
            "dur_std": 164.5210643977317
        },
        "16": {
            "dur_mean": 765.733355693443,
            "dur_std": 173.94235341641885
        },
        "22": {
            "dur_mean": 900.3587786259542,
            "dur_std": 187.16533993182796
        },
        "23": {
            "dur_mean": 993.944043624161,
            "dur_std": 196.9399205327504
        },
        "24": {
            "dur_mean": 1089.6830495680617,
            "dur_std": 209.25623219710752
        },
        "25": {
            "dur_mean": 1128.9854075813485,
            "dur_std": 213.3205662038286
        },
        "26": {
            "dur_mean": 1160.6999245409575,
            "dur_std": 218.00476077239878
        },
        "27": {
            "dur_mean": 1236.3066029830736,
            "dur_std": 238.51633170015154
        },
        "28": {
            "dur_mean": 1256.796164475337,
            "dur_std": 240.4000744613714
        },
        "29": {
            "dur_mean": 1284.8648965575005,
            "dur_std": 243.25364779422966
        },
        "30": {
            "dur_mean": 1300.3249037012226,
            "dur_std": 245.39726339305525
        },
        "31": {
            "dur_mean": 1369.243888144675,
            "dur_std": 253.69832716941633
        },
        "32": {
            "dur_mean": 1400.9639926310501,
            "dur_std": 257.8204667184947
        },
        "33": {
            "dur_mean": 1447.8344642707548,
            "dur_std": 269.7570903796669
        },
        "34": {
            "dur_mean": 1480.227508795443,
            "dur_std": 277.75891208630975
        },
        "35": {
            "dur_mean": 1511.0133188138716,
            "dur_std": 284.21475869388104
        },
        "36": {
            "dur_mean": 1538.4654045903837,
            "dur_std": 287.02415910080197
        },
        "37": {
            "dur_mean": 1557.139889428715,
            "dur_std": 289.3835021063468
        },
        "38": {
            "dur_mean": 1573.1783380800805,
            "dur_std": 290.85929681757585
        },
        "39": {
            "dur_mean": 1603.7466074719384,
            "dur_std": 294.9023963051779
        },
        "40": {
            "dur_mean": 1664.2531412296867,
            "dur_std": 307.4334050946363
        },
        "41": {
            "dur_mean": 1825.247863963813,
            "dur_std": 334.65108277681844
        },
        "42": {
            "dur_mean": 1882.740573152338,
            "dur_std": 342.31362008956796
        },
        "43": {
            "dur_mean": 1953.6788706434315,
            "dur_std": 354.549362027418
        },
        "44": {
            "dur_mean": 1999.368566638726,
            "dur_std": 358.25488977845225
        },
        "45": {
            "dur_mean": 2053.858184561227,
            "dur_std": 367.38315567257956
        },
        "46": {
            "dur_mean": 2130.478002178832,
            "dur_std": 379.03173783548567
        },
        "47": {
            "dur_mean": 2187.1400670578373,
            "dur_std": 385.4364137148282
        },
        "48": {
            "dur_mean": 2203.5287905456375,
            "dur_std": 388.1030467871074
        },
        "49": {
            "dur_mean": 2266.123459894393,
            "dur_std": 401.2679410714655
        },
        "50": {
            "dur_mean": 2295.632576075111,
            "dur_std": 404.531565857427
        },
        "51": {
            "dur_mean": 2352.919104702825,
            "dur_std": 412.84174479917783
        },
        "52": {
            "dur_mean": 2401.269472625136,
            "dur_std": 420.3698835550454
        },
        "53": {
            "dur_mean": 2477.221924012413,
            "dur_std": 431.9115218693034
        },
        "54": {
            "dur_mean": 2516.65288493794,
            "dur_std": 441.32324930160945
        },
        "55": {
            "dur_mean": 2546.8796443848023,
            "dur_std": 445.3166291627023
        },
        "56": {
            "dur_mean": 2590.0063094136453,
            "dur_std": 452.51956175550515
        },
        "57": {
            "dur_mean": 2675.915432514305,
            "dur_std": 464.33899326422033
        },
        "58": {
            "dur_mean": 2722.537270738684,
            "dur_std": 471.46983257479786
        },
        "59": {
            "dur_mean": 2770.1933204340876,
            "dur_std": 479.15640292905965
        },
        "60": {
            "dur_mean": 2826.9201581692746,
            "dur_std": 487.4786097573723
        },
        "61": {
            "dur_mean": 2869.8404299991603,
            "dur_std": 494.61296480196825
        },
        "62": {
            "dur_mean": 2916.2711935538023,
            "dur_std": 502.24056375499885
        },
        "63": {
            "dur_mean": 2980.5308486527324,
            "dur_std": 512.742747709319
        },
        "64": {
            "dur_mean": 3014.666974402014,
            "dur_std": 521.416222737422
        },
        "65": {
            "dur_mean": 3193.6188837599666,
            "dur_std": 609.2662664582247
        },
        "17": {
            "dur_mean": 670.1428571428571,
            "dur_std": 99.5212348721427
        },
        "19": {
            "dur_mean": 984.6,
            "dur_std": 90.79537433151536
        },
        "21": {
            "dur_mean": 974.0,
            "dur_std": 291.2318663882783
        },
        "15": {
            "dur_mean": 855.6666666666666,
            "dur_std": 112.60698616574966
        },
        "18": {
            "dur_mean": 805.8571428571429,
            "dur_std": 146.72782607622506
        },
        "20": {
            "dur_mean": 1032.0,
            "dur_std": 500.63160108007565
        }
    },
    "feature_eval": {
        "f_values": {
            "weather_main_Clouds": 130.65049633459756,
            "weather_main_Drizzle": 28.544852320879308,
            "weather_main_Fog": 81.18200476546632,
            "weather_main_Mist": 4.553551065835921,
            "weather_main_Rain": 19.51141000367357,
            "weather_main_Smoke": 0.0016121949494735364,
            "weather_main_Snow": 74.5398510220914,
            "weather_description_broken clouds": 57.6284641572264,
            "weather_description_drizzle": 12.826190957202478,