{
    "rows": {
        "start": 5484,
        "route_filter": 0,
        "nan_filter": -28,
        "negative_dur": 0,
        "outliers": -137,
        "end": 5319
    },
    "scr": 0.702247191011236,
    "stats": {
        "1": {
            "dur_mean": 0.0,
            "dur_std": 0.0
        },
        "2": {
            "dur_mean": 427.864,
            "dur_std": 173.15629449309847
        },
        "3": {
            "dur_mean": 449.0,
            "dur_std": 164.89185896633657
        },
        "4": {
            "dur_mean": 534.9651162790698,
            "dur_std": 167.85296738232162
        },
        "5": {
            "dur_mean": 607.04,
            "dur_std": 172.66059857086844
        },
        "6": {
            "dur_mean": 682.5314285714286,
            "dur_std": 173.4025543227337
        },
        "7": {
            "dur_mean": 712.0056818181819,
            "dur_std": 172.93561137550063
        },
        "8": {
            "dur_mean": 1274.8977272727273,
            "dur_std": 219.41212571116236
        },
        "9": {
            "dur_mean": 1368.2556818181818,
            "dur_std": 228.79150201898648
        },
        "10": {
            "dur_mean": 1490.721590909091,
            "dur_std": 251.69241271218948
        },
        "11": {
            "dur_mean": 1570.8863636363637,
            "dur_std": 264.22896702100434
        },
        "12": {
            "dur_mean": 1686.5485714285714,
            "dur_std": 271.8826164174834
        },
        "13": {
            "dur_mean": 1809.0,
            "dur_std": 278.5548915136959
        },
        "14": {
            "dur_mean": 1903.1875,
            "dur_std": 308.1616534269914
        },
        "15": {
            "dur_mean": 1954.6420454545455,
            "dur_std": 309.2053081124822
        },
        "16": {
            "dur_mean": 2169.4745762711864,
            "dur_std": 316.1596631270312
        },
        "17": {
            "dur_mean": 2234.6610169491523,
            "dur_std": 318.12616905497777
        },
        "18": {
            "dur_mean": 2254.9209039548023,
            "dur_std": 321.8364111259802
        },
        "19": {
            "dur_mean": 2336.9661016949153,
            "dur_std": 336.06878182464857
        },
        "20": {
            "dur_mean": 2430.553672316384,
            "dur_std": 340.8418866647517
        },
        "21": {
            "dur_mean": 2475.762711864407,
            "dur_std": 344.2233355512937
        },
        "22": {
            "dur_mean": 2520.135593220339,
            "dur_std": 347.83107794264544
        },
        "23": {
            "dur_mean": 2562.7457627118642,
            "dur_std": 348.7251584450304
        },
        "24": {
            "dur_mean": 2730.406779661017,
            "dur_std": 354.3431239621133
        },
        "25": {
            "dur_mean": 2765.700564971751,
            "dur_std": 355.89760984426516
        },
        "26": {
            "dur_mean": 2795.9829545454545,
            "dur_std": 342.9125248628171
        },
        "27": {
            "dur_mean": 2953.7133757961783,
            "dur_std": 353.53660186521387
        },
        "28": {
            "dur_mean": 2976.624203821656,
            "dur_std": 354.5471726238244
        },
        "29": {
            "dur_mean": 2994.4076433121018,
            "dur_std": 356.30795444775544
        },
        "30": {
            "dur_mean": 3019.8471337579617,
            "dur_std": 358.28008248820873
        },
        "31": {
            "dur_mean": 3078.9108280254777,
            "dur_std": 373.3437162440602
        },
        "32": {
            "dur_mean": 3134.0324675324673,
            "dur_std": 413.40893392788195
        }
    },
    "feature_eval": {
        "f_values": {
            "weather_main_Drizzle": 1.406353789961881,
            "weather_main_Fog": 0.6304325334947524,
            "weather_main_Mist": 0.8710509355097863,
            "weather_main_Rain": 0.2559787519293526,
            "weather_main_Snow": 0.6285277835632056,
            "weather_description_few clouds": 5.7260925050238685,
            "weather_description_fog": 0.6304325334947524,
            "weather_description_light intensity drizzle": 0.007579362720966427,
            "weather_description_light intensity drizzle rain": 3.591258363997141,
            "weather_description_light intensity shower rain": 0.10803026531968707,
            "weather_description_light rain": 0.32336263077151456,
            "weather_description_light shower snow": 0.6285277835632056,
            "weather_description_mist": 0.8710509355097863,
            "weather_description_moderate rain": 1.9709236840133237,
            "weather_description_overcast clouds": 3.0214749089876323,
            "weather_description_proximity shower rain": 0.00023221309372779584,
            "weather_description_scattered clouds": 0.0014060919535685249,
            "weekday_1": 0.8061495943526877,
            "weekday_2": 2.3101742910234564,
            "weekday_3": 4.06724533242556,
            "weekday_4": 0.011437743769149602,
            "month_2": 1.8771773586546567,
            "month_3": 10.95720897834547,
            "month_4": 0.01700705327945297,
            "month_5": 6.946959479438098,
            "month_6": 1.005103431682376,
            "month_9": 1.9521030172565876,
            "month_10": 6.707646464385659,
            "month_11": 8.208454662495237,
            "month_12": 1.9612309140023134,
            "hour_18": 507.16764111387744
        },
        "correlations": {
            "daystamp": 0.03539618919735324,
            "progr_number": 0.9504207797346353,
            "arr_p": 0.9238132087379706,
            "arr_a": 0.9946467361537162,
            "dep_p": 0.9238132087379706,
            "dep_a": 0.9946960247926283,
            "end_p": -0.04403427057579007,
            "start_p": NaN,
            "start_a": -0.02958616261306622,
            "temp": -0.02581871043266309,
            "feels_like": 0.0022279480705600613,
            "temp_min": -0.02299704989277151,
            "temp_max": -0.017561773309790172,
            "pressure": 0.004461318780782384,
            "humidity": 0.07712754864180119,
            "wind_speed": -0.06889016892977727,
            "wind_deg": -0.00987300429287864,
            "clouds_all": -0.037739139169147694,
            "dt": 0.03548192101509425,
            "dur_s": 0.9238132087379695
        }
    },
    "modelling": {
        "XGBoost": {
            "time": 0.359375,
            "r_2": 0.9934648908560707,
            "mse": 5745.237899319157,
            "rmse": 75.79734757443137,
            "mae": 48.07920349083449
        },
        "Benchmark": {
            "r_2": 0.8514557268310416,
            "mse": 130590.34962406015,
            "rmse": 361.3728678582001,
            "mae": 275.6639097744361
        }
    },
    "features": [
        "weather_description_few clouds",
        "weather_description_fog",
        "weather_description_light intensity drizzle",
        "weather_description_light intensity drizzle rain",
        "weather_description_light intensity shower rain",
        "weather_description_light rain",
        "weather_description_light shower snow",
        "weather_description_mist",
        "weather_description_moderate rain",
        "weather_description_overcast clouds",
        "weather_description_proximity shower rain",
        "weather_description_scattered clouds",
        "weekday_1",
        "weekday_2",
        "weekday_3",
        "weekday_4",
        "month_2",
        "month_3",
        "month_4",
        "month_5",
        "month_6",
        "month_9",
        "month_10",
        "month_11",
        "month_12",
        "hour_18",
        "progr_number",
        "dur_s",
        "humidity"
    ]
}