{
    "rows": {
        "start": 395527,
        "route_filter": -24234,
        "nan_filter": -14416,
        "negative_dur": -10,
        "outliers": -2871,
        "end": 353996
    },
    "scr": 0.956804985129585,
    "stats": {
        "1": {
            "dur_mean": 0.0,
            "dur_std": 0.0
        },
        "2": {
            "dur_mean": 75.51032877509456,
            "dur_std": 93.69529366876115
        },
        "3": {
            "dur_mean": 185.12222551050607,
            "dur_std": 106.15674801438874
        },
        "4": {
            "dur_mean": 204.79007071302297,
            "dur_std": 107.31935754705242
        },
        "5": {
            "dur_mean": 317.80429348625205,
            "dur_std": 119.62528413798094
        },
        "6": {
            "dur_mean": 340.07467293840955,
            "dur_std": 123.17292896651135
        },
        "7": {
            "dur_mean": 393.54632918886915,
            "dur_std": 131.13220934801663
        },
        "8": {
            "dur_mean": 524.0948967889908,
            "dur_std": 164.66617786629192
        },
        "9": {
            "dur_mean": 598.1713187126174,
            "dur_std": 177.49028226811132
        },
        "10": {
            "dur_mean": 664.5627046263345,
            "dur_std": 184.1721807814018
        },
        "11": {
            "dur_mean": 733.904403409091,
            "dur_std": 200.74090307337272
        },
        "12": {
            "dur_mean": 815.8124022187455,
            "dur_std": 210.1120738528316
        },
        "13": {
            "dur_mean": 856.3143750888668,
            "dur_std": 212.7541363023252
        },
        "14": {
            "dur_mean": 911.0125177809389,
            "dur_std": 216.07487877207902
        },
        "15": {
            "dur_mean": 928.6153627311522,
            "dur_std": 217.29393554174874
        },
        "16": {
            "dur_mean": 979.0657090029868,
            "dur_std": 219.3384160929718
        },
        "17": {
            "dur_mean": 1066.52728823195,
            "dur_std": 237.46785448431632
        },
        "18": {
            "dur_mean": 1098.3571327182399,
            "dur_std": 241.4152490347447
        },
        "19": {
            "dur_mean": 1146.959511294218,
            "dur_std": 252.41621003621748
        },
        "20": {
            "dur_mean": 1180.0457256461232,
            "dur_std": 262.3620593808804
        },
        "21": {
            "dur_mean": 1212.1677318562704,
            "dur_std": 267.0008652811667
        },
        "22": {
            "dur_mean": 1240.2743928419259,
            "dur_std": 269.3163065863782
        },
        "23": {
            "dur_mean": 1259.3537849737254,
            "dur_std": 271.98891232248417
        },
        "24": {
            "dur_mean": 1275.3527907967618,
            "dur_std": 273.20208753706646
        },
        "25": {
            "dur_mean": 1306.0404829545455,
            "dur_std": 276.0380054641528
        },
        "26": {
            "dur_mean": 1371.9324151639926,
            "dur_std": 289.3865795456536
        },
        "27": {
            "dur_mean": 1536.9639204545454,
            "dur_std": 315.22346706118964
        },
        "28": {
            "dur_mean": 1599.3991184416323,
            "dur_std": 322.07701063335367
        },
        "29": {
            "dur_mean": 1676.7939419795223,
            "dur_std": 332.2757418159435
        },
        "30": {
            "dur_mean": 1725.140193566752,
            "dur_std": 335.1818230552891
        },
        "31": {
            "dur_mean": 1783.3864218616568,
            "dur_std": 343.96278700164993
        },
        "32": {
            "dur_mean": 1862.4913179618559,
            "dur_std": 354.8985098714182
        },
        "33": {
            "dur_mean": 1921.4801423487545,
            "dur_std": 361.0281275284826
        },
        "34": {
            "dur_mean": 1939.695187927107,
            "dur_std": 363.51169858012355
        },
        "35": {
            "dur_mean": 2005.2276607854296,
            "dur_std": 374.8895739397759
        },
        "36": {
            "dur_mean": 2035.763877028181,
            "dur_std": 378.51782665034176
        },
        "37": {
            "dur_mean": 2094.877207977208,
            "dur_std": 385.4871854679915
        },
        "38": {
            "dur_mean": 2145.56630109671,
            "dur_std": 393.02013576995313
        },
        "39": {
            "dur_mean": 2223.817015818726,
            "dur_std": 402.85083703487857
        },
        "40": {
            "dur_mean": 2264.660396180704,
            "dur_std": 408.1562881396103
        },
        "41": {
            "dur_mean": 2295.4925181701583,
            "dur_std": 412.39476835011294
        },
        "42": {
            "dur_mean": 2339.568487274807,
            "dur_std": 419.69412055148206
        },
        "43": {
            "dur_mean": 2427.473413379074,
            "dur_std": 432.4436729144382
        },
        "44": {
            "dur_mean": 2476.8658274924906,
            "dur_std": 437.95742114854346
        },
        "45": {
            "dur_mean": 2526.3393393393394,
            "dur_std": 444.1445351447366
        },
        "46": {
            "dur_mean": 2586.258941344778,
            "dur_std": 453.7919872996054
        },
        "47": {
            "dur_mean": 2630.892377961747,
            "dur_std": 459.2442478770253
        },
        "48": {
            "dur_mean": 2680.7228005133325,
            "dur_std": 466.31328313360257
        },
        "49": {
            "dur_mean": 2748.0115532734276,
            "dur_std": 477.1504644997756
        },
        "50": {
            "dur_mean": 2784.8180781294554,
            "dur_std": 485.7741839603287
        },
        "51": {
            "dur_mean": 2942.930129759019,
            "dur_std": 527.805593381114
        }
    },
    "feature_eval": {
        "f_values": {
            "weather_main_Clouds": 0.0848611874873695,
            "weather_main_Drizzle": 1.084626655641781,
            "weather_main_Fog": 23.620352841548748,
            "weather_main_Mist": 0.11673745158960448,
            "weather_main_Rain": 17.44429514505324,
            "weather_main_Smoke": 4.251729293310552,
            "weather_main_Snow": 1.8062787199657084,
            "weather_description_broken clouds": 0.021312741518116195,
            "weather_description_drizzle": 1.3643897698812784,
            "weather_description_few clouds": 3.0913725340178146,
            "weather_description_fog": 23.620352841548748,
            "weather_description_heavy intensity rain": 1.3070510033030502,
            "weather_description_light intensity drizzle": 1.2830063771774782,
            "weather_description_light intensity drizzle rain": 0.2497380673865166,
            "weather_description_light intensity shower rain": 10.946001371783204,
            "weather_description_light rain": 0.005819140611702055,
            "weather_description_light shower snow": 1.9710470231737738,
            "weather_description_light snow": 23.140396038375968,
            "weather_description_mist": 0.11673745158960448,
            "weather_description_moderate rain": 3.4071350219006904,
            "weather_description_overcast clouds": 25.585793356485876,
            "weather_description_proximity shower rain": 43.178416347678805,
            "weather_description_rain and drizzle": 13.490397241739924,
            "weather_description_scattered clouds": 8.837439575642977,
            "weather_description_sky is clear": 36.68397691324456,
            "weather_description_smoke": 4.251729293310552,
            "weekday_1": 6.64492261756244,
            "weekday_2": 45.38858871374787,
            "weekday_3": 178.77654514142034,
            "weekday_4": 116.19894795528015,
            "weekday_5": 340.0781381215807,
            "weekday_6": 438.48810988019466,
            "month_2": 25.532535637284738,