{
    "rows": {
        "start": 457034,
        "route_filter": -17466,
        "nan_filter": -14758,
        "negative_dur": -31,
        "outliers": -2851,
        "end": 421928
    },
    "scr": 0.9674612183125236,
    "stats": {
        "1": {
            "dur_mean": 0.0,
            "dur_std": 0.0
        },
        "2": {
            "dur_mean": 206.44779270633398,
            "dur_std": 67.2083523255156
        },
        "3": {
            "dur_mean": 264.3215396578538,
            "dur_std": 77.7474562904511
        },
        "4": {
            "dur_mean": 320.3895699552442,
            "dur_std": 83.7593845720153
        },
        "5": {
            "dur_mean": 359.54481819949444,
            "dur_std": 88.9611348406501
        },
        "6": {
            "dur_mean": 443.1707695289785,
            "dur_std": 99.83666823449873
        },
        "7": {
            "dur_mean": 485.8049816566905,
            "dur_std": 118.07514009426322
        },
        "8": {
            "dur_mean": 586.9551184110007,
            "dur_std": 138.94786146225297
        },
        "9": {
            "dur_mean": 617.8011439466159,
            "dur_std": 144.23374271902154
        },
        "10": {
            "dur_mean": 656.5848733092017,
            "dur_std": 152.73738174333863
        },
        "11": {
            "dur_mean": 721.4178421654594,
            "dur_std": 166.67538539697568
        },
        "12": {
            "dur_mean": 760.6890499809233,
            "dur_std": 174.27914452362901
        },
        "13": {
            "dur_mean": 803.5495804729214,
            "dur_std": 183.1779510756315
        },
        "14": {
            "dur_mean": 845.3446435379336,
            "dur_std": 193.32612162131838
        },
        "15": {
            "dur_mean": 923.3077362804878,
            "dur_std": 211.04958017434686
        },
        "16": {
            "dur_mean": 984.8896932749095,
            "dur_std": 222.69944606981628
        },
        "17": {
            "dur_mean": 1028.8235854448467,
            "dur_std": 234.29709218972357
        },
        "18": {
            "dur_mean": 1125.2811428571429,
            "dur_std": 256.8955349475806
        },
        "19": {
            "dur_mean": 1209.7523864070256,
            "dur_std": 267.34085200808676
        },
        "20": {
            "dur_mean": 1261.5208174178763,
            "dur_std": 276.2467699097295
        },
        "21": {
            "dur_mean": 1443.643184421535,
            "dur_std": 319.6976159002646
        },
        "22": {
            "dur_mean": 1708.8458277124687,
            "dur_std": 321.5196354735138
        },
        "23": {
            "dur_mean": 1932.2454141726203,
            "dur_std": 367.6342690631646
        },
        "24": {
            "dur_mean": 2032.2386012364761,
            "dur_std": 375.55994197327624
        },
        "25": {
            "dur_mean": 2167.6324156649866,
            "dur_std": 398.7977640295129
        },
        "26": {
            "dur_mean": 2260.9398291925468,
            "dur_std": 411.22593808083883
        },
        "27": {
            "dur_mean": 2293.347503900156,
            "dur_std": 420.1281336369988
        },
        "28": {
            "dur_mean": 2470.522589477802,
            "dur_std": 458.11430268793464
        },
        "29": {
            "dur_mean": 2551.1369140625,
            "dur_std": 468.6047382055932
        },
        "30": {
            "dur_mean": 2629.998635477583,
            "dur_std": 481.5328900032618
        },
        "31": {
            "dur_mean": 2723.676499316273,
            "dur_std": 496.70383759610894
        },
        "32": {
            "dur_mean": 2813.9841920374706,
            "dur_std": 504.97902150946857
        },
        "33": {
            "dur_mean": 2898.2943925233644,
            "dur_std": 531.0928100692066
        },
        "34": {
            "dur_mean": 3005.4256965944273,
            "dur_std": 560.7808118342849
        },
        "35": {
            "dur_mean": 3104.790522243714,
            "dur_std": 593.9874851771109
        },
        "36": {
            "dur_mean": 3134.494397217929,
            "dur_std": 599.6288059259153
        },
        "37": {
            "dur_mean": 3192.9289026275114,
            "dur_std": 613.5902533467737
        },
        "38": {
            "dur_mean": 3284.4172313649565,
            "dur_std": 631.7398089908758
        },
        "39": {
            "dur_mean": 3317.159310878823,
            "dur_std": 639.2258331809164
        },
        "40": {
            "dur_mean": 3383.2427409988386,
            "dur_std": 650.4573256921027
        },
        "41": {
            "dur_mean": 3434.5885315769083,
            "dur_std": 656.6440614027679
        },
        "42": {
            "dur_mean": 3476.125944584383,
            "dur_std": 665.8647283498872
        },
        "43": {
            "dur_mean": 3512.1818005808327,
            "dur_std": 673.7260871376333
        },
        "44": {
            "dur_mean": 3548.0247821878024,
            "dur_std": 684.4233324423242
        },
        "45": {
            "dur_mean": 3602.215876089061,
            "dur_std": 701.5295334819741
        },
        "46": {
            "dur_mean": 3634.1488867376574,
            "dur_std": 712.5986344417925
        },
        "47": {
            "dur_mean": 3688.3734753146177,
            "dur_std": 726.0111563744154
        },
        "48": {
            "dur_mean": 3747.3480534572923,
            "dur_std": 736.2155956270328
        },
        "49": {
            "dur_mean": 3828.0843816527968,
            "dur_std": 745.6790048818871
        },
        "50": {
            "dur_mean": 3916.702801932367,
            "dur_std": 757.7288306830826
        },
        "51": {
            "dur_mean": 3984.272937994978,
            "dur_std": 774.6091270554853
        },
        "52": {
            "dur_mean": 4065.839213418161,
            "dur_std": 790.7642504980803
        },
        "53": {
            "dur_mean": 4106.086193598149,
            "dur_std": 792.8088230997765
        },
        "54": {
            "dur_mean": 4148.104126494408,
            "dur_std": 797.8696427257742
        },
        "55": {
            "dur_mean": 4189.436752795989,
            "dur_std": 806.3240765614078
        },
        "56": {
            "dur_mean": 4246.170266101041,
            "dur_std": 817.0258988038894
        },
        "57": {
            "dur_mean": 4282.787849566056,
            "dur_std": 821.312240984086
        },
        "58": {
            "dur_mean": 4351.566660235385,
            "dur_std": 827.4088023870884
        },
        "59": {
            "dur_mean": 4396.624734709628,
            "dur_std": 831.9974399496601
        },
        "60": {
            "dur_mean": 4515.5300019293845,
            "dur_std": 840.3109589523228
        },
        "61": {
            "dur_mean": 4572.623987659083,
            "dur_std": 845.581810141643
        },
        "62": {
            "dur_mean": 4604.422119281992,
            "dur_std": 853.756218067559
        },
        "63": {
            "dur_mean": 4642.829598145286,
            "dur_std": 858.6463187013804
        },
        "64": {
            "dur_mean": 4715.670144927536,
            "dur_std": 874.1807781257204
        },
        "65": {
            "dur_mean": 4774.690361213058,
            "dur_std": 883.2015518509078
        },
        "66": {
            "dur_mean": 4831.641877535252,
            "dur_std": 885.9488401597465
        },
        "67": {
            "dur_mean": 4876.789839675488,
            "dur_std": 888.498316037537
        },
        "68": {
            "dur_mean": 4912.995170948426,
            "dur_std": 892.0417626727211
        },
        "69": {
            "dur_mean": 4979.67889553968,
            "dur_std": 901.9824968822721
        },
        "70": {
            "dur_mean": 4996.5837837837835,
            "dur_std": 903.5931054516199
        },