{
    "rows": {
        "start": 462821,
        "route_filter": -14211,
        "nan_filter": -17640,
        "negative_dur": 0,
        "outliers": -3530,
        "end": 427440
    },
    "scr": 0.006024096385542169,
    "stats": {
        "1": {
            "dur_mean": 0.0,
            "dur_std": 0.0
        },
        "2": {
            "dur_mean": 46.426730486008836,
            "dur_std": 43.09917745779888
        },
        "3": {
            "dur_mean": 61.60706442166911,
            "dur_std": 45.10423863167593
        },
        "4": {
            "dur_mean": 127.74574097820114,
            "dur_std": 46.93247897868773
        },
        "5": {
            "dur_mean": 153.72027843927458,
            "dur_std": 52.90335960182057
        },
        "6": {
            "dur_mean": 199.96358645928638,
            "dur_std": 58.63493178803874
        },
        "7": {
            "dur_mean": 260.0808931185944,
            "dur_std": 62.78791745469767
        },
        "8": {
            "dur_mean": 284.00256081946225,
            "dur_std": 65.74972778662634
        },
        "9": {
            "dur_mean": 348.7511891694109,
            "dur_std": 69.62745146614735
        },
        "10": {
            "dur_mean": 377.1844802342606,
            "dur_std": 72.21532576590457
        },
        "11": {
            "dur_mean": 421.25544772019776,
            "dur_std": 74.98377681734297
        },
        "12": {
            "dur_mean": 505.32418085301117,
            "dur_std": 83.1095072816936
        },
        "13": {
            "dur_mean": 562.7954628613245,
            "dur_std": 96.44869536494042
        },
        "14": {
            "dur_mean": 604.9822083639032,
            "dur_std": 102.65282692393066
        },
        "15": {
            "dur_mean": 618.3933614524116,
            "dur_std": 104.18933929409168
        },
        "16": {
            "dur_mean": 642.5318173482486,
            "dur_std": 105.54177710703065
        },
        "17": {
            "dur_mean": 701.7013748854262,
            "dur_std": 111.33182358653721
        },
        "18": {
            "dur_mean": 779.9128045429566,
            "dur_std": 120.1316278324441
        },
        "19": {
            "dur_mean": 846.1093807255405,
            "dur_std": 133.38649780720243
        },
        "20": {
            "dur_mean": 897.5172287390029,
            "dur_std": 137.31891492455944
        },
        "21": {
            "dur_mean": 941.5803849679194,
            "dur_std": 141.93204064728073
        },
        "22": {
            "dur_mean": 975.2355311355311,
            "dur_std": 149.39724478025624
        },
        "23": {
            "dur_mean": 1022.8085573230939,
            "dur_std": 154.27504115932214
        },
        "24": {
            "dur_mean": 1103.8346744696416,
            "dur_std": 162.06655100760423
        },
        "25": {
            "dur_mean": 1144.3556531284303,
            "dur_std": 167.43081629513415
        },
        "26": {
            "dur_mean": 1233.8924455825863,
            "dur_std": 178.2736145951295
        },
        "27": {
            "dur_mean": 1272.503018108652,
            "dur_std": 186.247263883522
        },
        "28": {
            "dur_mean": 1319.198903107861,
            "dur_std": 198.95145764775884
        },
        "29": {
            "dur_mean": 1353.3907478515268,
            "dur_std": 205.16636155305537
        },
        "30": {
            "dur_mean": 1401.0071297989032,
            "dur_std": 221.09956220116592
        },
        "31": {
            "dur_mean": 1437.2312614259597,
            "dur_std": 232.07984800914238
        },
        "32": {
            "dur_mean": 1567.341633101428,
            "dur_std": 265.09789387482385
        },
        "33": {
            "dur_mean": 1695.0743725957136,
            "dur_std": 299.1001135765473
        },
        "34": {
            "dur_mean": 1738.236307015937,
            "dur_std": 306.80539412654207
        },
        "35": {
            "dur_mean": 1925.6804766269477,
            "dur_std": 350.2851968299802
        },
        "36": {
            "dur_mean": 1955.5752796625711,
            "dur_std": 358.41426668610904
        },
        "37": {
            "dur_mean": 1999.1146940271162,
            "dur_std": 369.865381263012
        },
        "38": {
            "dur_mean": 2034.5895932576036,
            "dur_std": 375.75161758508966
        },
        "39": {
            "dur_mean": 2079.3660861594867,
            "dur_std": 381.33687355696713
        },
        "40": {
            "dur_mean": 2107.1422808947564,
            "dur_std": 385.8205118626112
        },
        "41": {
            "dur_mean": 2188.13932172319,
            "dur_std": 403.13562058861197
        },
        "42": {
            "dur_mean": 2254.837550421709,
            "dur_std": 417.818202404284
        },
        "43": {
            "dur_mean": 2286.0331866519987,
            "dur_std": 425.02878619963394
        },
        "44": {
            "dur_mean": 2367.9552949798463,
            "dur_std": 442.8730899200468
        },
        "45": {
            "dur_mean": 2396.495602784903,
            "dur_std": 452.08391875587284
        },
        "46": {
            "dur_mean": 2444.934029686641,
            "dur_std": 463.5428071532794
        },
        "47": {
            "dur_mean": 2525.3782744092323,
            "dur_std": 477.1454181552738
        },
        "48": {
            "dur_mean": 2623.951630633932,
            "dur_std": 491.15402492629414
        },
        "49": {
            "dur_mean": 2653.6384305097176,
            "dur_std": 494.31823709810317
        },
        "50": {
            "dur_mean": 2677.027681026581,
            "dur_std": 498.2794479919804
        },
        "51": {
            "dur_mean": 2781.7521085441876,
            "dur_std": 516.2818524722153
        },
        "52": {
            "dur_mean": 2979.3157315731573,
            "dur_std": 567.9936987285901
        },
        "53": {
            "dur_mean": 3150.486317722681,
            "dur_std": 592.1413900684801
        },
        "54": {
            "dur_mean": 3294.108143201632,
            "dur_std": 622.8598272241264
        },
        "55": {
            "dur_mean": 3327.0094165435744,
            "dur_std": 627.1041838039104
        },
        "57": {
            "dur_mean": 3601.6967502321263,
            "dur_std": 666.9164067906631
        },
        "58": {
            "dur_mean": 3663.3326523031205,
            "dur_std": 684.0779927815332
        },
        "59": {
            "dur_mean": 3927.6491195551434,
            "dur_std": 750.6206423224917
        },
        "60": {
            "dur_mean": 4207.8564421807205,
            "dur_std": 770.3539597805208
        },
        "61": {
            "dur_mean": 4328.68645038168,
            "dur_std": 784.7386564280699
        },
        "62": {
            "dur_mean": 4350.918007662835,
            "dur_std": 794.335958789356
        },
        "63": {
            "dur_mean": 4472.995794303192,
            "dur_std": 809.3403129948013
        },
        "64": {
            "dur_mean": 4528.260977472318,
            "dur_std": 816.8875367560868
        },
        "65": {
            "dur_mean": 4597.6297353893015,
            "dur_std": 828.3603652248368
        },
        "66": {
            "dur_mean": 4690.529960053263,
            "dur_std": 844.785571841635
        },
        "67": {
            "dur_mean": 4745.878903274943,
            "dur_std": 850.3334592959326
        },
        "68": {
            "dur_mean": 4786.7054794520545,
            "dur_std": 857.732523816928
        },
        "69": {
            "dur_mean": 4858.108617081986,
            "dur_std": 869.9042647272446
        },
        "70": {
            "dur_mean": 4901.4397109166985,
            "dur_std": 877.5651756477549
        },
        "71": {
            "dur_mean": 4949.277101559528,