{
    "rows": {
        "start": 32940,
        "route_filter": 0,
        "nan_filter": -362,
        "negative_dur": 0,
        "outliers": -310,
        "end": 32268
    },
    "scr": 0.937231298366294,
    "stats": {
        "1": {
            "dur_mean": 0.0,
            "dur_std": 0.0
        },
        "2": {
            "dur_mean": 88.83896103896105,
            "dur_std": 62.13700164091514
        },
        "3": {
            "dur_mean": 148.4006908462867,
            "dur_std": 81.22620164439493
        },
        "4": {
            "dur_mean": 209.10535405872193,
            "dur_std": 120.02774508843952
        },
        "5": {
            "dur_mean": 288.0414150129422,
            "dur_std": 133.10611688573954
        },
        "6": {
            "dur_mean": 325.7618636755824,
            "dur_std": 137.524889486604
        },
        "7": {
            "dur_mean": 362.4374460742019,
            "dur_std": 143.79239020498923
        },
        "8": {
            "dur_mean": 398.55823986194997,
            "dur_std": 154.2739634613715
        },
        "9": {
            "dur_mean": 449.6962899050906,
            "dur_std": 167.34627182167412
        },
        "10": {
            "dur_mean": 527.63298791019,
            "dur_std": 206.46692310624294
        },
        "11": {
            "dur_mean": 644.7167832167833,
            "dur_std": 276.83840010116126
        },
        "12": {
            "dur_mean": 673.0528233151184,
            "dur_std": 246.63595701527797
        },
        "13": {
            "dur_mean": 742.7901459854014,
            "dur_std": 262.49018895964474
        },
        "14": {
            "dur_mean": 761.7008234217749,
            "dur_std": 252.7353456026754
        },
        "15": {
            "dur_mean": 792.9031078610603,
            "dur_std": 254.29892814888143
        },
        "16": {
            "dur_mean": 840.4748398902104,
            "dur_std": 257.3889684838074
        },
        "17": {
            "dur_mean": 900.5434583714547,
            "dur_std": 260.24383674870074
        },
        "18": {
            "dur_mean": 972.2016498625114,
            "dur_std": 270.1518119536914
        },
        "19": {
            "dur_mean": 1016.993583868011,
            "dur_std": 276.07763659283484
        },
        "20": {
            "dur_mean": 1051.8414298808432,
            "dur_std": 279.65700086928143
        },
        "21": {
            "dur_mean": 1144.1752293577981,
            "dur_std": 286.19751399462893
        },
        "22": {
            "dur_mean": 1187.940125111707,
            "dur_std": 297.7308142191258
        },
        "23": {
            "dur_mean": 1236.1350626118067,
            "dur_std": 299.38371883943285
        },
        "24": {
            "dur_mean": 1291.6311548791405,
            "dur_std": 301.1047609936115
        },
        "25": {
            "dur_mean": 1338.0814682184423,
            "dur_std": 302.212886326248
        },
        "26": {
            "dur_mean": 1443.6606982990152,
            "dur_std": 311.2540141018169
        },
        "27": {
            "dur_mean": 1486.8594449418083,
            "dur_std": 316.20484566198814
        },
        "28": {
            "dur_mean": 1565.7194570135746,
            "dur_std": 322.3800403673297
        },
        "29": {
            "dur_mean": 1732.1499548328816,
            "dur_std": 376.18088343138913
        }
    },
    "feature_eval": {
        "f_values": {
            "weather_main_Clouds": 4.65750091480359,
            "weather_main_Drizzle": 6.889000937520429,
            "weather_main_Fog": 7.845371442616345,
            "weather_main_Mist": 9.154657626571456,
            "weather_main_Rain": 4.219212930363079,
            "weather_main_Snow": 0.043457992247797964,
            "weather_description_few clouds": 4.588110614544009,
            "weather_description_fog": 7.845371442616345,
            "weather_description_heavy intensity rain": 1.873885994771471,
            "weather_description_light intensity drizzle": 1.1196203689075828,
            "weather_description_light intensity drizzle rain": 8.529988315254457,
            "weather_description_light intensity shower rain": 1.3939326765943283,
            "weather_description_light rain": 1.448133685116518,
            "weather_description_light shower snow": 0.043457992247797964,
            "weather_description_mist": 9.154657626571456,
            "weather_description_moderate rain": 12.454104752276235,
            "weather_description_overcast clouds": 0.9093406329264199,
            "weather_description_proximity shower rain": 34.624073906188414,
            "weather_description_scattered clouds": 11.694198439399026,
            "weather_description_sky is clear": 8.16200049979886,
            "weekday_1": 0.02835339802995959,
            "weekday_2": 0.5995116989420912,
            "weekday_3": 0.07586354933734261,
            "weekday_4": 7.52310737284197,
            "month_2": 0.0035433517396294147,
            "month_3": 0.07246203247662228,
            "month_4": 7.685110591162666,
            "month_5": 0.11813345544828706,
            "month_6": 5.091397627926421,
            "month_7": 54.183160762096485,
            "month_8": 1.4643190286958514,
            "month_9": 0.3601620116566129,
            "month_10": 0.6192095608894032,
            "month_11": 1.9750551102335983,
            "month_12": 16.08476642353803,
            "hour_7": 976.5856397692224,
            "hour_8": 111.131048914765,
            "hour_9": 703.2998172246416,
            "hour_10": 0.7465535766834084,
            "hour_15": 603.5025750956214,
            "hour_16": 3375.521865291087,
            "hour_17": 1517.6293205742093,
            "holiday_1": 8.294336000406396
        },
        "correlations": {
            "daystamp": 0.004190888315648789,
            "progr_number": 0.9019751237069735,
            "arr_p": 0.3372538326381177,
            "arr_a": 0.3406047682042274,
            "dep_p": 0.3372538326381177,
            "dep_a": 0.3404882863768718,
            "end_p": 0.3115399895772821,
            "start_p": 0.31140595497034745,
            "start_a": 0.31111809582839206,
            "temp": 0.06264427537198912,
            "feels_like": 0.03173456210967678,
            "temp_min": 0.05324845190803987,
            "temp_max": 0.056149069008162265,
            "pressure": -0.008270039236179862,
            "humidity": -0.14688002048463997,
            "wind_speed": 0.05949420102735185,
            "wind_deg": -0.028520703554216525,
            "clouds_all": 0.006972510250636942,
            "dt": 0.004789945762752019,
            "dur_s": 0.8985294015466421
        }
    },
    "modelling": {
        "XGBoost": {
            "time": 3.063646078109741,
            "r_2": 0.9740650479687849,
            "mse": 7159.3083311414275,
            "rmse": 84.61269603990543,
            "mae": 59.23051850186843
        },
        "Benchmark": {
            "r_2": 0.7960910802934158,
            "mse": 56288.78071154084,
            "rmse": 237.252567344467,
            "mae": 168.07512086277427
        }
    },