{
    "rows": {
        "start": 470749,
        "route_filter": -150906,
        "nan_filter": -6618,
        "negative_dur": -5,
        "outliers": -1493,
        "end": 311727
    },
    "scr": 0.9860573199070488,
    "stats": {
        "1": {
            "dur_mean": 0.0,
            "dur_std": 0.0
        },
        "2": {
            "dur_mean": 52.196772311880224,
            "dur_std": 56.54641678608693
        },
        "3": {
            "dur_mean": 252.19707602339182,
            "dur_std": 70.32724631750703
        },
        "4": {
            "dur_mean": 285.48958130477115,
            "dur_std": 75.80262284403504
        },
        "5": {
            "dur_mean": 405.3283378746594,
            "dur_std": 99.84066642010127
        },
        "6": {
            "dur_mean": 458.2684302664851,
            "dur_std": 105.74083982756228
        },
        "7": {
            "dur_mean": 505.72845749854116,
            "dur_std": 112.77953850233303
        },
        "8": {
            "dur_mean": 542.1378436342367,
            "dur_std": 117.56616249282742
        },
        "9": {
            "dur_mean": 576.1529756097561,
            "dur_std": 122.5030277845336
        },
        "10": {
            "dur_mean": 631.1525923016496,
            "dur_std": 127.19521667854073
        },
        "11": {
            "dur_mean": 707.8842701014833,
            "dur_std": 140.02527195299598
        },
        "12": {
            "dur_mean": 775.2931906614785,
            "dur_std": 149.80407335382495
        },
        "13": {
            "dur_mean": 837.1997277323999,
            "dur_std": 176.1606300239569
        },
        "14": {
            "dur_mean": 933.8533929613067,
            "dur_std": 207.54751624876008
        },
        "15": {
            "dur_mean": 985.0956454121307,
            "dur_std": 230.56571406293858
        },
        "16": {
            "dur_mean": 1110.434858812074,
            "dur_std": 252.0548199257716
        },
        "17": {
            "dur_mean": 1185.6960669781931,
            "dur_std": 260.57629508828745
        },
        "18": {
            "dur_mean": 1257.5864690972899,
            "dur_std": 268.94012590600755
        },
        "19": {
            "dur_mean": 1405.936733502044,
            "dur_std": 301.4914511241277
        },
        "20": {
            "dur_mean": 1468.9124002335993,
            "dur_std": 319.67548240951913
        },
        "21": {
            "dur_mean": 1528.2057220708448,
            "dur_std": 328.96484418211253
        },
        "22": {
            "dur_mean": 1601.5718731764248,
            "dur_std": 343.96875217006016
        },
        "23": {
            "dur_mean": 1659.639369772418,
            "dur_std": 348.9495195537618
        },
        "24": {
            "dur_mean": 1689.7025291828793,
            "dur_std": 350.62844371132815
        },
        "25": {
            "dur_mean": 1704.9165369649807,
            "dur_std": 352.2824035423355
        },
        "26": {
            "dur_mean": 1721.6608949416343,
            "dur_std": 353.6066346389579
        },
        "27": {
            "dur_mean": 1737.5321011673152,
            "dur_std": 355.8109056842887
        },
        "28": {
            "dur_mean": 1776.29046692607,
            "dur_std": 360.09849772851294
        },
        "29": {
            "dur_mean": 1831.7142579264735,
            "dur_std": 367.9740282359681
        },
        "30": {
            "dur_mean": 1906.7813229571984,
            "dur_std": 376.5751492143878
        },
        "31": {
            "dur_mean": 1959.8466329311016,
            "dur_std": 383.51426414331945
        },
        "32": {
            "dur_mean": 1989.8418287937743,
            "dur_std": 392.3332592848583
        },
        "33": {
            "dur_mean": 2058.8131932282545,
            "dur_std": 397.09791600802606
        },
        "34": {
            "dur_mean": 2103.7628404669263,
            "dur_std": 405.57104809639026
        },
        "35": {
            "dur_mean": 2143.5599221789885,
            "dur_std": 409.3391022029622
        },
        "36": {
            "dur_mean": 2170.1571984435795,
            "dur_std": 415.5736929311136
        },
        "37": {
            "dur_mean": 2256.9389105058367,
            "dur_std": 428.5845524361149
        },
        "38": {
            "dur_mean": 2312.474513618677,
            "dur_std": 435.3681489430356
        },
        "39": {
            "dur_mean": 2360.0799766491537,
            "dur_std": 439.5317548402637
        },
        "40": {
            "dur_mean": 2480.2997471309086,
            "dur_std": 456.12561437337047
        },
        "41": {
            "dur_mean": 2527.8249027237352,
            "dur_std": 459.3914624204342
        },
        "42": {
            "dur_mean": 2559.429961089494,
            "dur_std": 463.265638607041
        },
        "43": {
            "dur_mean": 2605.72859922179,
            "dur_std": 467.6560649201603
        },
        "44": {
            "dur_mean": 2639.2958568371914,
            "dur_std": 477.7795942292002
        },
        "45": {
            "dur_mean": 2677.285408560311,
            "dur_std": 481.090909480315
        },
        "46": {
            "dur_mean": 2704.6887068461087,
            "dur_std": 486.393912056421
        },
        "47": {
            "dur_mean": 2759.9740538431524,
            "dur_std": 496.4197212232291
        },
        "48": {
            "dur_mean": 2788.3606557377047,
            "dur_std": 503.2764019282916
        },
        "49": {
            "dur_mean": 2811.9349990240094,
            "dur_std": 505.71433917331694
        },
        "50": {
            "dur_mean": 2824.7306265859847,
            "dur_std": 507.9869017596508
        },
        "51": {
            "dur_mean": 2874.554080437329,
            "dur_std": 517.1597502586452
        },
        "52": {
            "dur_mean": 2916.003514252245,
            "dur_std": 521.8270888235875
        },
        "53": {
            "dur_mean": 2971.618462138954,
            "dur_std": 535.7193144687639
        },
        "54": {
            "dur_mean": 3009.719945355191,
            "dur_std": 543.2805013318473
        },
        "55": {
            "dur_mean": 3084.296817027924,
            "dur_std": 550.2885767865982
        },
        "56": {
            "dur_mean": 3098.625707041155,
            "dur_std": 552.7624635857591
        },
        "57": {
            "dur_mean": 3156.7425453128044,
            "dur_std": 564.9395504763917
        },
        "58": {
            "dur_mean": 3269.4632481965295,
            "dur_std": 607.3062756997871
        },
        "59": {
            "dur_mean": 3301.0173489278754,
            "dur_std": 616.080082343514
        },
        "60": {
            "dur_mean": 3390.896820752877,
            "dur_std": 642.2995197888496
        },
        "61": {
            "dur_mean": 3517.76285046729,
            "dur_std": 703.6138634034221
        }
    },
    "feature_eval": {
        "f_values": {
            "weather_main_Clouds": 50.39018698044061,
            "weather_main_Drizzle": 32.675444347569965,
            "weather_main_Fog": 23.93199704604962,
            "weather_main_Mist": 2.846005294305583,
            "weather_main_Rain": 9.537621806235007,
            "weather_main_Smoke": 12.931800742208127,
            "weather_main_Snow": 30.15140854262902,
            "weather_description_broken clouds": 80.15889982402129,
            "weather_description_few clouds": 44.113421789897366,
            "weather_description_fog": 23.93199704604962,
            "weather_description_light intensity drizzle": 15.946670229752755,
            "weather_description_light intensity drizzle rain": 16.090021015832672,
            "weather_description_light intensity shower rain": 37.507579497374444,
            "weather_description_light rain": 1.9781018577672778,