{
    "rows": {
        "start": 2145060,
        "route_filter": -50775,
        "nan_filter": -64155,
        "negative_dur": -79,
        "outliers": -9334,
        "end": 2020717
    },
    "scr": 0.9476891534014864,
    "stats": {
        "1": {
            "dur_mean": 0.0,
            "dur_std": 0.0
        },
        "2": {
            "dur_mean": 70.37945927269587,
            "dur_std": 94.44206204848055
        },
        "3": {
            "dur_mean": 130.31677463739035,
            "dur_std": 105.66985594575422
        },
        "4": {
            "dur_mean": 210.15228353676008,
            "dur_std": 124.05007413845703
        },
        "5": {
            "dur_mean": 294.1445545121393,
            "dur_std": 135.49794714131517
        },
        "6": {
            "dur_mean": 329.71708811821645,
            "dur_std": 140.07129587500629
        },
        "7": {
            "dur_mean": 370.93806374022853,
            "dur_std": 148.7257239376094
        },
        "8": {
            "dur_mean": 474.936062992126,
            "dur_std": 184.2219721726274
        },
        "9": {
            "dur_mean": 640.6334736661225,
            "dur_std": 231.39848864068574
        },
        "10": {
            "dur_mean": 706.28,
            "dur_std": 241.3074728671851
        },
        "11": {
            "dur_mean": 735.294019838312,
            "dur_std": 246.9181368053716
        },
        "12": {
            "dur_mean": 817.1899013648355,
            "dur_std": 255.55425380718387
        },
        "13": {
            "dur_mean": 952.6183265329579,
            "dur_std": 276.0240395349222
        },
        "14": {
            "dur_mean": 1092.9235900545784,
            "dur_std": 298.85099058323283
        },
        "15": {
            "dur_mean": 1336.721811433668,
            "dur_std": 353.58094443467064
        },
        "16": {
            "dur_mean": 1593.2142527808196,
            "dur_std": 396.0533343187305
        },
        "17": {
            "dur_mean": 1710.7101147028154,
            "dur_std": 412.45214373597616
        },
        "18": {
            "dur_mean": 1827.641927459941,
            "dur_std": 428.0745909408672
        },
        "19": {
            "dur_mean": 1890.7359244670993,
            "dur_std": 435.808238244632
        },
        "20": {
            "dur_mean": 1972.6263323608423,
            "dur_std": 445.6818608084187
        },
        "21": {
            "dur_mean": 2045.4353568853642,
            "dur_std": 455.7850922863511
        },
        "22": {
            "dur_mean": 2105.161750713606,
            "dur_std": 464.62748883234894
        },
        "23": {
            "dur_mean": 2163.6295164220423,
            "dur_std": 474.3395201665199
        },
        "24": {
            "dur_mean": 2228.513391956177,
            "dur_std": 485.3271292794601
        },
        "25": {
            "dur_mean": 2300.1464279536413,
            "dur_std": 494.26179601611835
        },
        "26": {
            "dur_mean": 2344.9181925661064,
            "dur_std": 501.2105487856151
        },
        "27": {
            "dur_mean": 2411.6880389951257,
            "dur_std": 507.8508487947699
        },
        "28": {
            "dur_mean": 2545.5532438609857,
            "dur_std": 531.8226960802887
        },
        "29": {
            "dur_mean": 2576.651702274708,
            "dur_std": 537.0992037950369
        },
        "30": {
            "dur_mean": 2615.790673605772,
            "dur_std": 541.7212530937092
        },
        "31": {
            "dur_mean": 2675.7217175887695,
            "dur_std": 548.4378060252649
        },
        "32": {
            "dur_mean": 2766.037672824445,
            "dur_std": 561.0393342526223
        },
        "33": {
            "dur_mean": 2815.901628380343,
            "dur_std": 564.7362289543728
        },
        "34": {
            "dur_mean": 2869.4069564712036,
            "dur_std": 571.9516369109529
        },
        "35": {
            "dur_mean": 2950.224351517971,
            "dur_std": 580.10164508969
        },
        "36": {
            "dur_mean": 3016.1045289063636,
            "dur_std": 588.9488268776353
        },
        "37": {
            "dur_mean": 3071.152967570875,
            "dur_std": 596.5211222322627
        },
        "38": {
            "dur_mean": 3179.642408300453,
            "dur_std": 603.8328556399429
        },
        "39": {
            "dur_mean": 3226.8863004477744,
            "dur_std": 607.5780397895219
        },
        "40": {
            "dur_mean": 3297.0963915412103,
            "dur_std": 616.6944091302632
        },
        "41": {
            "dur_mean": 3336.4277134905524,
            "dur_std": 619.9384054656153
        },
        "42": {
            "dur_mean": 3425.015937655641,
            "dur_std": 630.0372148572338
        },
        "43": {
            "dur_mean": 3465.9619893323957,
            "dur_std": 633.2415859512215
        },
        "44": {
            "dur_mean": 3508.85430405346,
            "dur_std": 639.2592663390736
        },
        "45": {
            "dur_mean": 3549.458223394899,
            "dur_std": 643.7357627245137
        },
        "46": {
            "dur_mean": 3574.955838367251,
            "dur_std": 647.3256169810883
        },
        "47": {
            "dur_mean": 3603.3419069126317,
            "dur_std": 651.7079205381801
        },
        "48": {
            "dur_mean": 3660.635086793338,
            "dur_std": 663.8494477280954
        },
        "49": {
            "dur_mean": 3728.066854327938,
            "dur_std": 676.0762579593494
        },
        "50": {
            "dur_mean": 3862.016808448225,
            "dur_std": 703.1156761610741
        },
        "51": {
            "dur_mean": 3894.890668544105,
            "dur_std": 708.1128148066241
        },
        "52": {
            "dur_mean": 3957.758067355081,
            "dur_std": 715.8296938165668
        },
        "53": {
            "dur_mean": 4033.131531055536,
            "dur_std": 722.7998877973795
        },
        "54": {
            "dur_mean": 4105.169191029705,
            "dur_std": 733.1280837063861
        },
        "55": {
            "dur_mean": 4132.670739228759,
            "dur_std": 735.380531793365
        },
        "56": {
            "dur_mean": 4153.947578632052,
            "dur_std": 737.7812699397741
        },
        "57": {
            "dur_mean": 4238.929966804735,
            "dur_std": 745.3337950680424
        },
        "58": {
            "dur_mean": 4303.843018264705,
            "dur_std": 746.0698157664638
        },
        "59": {
            "dur_mean": 4362.495631453535,
            "dur_std": 768.9730081987499
        }
    },
    "feature_eval": {
        "f_values": {
            "weather_main_Clouds": 31.27012473404071,
            "weather_main_Drizzle": 33.769516080318,
            "weather_main_Fog": 74.68200617783242,
            "weather_main_Mist": 1.948824080245815,
            "weather_main_Rain": 58.23143667411711,
            "weather_main_Smoke": 0.22517498115452983,
            "weather_main_Snow": 162.1862093639762,
            "weather_description_broken clouds": 0.5910598575535617,
            "weather_description_drizzle": 1.5516693083746278,
            "weather_description_few clouds": 12.266684326142947,
            "weather_description_fog": 74.68200617783242,
            "weather_description_heavy intensity rain": 39.95654264446831,
            "weather_description_light intensity drizzle": 2.8916488207232196,
            "weather_description_light intensity drizzle rain": 43.18679531458995,
            "weather_description_light intensity shower rain": 4.063882878925585,
            "weather_description_light rain": 41.676072970144276,
            "weather_description_light shower snow": 58.72755298581543,
            "weather_description_light snow": 108.68423191290633,