{
    "rows": {
        "start": 320555,
        "route_filter": -57184,
        "nan_filter": -36570,
        "negative_dur": -84,
        "outliers": -2750,
        "end": 223967
    },
    "scr": 0.44175824175824174,
    "stats": {
        "1": {
            "dur_mean": 0.0,
            "dur_std": 0.0
        },
        "2": {
            "dur_mean": 82.69437706725469,
            "dur_std": 204.67686799585505
        },
        "6": {
            "dur_mean": 425.69772073467584,
            "dur_std": 283.0723440907801
        },
        "7": {
            "dur_mean": 507.03865694720565,
            "dur_std": 296.49782285210694
        },
        "8": {
            "dur_mean": 570.0302495032016,
            "dur_std": 305.84494878588345
        },
        "9": {
            "dur_mean": 608.6683605832965,
            "dur_std": 310.32512097673197
        },
        "10": {
            "dur_mean": 699.0125800044141,
            "dur_std": 322.938251016729
        },
        "11": {
            "dur_mean": 759.1212455830389,
            "dur_std": 328.66066020135156
        },
        "12": {
            "dur_mean": 809.0245141342756,
            "dur_std": 336.74052109341204
        },
        "13": {
            "dur_mean": 857.2982107355865,
            "dur_std": 340.371201611307
        },
        "14": {
            "dur_mean": 882.3602209944752,
            "dur_std": 342.4734491957272
        },
        "15": {
            "dur_mean": 921.619562817399,
            "dur_std": 349.1274002240104
        },
        "16": {
            "dur_mean": 981.9944763588157,
            "dur_std": 355.79410299552285
        },
        "17": {
            "dur_mean": 1091.8733981440566,
            "dur_std": 361.83870905659455
        },
        "18": {
            "dur_mean": 1108.8027826855123,
            "dur_std": 364.4509846147273
        },
        "19": {
            "dur_mean": 1135.0702296819788,
            "dur_std": 369.4695197365403
        },
        "20": {
            "dur_mean": 1182.511366144339,
            "dur_std": 382.8221617694878
        },
        "21": {
            "dur_mean": 1227.9920547340544,
            "dur_std": 399.78432256983314
        },
        "22": {
            "dur_mean": 1421.043795620438,
            "dur_std": 453.7664108367246
        },
        "23": {
            "dur_mean": 1591.4772224679346,
            "dur_std": 531.3852472033328
        },
        "24": {
            "dur_mean": 1639.9158011049724,
            "dur_std": 547.2253549158931
        },
        "25": {
            "dur_mean": 1699.8658563535912,
            "dur_std": 567.6983727603501
        },
        "26": {
            "dur_mean": 1783.8270377733597,
            "dur_std": 591.1224950441974
        },
        "27": {
            "dur_mean": 1867.2845151314336,
            "dur_std": 611.0429678150645
        },
        "28": {
            "dur_mean": 1915.4212154696133,
            "dur_std": 618.6945872557665
        },
        "29": {
            "dur_mean": 1962.157824933687,
            "dur_std": 628.0851832483353
        },
        "30": {
            "dur_mean": 2034.988284703802,
            "dur_std": 640.74071392103
        },
        "31": {
            "dur_mean": 2094.814749392802,
            "dur_std": 655.4711215979225
        },
        "32": {
            "dur_mean": 2217.7443194352527,
            "dur_std": 668.8111524227752
        },
        "33": {
            "dur_mean": 2255.795414462081,
            "dur_std": 676.1427476848985
        },
        "34": {
            "dur_mean": 2373.4111552028216,
            "dur_std": 712.4275691450742
        },
        "35": {
            "dur_mean": 2411.593605292172,
            "dur_std": 725.1747820310121
        },
        "36": {
            "dur_mean": 2473.0008820286657,
            "dur_std": 740.516652221956
        },
        "37": {
            "dur_mean": 2504.6858465608466,
            "dur_std": 744.6743273920578
        },
        "38": {
            "dur_mean": 2546.0039691289967,
            "dur_std": 751.6272659787084
        },
        "39": {
            "dur_mean": 2595.4116868798237,
            "dur_std": 759.670473388719
        },
        "40": {
            "dur_mean": 2714.689084895259,
            "dur_std": 801.345115527303
        },
        "41": {
            "dur_mean": 2764.3298787210583,
            "dur_std": 808.0489868110305
        },
        "42": {
            "dur_mean": 2828.314917127072,
            "dur_std": 822.1134783165185
        },
        "43": {
            "dur_mean": 2910.2867225408027,
            "dur_std": 837.9985285907695
        },
        "44": {
            "dur_mean": 2972.338037486218,
            "dur_std": 850.2739778469848
        },
        "45": {
            "dur_mean": 3050.2482332155478,
            "dur_std": 869.5010120392245
        },
        "46": {
            "dur_mean": 3129.3798895027626,
            "dur_std": 884.2448143371423
        },
        "47": {
            "dur_mean": 3186.5120601903077,
            "dur_std": 902.9472601198412
        },
        "48": {
            "dur_mean": 3291.8471422241914,
            "dur_std": 927.7498388398386
        },
        "49": {
            "dur_mean": 3386.7049944506102,
            "dur_std": 936.1703339031257
        },
        "50": {
            "dur_mean": 3426.1531631520534,
            "dur_std": 940.130860415908
        },
        "4": {
            "dur_mean": 340.9621459694989,
            "dur_std": 262.9985347753943
        },
        "5": {
            "dur_mean": 387.4684210526316,
            "dur_std": 272.74564488356884
        },
        "51": {
            "dur_mean": 3452.1729622266403,
            "dur_std": 939.1242704194921
        },
        "3": {
            "dur_mean": 272.17961745367603,
            "dur_std": 251.21007654158106
        }
    },
    "feature_eval": {
        "f_values": {
            "weather_main_Clouds": 2.968087725402125,
            "weather_main_Drizzle": 0.09965770848853012,
            "weather_main_Fog": 3.0966291297139237,
            "weather_main_Mist": 11.870631326218486,
            "weather_main_Rain": 1.4342112913225862,
            "weather_main_Snow": 0.1771811732508877,
            "weather_description_broken clouds": 0.6286839249431182,
            "weather_description_drizzle": 0.011584430737954718,
            "weather_description_few clouds": 0.2962145373564057,
            "weather_description_fog": 3.0966291297139237,
            "weather_description_light intensity drizzle": 0.012528744609616642,
            "weather_description_light intensity drizzle rain": 0.11779809195513515,
            "weather_description_light intensity shower rain": 0.3417756829313432,
            "weather_description_light rain": 5.3549004703861245,
            "weather_description_light shower snow": 3.8588075013573824,
            "weather_description_light snow": 35.58668698544222,
            "weather_description_mist": 11.870631326218486,
            "weather_description_moderate rain": 10.79926798688143,
            "weather_description_overcast clouds": 65.68831598233066,
            "weather_description_proximity shower rain": 48.32214912508334,
            "weather_description_scattered clouds": 28.845736403928953,
            "weather_description_shower rain": 4.2155695453861295,
            "weather_description_sky is clear": 76.23525876128727,
            "weekday_1": 472.106426575435,
            "weekday_2": 351.9389714670558,
            "weekday_3": 335.6211228706768,
            "weekday_4": 77.7670660193609,
            "weekday_5": 896.6960220013856,
            "weekday_6": 1581.392878248183,
            "month_2": 3.9842623811345446,
            "month_3": 1.6010165895259745,
            "month_4": 1.1122234993536098,
            "month_5": 0.036266924517138824,
            "month_6": 22.15094077245319,
            "month_7": 47.10983052691828,