{
    "rows": {
        "start": 322941,
        "route_filter": -63728,
        "nan_filter": -6167,
        "negative_dur": -2,
        "outliers": -2533,
        "end": 250511
    },
    "scr": 0.37131908027430416,
    "stats": {
        "1": {
            "dur_mean": 0.0,
            "dur_std": 0.0
        },
        "2": {
            "dur_mean": 65.54223928860145,
            "dur_std": 28.259583103647714
        },
        "3": {
            "dur_mean": 124.43071009508395,
            "dur_std": 38.49676367012118
        },
        "4": {
            "dur_mean": 218.14034378159758,
            "dur_std": 57.18750493203079
        },
        "5": {
            "dur_mean": 267.09160768452983,
            "dur_std": 61.78921638663608
        },
        "6": {
            "dur_mean": 315.0574549868501,
            "dur_std": 72.87849842536885
        },
        "7": {
            "dur_mean": 422.1174924165824,
            "dur_std": 107.0619515790339
        },
        "8": {
            "dur_mean": 466.40845640299415,
            "dur_std": 124.89177696860278
        },
        "9": {
            "dur_mean": 595.6343781597574,
            "dur_std": 184.6569191292446
        },
        "10": {
            "dur_mean": 695.3306451612904,
            "dur_std": 200.72630905675132
        },
        "11": {
            "dur_mean": 729.8476425777229,
            "dur_std": 213.97169575610246
        },
        "12": {
            "dur_mean": 779.3904137648505,
            "dur_std": 229.76464619058132
        },
        "13": {
            "dur_mean": 820.1919465887753,
            "dur_std": 238.43011938501758
        },
        "14": {
            "dur_mean": 919.883849784527,
            "dur_std": 271.2720091102649
        },
        "15": {
            "dur_mean": 960.498279003847,
            "dur_std": 281.9750658754961
        },
        "16": {
            "dur_mean": 1014.4123251571052,
            "dur_std": 294.0231008031276
        },
        "17": {
            "dur_mean": 1054.8697325769854,
            "dur_std": 310.593336562344
        },
        "18": {
            "dur_mean": 1118.1792796438688,
            "dur_std": 317.0124086930645
        },
        "19": {
            "dur_mean": 1172.0419198055893,
            "dur_std": 326.8031025545736
        },
        "20": {
            "dur_mean": 1227.2661404573973,
            "dur_std": 337.13826228990683
        },
        "21": {
            "dur_mean": 1257.7132144304824,
            "dur_std": 347.7640610013453
        },
        "22": {
            "dur_mean": 1330.1906788247213,
            "dur_std": 364.7722739332124
        },
        "23": {
            "dur_mean": 1359.8745948136143,
            "dur_std": 364.95575875837284
        },
        "24": {
            "dur_mean": 1394.6057965139846,
            "dur_std": 377.0166598211975
        },
        "25": {
            "dur_mean": 1441.8198984771573,
            "dur_std": 392.0667382267864
        },
        "26": {
            "dur_mean": 1501.4023548518066,
            "dur_std": 408.0483131872514
        },
        "27": {
            "dur_mean": 1545.3427411167513,
            "dur_std": 420.6571537412662
        },
        "28": {
            "dur_mean": 1640.4054054054054,
            "dur_std": 518.466061918251
        },
        "29": {
            "dur_mean": 1758.1935680846734,
            "dur_std": 478.9952897101236
        },
        "30": {
            "dur_mean": 1845.7144022847817,
            "dur_std": 500.2893755890891
        },
        "31": {
            "dur_mean": 1978.004914004914,
            "dur_std": 529.7019412905875
        },
        "32": {
            "dur_mean": 2105.2528403222473,
            "dur_std": 555.1667883781118
        },
        "33": {
            "dur_mean": 2157.7334440523146,
            "dur_std": 559.6589110406978
        },
        "34": {
            "dur_mean": 2174.56453283613,
            "dur_std": 562.4780779718682
        },
        "35": {
            "dur_mean": 2208.8681818181817,
            "dur_std": 568.562183384794
        },
        "36": {
            "dur_mean": 2244.985324514262,
            "dur_std": 577.0158164387844
        },
        "37": {
            "dur_mean": 2275.3644628099173,
            "dur_std": 583.2701883730039
        },
        "39": {
            "dur_mean": 2355.4346749226006,
            "dur_std": 594.463779112605
        },
        "40": {
            "dur_mean": 2398.5015492666803,
            "dur_std": 599.1379358419517
        },
        "41": {
            "dur_mean": 2415.788429752066,
            "dur_std": 602.8605467953823
        },
        "42": {
            "dur_mean": 2462.0092994420334,
            "dur_std": 612.108622556896
        },
        "43": {
            "dur_mean": 2508.814462809917,
            "dur_std": 625.6662454949334
        },
        "44": {
            "dur_mean": 2546.753099173554,
            "dur_std": 637.6112779391693
        },
        "45": {
            "dur_mean": 2617.3154306961374,
            "dur_std": 669.2130374794752
        },
        "46": {
            "dur_mean": 2723.852479338843,
            "dur_std": 698.998799345103
        },
        "47": {
            "dur_mean": 2786.828305785124,
            "dur_std": 716.396857902393
        },
        "48": {
            "dur_mean": 2839.2169869807813,
            "dur_std": 726.3195541227346
        },
        "49": {
            "dur_mean": 2882.1120297643656,
            "dur_std": 736.246585026493
        },
        "50": {
            "dur_mean": 2917.497415753566,
            "dur_std": 746.2980893278141
        },
        "51": {
            "dur_mean": 3030.9406276505515,
            "dur_std": 758.0388834051549
        },
        "52": {
            "dur_mean": 3804.784054910243,
            "dur_std": 959.1673165869374
        },
        "53": {
            "dur_mean": 3935.093669250646,
            "dur_std": 976.215235350538
        },
        "38": {
            "dur_mean": 2439.2569255839217,
            "dur_std": 568.0933469080544
        }
    },
    "feature_eval": {
        "f_values": {
            "weather_main_Clouds": 3.1059749051302545,
            "weather_main_Drizzle": 22.959618805155177,
            "weather_main_Fog": 0.6719041963707536,
            "weather_main_Mist": 18.361514315770002,
            "weather_main_Rain": 8.084328032585358,
            "weather_main_Snow": 0.040770513542371566,
            "weather_description_broken clouds": 1.8898226811710823,
            "weather_description_drizzle": 0.7234838522842885,
            "weather_description_few clouds": 8.91161067125859,
            "weather_description_fog": 0.6719041963707536,
            "weather_description_heavy intensity rain": 3.856995903416783,
            "weather_description_light intensity drizzle": 18.17966457362088,
            "weather_description_light intensity drizzle rain": 4.893538122508334,
            "weather_description_light intensity shower rain": 74.84460457385823,
            "weather_description_light rain": 0.05197927973341455,
            "weather_description_light shower snow": 5.104154904541869,
            "weather_description_light snow": 16.25011970773354,
            "weather_description_mist": 18.361514315770002,
            "weather_description_moderate rain": 1.7825313052758018,
            "weather_description_overcast clouds": 12.455569533523981,
            "weather_description_proximity shower rain": 12.051559174026824,
            "weather_description_scattered clouds": 5.453860098224729,
            "weather_description_sky is clear": 61.204885385645,
            "weekday_1": 207.29887419797043,
            "weekday_2": 246.49810915398444,
            "weekday_3": 156.21044012167653,
            "weekday_4": 141.25684401818515,
            "weekday_5": 346.52600220494946,
            "weekday_6": 1210.896524156267,
            "month_2": 19.562416458463748,