{
    "rows": {
        "start": 475456,
        "route_filter": 0,
        "nan_filter": -19495,
        "negative_dur": -272,
        "outliers": -3104,
        "end": 452585
    },
    "scr": 0.975519146504096,
    "stats": {
        "1": {
            "dur_mean": 0.0,
            "dur_std": 0.0
        },
        "2": {
            "dur_mean": 183.0806327160494,
            "dur_std": 146.06361883007148
        },
        "3": {
            "dur_mean": 315.13294741919924,
            "dur_std": 165.35089607945255
        },
        "4": {
            "dur_mean": 504.19974837897996,
            "dur_std": 196.51493529691047
        },
        "5": {
            "dur_mean": 616.8171450662028,
            "dur_std": 215.7191955211739
        },
        "6": {
            "dur_mean": 646.3735765296275,
            "dur_std": 219.92334497461883
        },
        "7": {
            "dur_mean": 690.1658630665381,
            "dur_std": 229.35309165457477
        },
        "8": {
            "dur_mean": 837.2584843810258,
            "dur_std": 262.03703474728707
        },
        "9": {
            "dur_mean": 936.9049913278088,
            "dur_std": 282.9532672417004
        },
        "10": {
            "dur_mean": 986.1941794352896,
            "dur_std": 287.8882818902069
        },
        "11": {
            "dur_mean": 1032.5091049234031,
            "dur_std": 294.33652863351995
        },
        "12": {
            "dur_mean": 1078.4563771329413,
            "dur_std": 303.3501448887657
        },
        "13": {
            "dur_mean": 1160.0749132279213,
            "dur_std": 320.8973245938397
        },
        "14": {
            "dur_mean": 1203.9193019668337,
            "dur_std": 329.68264200130903
        },
        "15": {
            "dur_mean": 1268.5361927710844,
            "dur_std": 350.4451970624929
        },
        "16": {
            "dur_mean": 1319.7108991037871,
            "dur_std": 366.4139803052251
        },
        "17": {
            "dur_mean": 1428.831518072289,
            "dur_std": 390.68417955723896
        },
        "18": {
            "dur_mean": 1456.4687289197263,
            "dur_std": 393.5535854793501
        },
        "19": {
            "dur_mean": 1482.0881842713954,
            "dur_std": 397.62736715969515
        },
        "20": {
            "dur_mean": 1506.192096385542,
            "dur_std": 402.4313869736132
        },
        "21": {
            "dur_mean": 1576.9076626506023,
            "dur_std": 417.73300660850487
        },
        "22": {
            "dur_mean": 1664.695681511471,
            "dur_std": 434.8440574629693
        },
        "23": {
            "dur_mean": 1748.0193753614806,
            "dur_std": 448.8327145601771
        },
        "24": {
            "dur_mean": 1878.88015811801,
            "dur_std": 491.10862212246866
        },
        "25": {
            "dur_mean": 1929.4348664545366,
            "dur_std": 501.1650004164876
        },
        "26": {
            "dur_mean": 1965.510993249759,
            "dur_std": 510.64155159762663
        },
        "27": {
            "dur_mean": 1993.4374156219865,
            "dur_std": 514.295957350256
        },
        "28": {
            "dur_mean": 2032.6812921890069,
            "dur_std": 519.4161443697992
        },
        "29": {
            "dur_mean": 2134.171191189257,
            "dur_std": 538.5304072037304
        },
        "30": {
            "dur_mean": 2172.0576007770765,
            "dur_std": 543.8126919383411
        },
        "31": {
            "dur_mean": 2242.788870544819,
            "dur_std": 551.4697738947075
        },
        "32": {
            "dur_mean": 2297.500631251821,
            "dur_std": 555.1948028038463
        },
        "33": {
            "dur_mean": 2404.037878787879,
            "dur_std": 561.257481627275
        },
        "34": {
            "dur_mean": 2445.578906477615,
            "dur_std": 566.1422381460196
        },
        "35": {
            "dur_mean": 2528.767053140097,
            "dur_std": 574.1675844657415
        },
        "36": {
            "dur_mean": 2580.6887666473654,
            "dur_std": 579.5396944419603
        },
        "37": {
            "dur_mean": 2605.613640748601,
            "dur_std": 583.9249655778588
        },
        "38": {
            "dur_mean": 2759.706075216972,
            "dur_std": 623.7427548421537
        },
        "39": {
            "dur_mean": 2827.096593650487,
            "dur_std": 626.9258403467784
        },
        "40": {
            "dur_mean": 2904.3439644341356,
            "dur_std": 632.6728591668264
        },
        "41": {
            "dur_mean": 2974.398163363944,
            "dur_std": 643.5012783967493
        },
        "42": {
            "dur_mean": 3075.9847032626585,
            "dur_std": 665.291617304536
        },
        "43": {
            "dur_mean": 3290.166292354262,
            "dur_std": 703.3070964065919
        },
        "44": {
            "dur_mean": 3368.265895391795,
            "dur_std": 732.5835094549551
        }
    },
    "feature_eval": {
        "f_values": {
            "weather_main_Clouds": 15.01195600901598,
            "weather_main_Drizzle": 32.18870736000571,
            "weather_main_Fog": 56.20094408083238,
            "weather_main_Mist": 18.04303534373583,
            "weather_main_Rain": 60.42020745743217,
            "weather_main_Smoke": 0.7762916828232558,
            "weather_main_Snow": 45.68539085380814,
            "weather_description_broken clouds": 13.319956285328235,
            "weather_description_drizzle": 34.74977491462088,
            "weather_description_few clouds": 19.005965774703505,
            "weather_description_fog": 56.20094408083238,
            "weather_description_heavy intensity rain": 15.026810588206855,
            "weather_description_light intensity drizzle": 3.6048953414126332,
            "weather_description_light intensity drizzle rain": 32.748578477651535,
            "weather_description_light intensity shower rain": 32.91279067568304,
            "weather_description_light rain": 4.630199742140125,
            "weather_description_light shower snow": 6.227387223545999,
            "weather_description_light snow": 44.833038065482945,
            "weather_description_mist": 18.04303534373583,
            "weather_description_moderate rain": 5.37811325135914,
            "weather_description_overcast clouds": 111.53389694125589,
            "weather_description_proximity shower rain": 254.53984441278735,
            "weather_description_rain and drizzle": 39.687438830959024,
            "weather_description_scattered clouds": 51.467424204750166,
            "weather_description_sky is clear": 86.90464565953324,
            "weather_description_smoke": 0.7762916828232558,
            "weekday_1": 62.81291858091838,
            "weekday_2": 214.63030200537392,
            "weekday_3": 242.43297283835784,
            "weekday_4": 260.147495007197,
            "weekday_5": 609.521019960841,
            "weekday_6": 1143.4386822700274,
            "month_2": 19.595568296469267,
            "month_3": 0.7260768526914556,
            "month_4": 10.516241227212003,
            "month_5": 10.900453493718409,
            "month_6": 46.790697391232115,
            "month_7": 95.69292406893678,
            "month_8": 32.26407213624437,
            "month_9": 51.95106922089272,
            "month_10": 112.88131682160363,
            "month_11": 255.78977638334828,
            "month_12": 0.12489945101863305,
            "hour_1": 2.9685695416353917,
            "hour_6": 11016.912536353291,
            "hour_7": 1577.5297846084102,
            "hour_8": 225.5760635819629,
            "hour_9": 48.81014740554954,
            "hour_10": 1334.893315196413,
            "hour_11": 692.3777595141518,
            "hour_12": 163.51967824380176,
            "hour_13": 105.70817841151714,