{
    "rows": {
        "start": 512505,
        "route_filter": -11382,
        "nan_filter": -8576,
        "negative_dur": 0,
        "outliers": -4441,
        "end": 488106
    },
    "scr": 0.7758783528522856,
    "stats": {
        "1": {
            "dur_mean": 0.0,
            "dur_std": 0.0
        },
        "2": {
            "dur_mean": 72.54362670713202,
            "dur_std": 44.75063956216781
        },
        "3": {
            "dur_mean": 254.89331814730448,
            "dur_std": 74.74677649918576
        },
        "4": {
            "dur_mean": 292.4810403963415,
            "dur_std": 78.58372619433293
        },
        "5": {
            "dur_mean": 330.08696065386806,
            "dur_std": 84.5251885666858
        },
        "6": {
            "dur_mean": 408.7001042950602,
            "dur_std": 97.54895799711689
        },
        "7": {
            "dur_mean": 557.2869194312797,
            "dur_std": 146.8705505579151
        },
        "8": {
            "dur_mean": 617.3875484908696,
            "dur_std": 162.16974085423664
        },
        "9": {
            "dur_mean": 664.6397615442846,
            "dur_std": 168.0441398266662
        },
        "10": {
            "dur_mean": 792.430102427921,
            "dur_std": 180.85358132418943
        },
        "11": {
            "dur_mean": 831.3628225883249,
            "dur_std": 184.9095793562584
        },
        "12": {
            "dur_mean": 881.7743286992953,
            "dur_std": 189.86375438688796
        },
        "13": {
            "dur_mean": 989.3322224338222,
            "dur_std": 194.78111627271505
        },
        "14": {
            "dur_mean": 1047.4024947629023,
            "dur_std": 199.9211471197419
        },
        "15": {
            "dur_mean": 1080.8804761904762,
            "dur_std": 207.12633879047505
        },
        "16": {
            "dur_mean": 1120.308,
            "dur_std": 211.5126013376541
        },
        "17": {
            "dur_mean": 1162.1883988951329,
            "dur_std": 217.94022274104304
        },
        "18": {
            "dur_mean": 1264.4794572540088,
            "dur_std": 235.34375755318794
        },
        "19": {
            "dur_mean": 1302.7423324498295,
            "dur_std": 240.39146232244653
        },
        "20": {
            "dur_mean": 1407.4075160923892,
            "dur_std": 263.84035387696554
        },
        "21": {
            "dur_mean": 1531.775156338829,
            "dur_std": 288.9270389451307
        },
        "22": {
            "dur_mean": 1592.3668151236616,
            "dur_std": 296.67655886160287
        },
        "23": {
            "dur_mean": 1649.1962678791324,
            "dur_std": 309.5795706226243
        },
        "24": {
            "dur_mean": 1699.8249005116543,
            "dur_std": 321.8542368214104
        },
        "25": {
            "dur_mean": 1731.3042365652545,
            "dur_std": 326.34748110962886
        },
        "26": {
            "dur_mean": 1755.618709127097,
            "dur_std": 329.85226609361314
        },
        "27": {
            "dur_mean": 1795.0976210785707,
            "dur_std": 350.54149276076697
        },
        "28": {
            "dur_mean": 1849.6313145673396,
            "dur_std": 381.8792305326331
        },
        "29": {
            "dur_mean": 1964.116916366395,
            "dur_std": 411.2244887712892
        },
        "30": {
            "dur_mean": 1992.2300683371298,
            "dur_std": 416.72007432217646
        },
        "31": {
            "dur_mean": 2039.1581996011776,
            "dur_std": 424.7016688737033
        },
        "32": {
            "dur_mean": 2070.0322856328935,
            "dur_std": 431.24521341719344
        },
        "33": {
            "dur_mean": 2146.953208048595,
            "dur_std": 446.63589571847
        },
        "34": {
            "dur_mean": 2186.1392789373813,
            "dur_std": 455.4336627782618
        },
        "35": {
            "dur_mean": 2220.735888435632,
            "dur_std": 463.0280570997975
        },
        "36": {
            "dur_mean": 2306.2997818043827,
            "dur_std": 477.94323901888316
        },
        "37": {
            "dur_mean": 2370.5181111321826,
            "dur_std": 507.65961097056885
        },
        "38": {
            "dur_mean": 2463.1249881280273,
            "dur_std": 532.1863289373291
        },
        "39": {
            "dur_mean": 2542.478078934855,
            "dur_std": 545.9880935141323
        },
        "40": {
            "dur_mean": 2568.4063718497387,
            "dur_std": 550.3111149546564
        },
        "41": {
            "dur_mean": 2613.9436834094367,
            "dur_std": 558.6491434182756
        },
        "42": {
            "dur_mean": 2672.66574717017,
            "dur_std": 577.9455644600357
        },
        "43": {
            "dur_mean": 2723.1437268144205,
            "dur_std": 592.8415072221129
        },
        "44": {
            "dur_mean": 2894.9617179316256,
            "dur_std": 621.7518372355422
        },
        "45": {
            "dur_mean": 3074.591675397657,
            "dur_std": 651.0939277655265
        },
        "46": {
            "dur_mean": 3393.0795894655307,
            "dur_std": 760.5755645335277
        },
        "47": {
            "dur_mean": 3769.43895313451,
            "dur_std": 800.4133620665644
        }
    },
    "feature_eval": {
        "f_values": {
            "weather_main_Clouds": 23.87787062936023,
            "weather_main_Drizzle": 6.407929477961277,
            "weather_main_Fog": 1.4677522745988663,
            "weather_main_Mist": 0.2780750670388661,
            "weather_main_Rain": 2.5869715495642995,
            "weather_main_Smoke": 0.38569308088592125,
            "weather_main_Snow": 23.30282859911962,
            "weather_description_broken clouds": 9.95319860045419,
            "weather_description_drizzle": 11.760830094430148,
            "weather_description_few clouds": 4.32027678443671,
            "weather_description_fog": 1.4677522745988663,
            "weather_description_heavy intensity rain": 12.593885147353665,
            "weather_description_light intensity drizzle": 5.7188524097745255,
            "weather_description_light intensity drizzle rain": 0.5731797046292996,
            "weather_description_light intensity shower rain": 0.14419842319482506,
            "weather_description_light rain": 8.585356460030608,
            "weather_description_light shower snow": 6.063622252279759,
            "weather_description_light snow": 38.223081957444634,
            "weather_description_mist": 0.2780750670388661,
            "weather_description_moderate rain": 5.0060017700565895,
            "weather_description_overcast clouds": 37.089063614067975,
            "weather_description_proximity shower rain": 5.646952272179697,
            "weather_description_scattered clouds": 27.952720436181558,
            "weather_description_sky is clear": 133.21636868925006,
            "weather_description_smoke": 0.38569308088592125,
            "weekday_1": 3.0359164538157857,
            "weekday_2": 29.92163284330979,
            "weekday_3": 265.56282339165097,
            "weekday_4": 373.63600309233306,
            "weekday_5": 125.81637882755466,
            "weekday_6": 1047.3351066854218,
            "month_2": 8.4159820191706,
            "month_3": 6.8904649316388165,
            "month_4": 7.101508806144498,
            "month_5": 17.449682048705633,
            "month_6": 20.463126335705766,
            "month_7": 160.8954932092126,
            "month_8": 137.26033576954083,
            "month_9": 40.57584954261363,
            "month_10": 35.284089338270384,
            "month_11": 44.0223864509382,
            "month_12": 46.51668771307052,
            "hour_1": 0.0020562749048486815,
            "hour_6": 4593.016073387098,
            "hour_7": 129.99555726430341,