{
    "rows": {
        "start": 1071204,
        "route_filter": -146693,
        "nan_filter": -17905,
        "negative_dur": -30,
        "outliers": -5006,
        "end": 901570
    },
    "scr": 0.9822465460855636,
    "stats": {
        "1": {
            "dur_mean": 0.0,
            "dur_std": 0.0
        },
        "2": {
            "dur_mean": 84.45730563002681,
            "dur_std": 35.83245077720388
        },
        "3": {
            "dur_mean": 155.393443721928,
            "dur_std": 63.62935604190982
        },
        "4": {
            "dur_mean": 216.2097368244827,
            "dur_std": 75.97123660177375
        },
        "5": {
            "dur_mean": 259.53468595152003,
            "dur_std": 80.84939305673612
        },
        "6": {
            "dur_mean": 307.9828556121082,
            "dur_std": 91.98645248966808
        },
        "7": {
            "dur_mean": 393.4923674343867,
            "dur_std": 114.16798749763129
        },
        "8": {
            "dur_mean": 592.255635074577,
            "dur_std": 151.42584903742608
        },
        "9": {
            "dur_mean": 644.6754966887418,
            "dur_std": 158.27108456005547
        },
        "10": {
            "dur_mean": 702.9524287434765,
            "dur_std": 164.63632705391518
        },
        "11": {
            "dur_mean": 723.2126463700234,
            "dur_std": 167.58387034785076
        },
        "12": {
            "dur_mean": 750.4810304449649,
            "dur_std": 171.73563911580533
        },
        "13": {
            "dur_mean": 792.4026634544603,
            "dur_std": 183.27430032335272
        },
        "14": {
            "dur_mean": 822.1559467237802,
            "dur_std": 188.16989116586745
        },
        "15": {
            "dur_mean": 876.3449129852744,
            "dur_std": 201.05864633627806
        },
        "16": {
            "dur_mean": 930.6406909017875,
            "dur_std": 211.42757946160785
        },
        "17": {
            "dur_mean": 959.5014399571362,
            "dur_std": 217.23427042347473
        },
        "18": {
            "dur_mean": 1028.1182975871313,
            "dur_std": 232.73492466215956
        },
        "19": {
            "dur_mean": 1089.3734842902124,
            "dur_std": 247.78299367385654
        },
        "26": {
            "dur_mean": 1549.8255712658313,
            "dur_std": 329.16604535546816
        },
        "27": {
            "dur_mean": 1586.2474033371307,
            "dur_std": 336.8108722067962
        },
        "28": {
            "dur_mean": 1644.3524996649244,
            "dur_std": 345.8142759162819
        },
        "29": {
            "dur_mean": 1723.6931376491086,
            "dur_std": 362.8318149433395
        },
        "30": {
            "dur_mean": 1758.9896105637108,
            "dur_std": 371.84578875478655
        },
        "31": {
            "dur_mean": 1845.5992607526882,
            "dur_std": 394.8791375359015
        },
        "32": {
            "dur_mean": 1950.0429682263039,
            "dur_std": 427.4350341479575
        },
        "33": {
            "dur_mean": 2071.8488262910796,
            "dur_std": 448.6259584597857
        },
        "34": {
            "dur_mean": 2146.0841434797185,
            "dur_std": 456.0380354547293
        },
        "35": {
            "dur_mean": 2630.9279540850775,
            "dur_std": 548.3805367212599
        },
        "36": {
            "dur_mean": 2797.7444692510658,
            "dur_std": 573.7199202972624
        },
        "37": {
            "dur_mean": 2893.4733170797776,
            "dur_std": 586.3749875926603
        },
        "38": {
            "dur_mean": 2984.084388757196,
            "dur_std": 596.944463087716
        },
        "39": {
            "dur_mean": 3010.954548533496,
            "dur_std": 600.7219139875479
        },
        "40": {
            "dur_mean": 3051.582311911695,
            "dur_std": 609.870321351147
        },
        "41": {
            "dur_mean": 3153.1072444143533,
            "dur_std": 633.9224786939564
        },
        "42": {
            "dur_mean": 3205.044581247463,
            "dur_std": 638.6431799259107
        },
        "43": {
            "dur_mean": 3316.228418846752,
            "dur_std": 652.2354118945501
        },
        "44": {
            "dur_mean": 3351.5338111982687,
            "dur_std": 657.2048472683666
        },
        "45": {
            "dur_mean": 3407.8982282932107,
            "dur_std": 665.2141030703996
        },
        "46": {
            "dur_mean": 3468.013456856911,
            "dur_std": 675.1470822184787
        },
        "47": {
            "dur_mean": 3510.6117535673225,
            "dur_std": 682.7064013464483
        },
        "48": {
            "dur_mean": 3599.5151474168247,
            "dur_std": 695.4502829615824
        },
        "49": {
            "dur_mean": 3631.942111313992,
            "dur_std": 700.2678700646918
        },
        "50": {
            "dur_mean": 3654.992021096761,
            "dur_std": 703.621246652465
        },
        "51": {
            "dur_mean": 3692.4660896612345,
            "dur_std": 710.0395827733463
        },
        "52": {
            "dur_mean": 3724.776176948052,
            "dur_std": 713.9145095654708
        },
        "53": {
            "dur_mean": 3760.60887505919,
            "dur_std": 719.0574829700008
        },
        "54": {
            "dur_mean": 3803.666080368015,
            "dur_std": 727.1139415324261
        },
        "55": {
            "dur_mean": 3842.619231289755,
            "dur_std": 731.4981575306688
        },
        "56": {
            "dur_mean": 3929.913870094723,
            "dur_std": 740.5421425001902
        },
        "57": {
            "dur_mean": 4006.4861956963055,
            "dur_std": 748.1143036194113
        },
        "58": {
            "dur_mean": 4079.846726694198,
            "dur_std": 757.4552854643923
        },
        "59": {
            "dur_mean": 4116.038461538462,
            "dur_std": 761.1802614413527
        },
        "60": {
            "dur_mean": 4268.310932934702,
            "dur_std": 770.4390405779881
        },
        "61": {
            "dur_mean": 4469.484576708792,
            "dur_std": 805.9346010890177
        },
        "20": {
            "dur_mean": 1145.8400214376634,
            "dur_std": 258.26422909641326
        },
        "21": {
            "dur_mean": 1169.2756749514303,
            "dur_std": 262.27086316973805
        },
        "22": {
            "dur_mean": 1210.3462724591043,
            "dur_std": 269.5014871805738
        },
        "23": {
            "dur_mean": 1257.5530247203055,
            "dur_std": 279.28734437430563
        },
        "24": {
            "dur_mean": 1367.7070328198258,
            "dur_std": 301.83102028150904
        },
        "25": {
            "dur_mean": 1479.8042473370404,
            "dur_std": 319.08573920647353
        }
    },
    "feature_eval": {
        "f_values": {
            "weather_main_Clouds": 6.392513532544672,
            "weather_main_Drizzle": 24.065004968336343,
            "weather_main_Fog": 0.6325162895226604,
            "weather_main_Mist": 0.003374330421869168,
            "weather_main_Rain": 23.86448188876131,
            "weather_main_Smoke": 3.1622111352434388,
            "weather_main_Snow": 33.47952620814407,
            "weather_description_broken clouds": 0.057357362916206404,
            "weather_description_drizzle": 1.6815143664576067,
            "weather_description_few clouds": 8.14518984973422,
            "weather_description_fog": 0.6325162895226604,
            "weather_description_light intensity drizzle": 2.8502783071114677,
            "weather_description_light intensity drizzle rain": 35.394363412952075,
            "weather_description_light intensity shower rain": 13.474170352623956,