{
    "rows": {
        "start": 34785,
        "route_filter": -6055,
        "nan_filter": -182,
        "negative_dur": 0,
        "outliers": -194,
        "end": 28354
    },
    "scr": 0.6457627118644068,
    "stats": {
        "1": {
            "dur_mean": 0.0,
            "dur_std": 0.0
        },
        "2": {
            "dur_mean": 83.81186440677966,
            "dur_std": 28.113525524219444
        },
        "3": {
            "dur_mean": 121.38474576271186,
            "dur_std": 32.74523935932154
        },
        "4": {
            "dur_mean": 199.3322033898305,
            "dur_std": 48.22715929089395
        },
        "5": {
            "dur_mean": 238.8186440677966,
            "dur_std": 51.18539814124913
        },
        "6": {
            "dur_mean": 278.78268251273346,
            "dur_std": 53.2066338915628
        },
        "7": {
            "dur_mean": 314.50338983050847,
            "dur_std": 56.37476908607445
        },
        "8": {
            "dur_mean": 339.6558773424191,
            "dur_std": 58.7564605005397
        },
        "9": {
            "dur_mean": 394.61694915254236,
            "dur_std": 62.1317870756156
        },
        "10": {
            "dur_mean": 447.78983050847455,
            "dur_std": 78.50450593172424
        },
        "11": {
            "dur_mean": 469.50847457627117,
            "dur_std": 78.16133523260179
        },
        "12": {
            "dur_mean": 601.638698630137,
            "dur_std": 89.50549074651917
        },
        "13": {
            "dur_mean": 645.2791095890411,
            "dur_std": 91.83785309421917
        },
        "14": {
            "dur_mean": 690.5753424657535,
            "dur_std": 94.27061048703239
        },
        "15": {
            "dur_mean": 724.9520547945206,
            "dur_std": 94.45422042255898
        },
        "16": {
            "dur_mean": 767.0188356164383,
            "dur_std": 96.03357396766036
        },
        "17": {
            "dur_mean": 785.4041095890411,
            "dur_std": 98.19903677512617
        },
        "18": {
            "dur_mean": 829.4657534246576,
            "dur_std": 99.71707244497152
        },
        "19": {
            "dur_mean": 876.5119863013699,
            "dur_std": 101.82836193062785
        },
        "20": {
            "dur_mean": 933.054794520548,
            "dur_std": 110.25940290490286
        },
        "21": {
            "dur_mean": 1014.106779661017,
            "dur_std": 121.65949499057002
        },
        "22": {
            "dur_mean": 1044.1898305084746,
            "dur_std": 123.98906476635374
        },
        "23": {
            "dur_mean": 1071.9525423728815,
            "dur_std": 125.12213843533975
        },
        "24": {
            "dur_mean": 1321.7745762711863,
            "dur_std": 148.06008174908288
        },
        "25": {
            "dur_mean": 1347.250847457627,
            "dur_std": 150.6367969945864
        },
        "26": {
            "dur_mean": 1401.9643463497453,
            "dur_std": 154.36377132191146
        },
        "27": {
            "dur_mean": 1488.4146981627296,
            "dur_std": 157.59258329538002
        },
        "28": {
            "dur_mean": 1498.0186440677967,
            "dur_std": 165.31383332564903
        },
        "29": {
            "dur_mean": 1751.365025466893,
            "dur_std": 267.5920164692943
        },
        "30": {
            "dur_mean": 2011.8200339558573,
            "dur_std": 314.4822354294105
        },
        "31": {
            "dur_mean": 2075.0101867572157,
            "dur_std": 316.84553292225564
        },
        "32": {
            "dur_mean": 2355.1052631578946,
            "dur_std": 320.96385314124154
        },
        "33": {
            "dur_mean": 2395.0390492359934,
            "dur_std": 325.1123251781882
        },
        "34": {
            "dur_mean": 2619.9320882852294,
            "dur_std": 331.0689584423479
        },
        "35": {
            "dur_mean": 2771.1358234295417,
            "dur_std": 358.46723759945826
        },
        "36": {
            "dur_mean": 2915.9049235993207,
            "dur_std": 406.0822791943979
        },
        "37": {
            "dur_mean": 3119.3996598639455,
            "dur_std": 445.69040881643093
        },
        "38": {
            "dur_mean": 3249.566326530612,
            "dur_std": 461.26744582874255
        },
        "39": {
            "dur_mean": 3431.5119047619046,
            "dur_std": 476.0373894035684
        },
        "40": {
            "dur_mean": 3742.8649572649574,
            "dur_std": 479.4527922745929
        },
        "41": {
            "dur_mean": 4067.9612068965516,
            "dur_std": 474.2653960373388
        },
        "42": {
            "dur_mean": 4183.387580299785,
            "dur_std": 475.4854236312228
        },
        "43": {
            "dur_mean": 4224.869379014989,
            "dur_std": 478.31696404651797
        },
        "44": {
            "dur_mean": 4364.743190661478,
            "dur_std": 484.52294840042606
        },
        "45": {
            "dur_mean": 4441.673721340388,
            "dur_std": 487.2055577935879
        },
        "46": {
            "dur_mean": 4480.202443280978,
            "dur_std": 492.00071869542745
        },
        "47": {
            "dur_mean": 4581.232111692844,
            "dur_std": 487.77711171731727
        },
        "48": {
            "dur_mean": 4652.150877192982,
            "dur_std": 488.0722760166786
        },
        "49": {
            "dur_mean": 4843.056363636364,
            "dur_std": 565.6171400286778
        },
        "50": {
            "dur_mean": 4928.722448979592,
            "dur_std": 574.0314439793493
        }
    },
    "feature_eval": {
        "f_values": {
            "weather_main_Clouds": 8.815732307431393,
            "weather_main_Drizzle": 36.04422651808845,
            "weather_main_Fog": 0.009638904581305884,
            "weather_main_Mist": 2.3058334972705175,
            "weather_main_Rain": 0.026459825372766477,
            "weather_description_few clouds": 6.615348890205694,
            "weather_description_fog": 0.009638904581305884,
            "weather_description_light intensity drizzle": 20.776241345158557,
            "weather_description_light intensity drizzle rain": 14.357653249703471,
            "weather_description_light intensity shower rain": 0.15905638656773258,
            "weather_description_light rain": 0.3186370752694257,
            "weather_description_mist": 2.3058334972705175,
            "weather_description_moderate rain": 5.968896093858784,
            "weather_description_overcast clouds": 25.978391063205997,
            "weather_description_proximity shower rain": 22.730866329869983,
            "weather_description_scattered clouds": 29.979595708416852,
            "weather_description_sky is clear": 12.068424979076747,
            "weekday_1": 0.9094449431620636,
            "weekday_2": 1.223129326086508,
            "weekday_3": 3.703849148649226,
            "weekday_4": 4.9298002557196305,
            "month_4": 0.008149022853793597,
            "month_5": 2.4932855896133823,
            "month_6": 2.0922598376343773,
            "month_7": 46.91440799008072,
            "month_8": 19.565405328841624,
            "month_9": 6.376351704277249,
            "month_10": 18.11450710577811,
            "month_11": 37.46529566611524,
            "month_12": 12.93153750116301,
            "hour_8": 1853.2427317927088,
            "hour_9": 6321.6572757625045,
            "holiday_1": 8.829568352070586
        },
        "correlations": {
            "daystamp": 0.050833964558912224,
            "progr_number": 0.9525118674047938,
            "arr_p": 0.8787532982725241,
            "arr_a": 0.9033156511250828,
            "dep_p": 0.8787532982725241,
            "dep_a": 0.9052072353929562,
            "end_p": 0.0386068567325675,