{
    "rows": {
        "start": 19439,
        "route_filter": 0,
        "nan_filter": -195,
        "negative_dur": 0,
        "outliers": -120,
        "end": 19124
    },
    "scr": 0.44863731656184486,
    "stats": {
        "1": {
            "dur_mean": 0.0,
            "dur_std": 0.0
        },
        "2": {
            "dur_mean": 176.11320754716982,
            "dur_std": 48.38292390083746
        },
        "3": {
            "dur_mean": 248.9559748427673,
            "dur_std": 59.93694297629721
        },
        "4": {
            "dur_mean": 346.51991614255763,
            "dur_std": 74.01823901955503
        },
        "5": {
            "dur_mean": 441.38784067085953,
            "dur_std": 79.61252342096407
        },
        "6": {
            "dur_mean": 575.8193277310925,
            "dur_std": 91.3224761886761
        },
        "7": {
            "dur_mean": 620.7058823529412,
            "dur_std": 98.30417695820631
        },
        "8": {
            "dur_mean": 761.3004201680673,
            "dur_std": 123.04836909388597
        },
        "9": {
            "dur_mean": 792.1260504201681,
            "dur_std": 123.79048885303443
        },
        "10": {
            "dur_mean": 1092.873949579832,
            "dur_std": 140.68356756602677
        },
        "11": {
            "dur_mean": 1206.2836134453783,
            "dur_std": 147.1929826143744
        },
        "12": {
            "dur_mean": 1357.5263157894738,
            "dur_std": 150.20491222403209
        },
        "13": {
            "dur_mean": 1513.8905263157894,
            "dur_std": 163.38557014104128
        },
        "14": {
            "dur_mean": 1582.776842105263,
            "dur_std": 166.2597501678372
        },
        "15": {
            "dur_mean": 1615.6842105263158,
            "dur_std": 168.71998018074763
        },
        "16": {
            "dur_mean": 1642.0505263157895,
            "dur_std": 170.72777197998522
        },
        "17": {
            "dur_mean": 1678.221052631579,
            "dur_std": 172.23824260041528
        },
        "18": {
            "dur_mean": 1732.3452631578948,
            "dur_std": 175.9252177194182
        },
        "19": {
            "dur_mean": 2064.5305263157893,
            "dur_std": 192.97185201358675
        },
        "20": {
            "dur_mean": 2109.0379746835442,
            "dur_std": 194.28405631435973
        },
        "21": {
            "dur_mean": 2136.451271186441,
            "dur_std": 196.35928809101972
        },
        "22": {
            "dur_mean": 2161.505307855626,
            "dur_std": 195.34520310471422
        },
        "23": {
            "dur_mean": 2186.8619957537153,
            "dur_std": 195.94835419071794
        },
        "24": {
            "dur_mean": 2215.036093418259,
            "dur_std": 197.7182843620921
        },
        "25": {
            "dur_mean": 2261.0254777070063,
            "dur_std": 199.6838975079699
        },
        "26": {
            "dur_mean": 2301.307855626327,
            "dur_std": 202.74346205548267
        },
        "27": {
            "dur_mean": 2325.4225053078558,
            "dur_std": 206.30879005543028
        },
        "28": {
            "dur_mean": 2371.539278131635,
            "dur_std": 208.38907464804697
        },
        "29": {
            "dur_mean": 2409.4713375796177,
            "dur_std": 209.37612172100827
        },
        "30": {
            "dur_mean": 2452.8216560509554,
            "dur_std": 211.25939998780908
        },
        "31": {
            "dur_mean": 2529.6942675159235,
            "dur_std": 213.18705189276454
        },
        "32": {
            "dur_mean": 2588.870488322718,
            "dur_std": 224.35966139019453
        },
        "33": {
            "dur_mean": 2626.392781316348,
            "dur_std": 224.95896711167117
        },
        "34": {
            "dur_mean": 2755.8526785714284,
            "dur_std": 218.96520045082312
        },
        "35": {
            "dur_mean": 2817.1315789473683,
            "dur_std": 227.0958944725612
        },
        "36": {
            "dur_mean": 2882.2412280701756,
            "dur_std": 229.7493018077006
        },
        "37": {
            "dur_mean": 2904.059496567506,
            "dur_std": 232.63839943656447
        },
        "38": {
            "dur_mean": 2952.926650366748,
            "dur_std": 236.775043189169
        },
        "39": {
            "dur_mean": 3086.083756345178,
            "dur_std": 244.4266398738107
        },
        "40": {
            "dur_mean": 3155.367697594502,
            "dur_std": 236.25862258563168
        },
        "41": {
            "dur_mean": 3255.6849816849817,
            "dur_std": 240.36495618814084
        },
        "42": {
            "dur_mean": 3327.070484581498,
            "dur_std": 279.39462743903925
        },
        "43": {
            "dur_mean": 3393.3177570093458,
            "dur_std": 282.96327995920956
        }
    },
    "feature_eval": {
        "f_values": {
            "weather_main_Clouds": 0.10650083800171596,
            "weather_main_Drizzle": 1.390895878506977,
            "weather_main_Fog": 0.015538885824392133,
            "weather_main_Mist": 1.3120751332508553,
            "weather_main_Rain": 0.5207705598588663,
            "weather_main_Snow": 1.9999247105939596e-07,
            "weather_description_few clouds": 3.565934934601663,
            "weather_description_fog": 0.015538885824392133,
            "weather_description_light intensity drizzle": 1.5023873418628422,
            "weather_description_light intensity drizzle rain": 0.106561219951464,
            "weather_description_light intensity shower rain": 0.49407171391121385,
            "weather_description_light rain": 3.1906547116987687,
            "weather_description_light shower snow": 1.9999247105939596e-07,
            "weather_description_mist": 1.3120751332508553,
            "weather_description_moderate rain": 0.03373195718675973,
            "weather_description_overcast clouds": 0.0011494862384495083,
            "weather_description_proximity shower rain": 0.11402428534047952,
            "weather_description_scattered clouds": 0.1152250377076488,
            "weather_description_sky is clear": 4.316877744514565,
            "weekday_1": 3.4059903064506836,
            "weekday_2": 14.302159967679433,
            "weekday_3": 2.128631201127742,
            "weekday_4": 45.88205030574025,
            "month_2": 0.04858474960626181,
            "month_3": 0.4453703717512353,
            "month_4": 2.6319042109086737,
            "month_5": 0.0021517196127361755,
            "month_6": 5.243347868276429,
            "month_7": 13.845919369084584,
            "month_8": 23.377627822647824,
            "month_9": 0.01512335887958453,
            "month_10": 5.150245492890667,
            "month_11": 34.05828050643503,
            "month_12": 1.362593603886119,
            "hour_18": 3951.2484324913853
        },
        "correlations": {
            "daystamp": 0.02065603574448238,
            "progr_number": 0.9636071887021781,
            "arr_p": 0.6532089171490945,
            "arr_a": 0.7123189952223987,
            "dep_p": 0.6532089171490945,
            "dep_a": 0.7122858793542484,
            "end_p": -0.04157226764301329,
            "start_p": -0.047570793287050626,
            "start_a": -0.047199519969977476,
            "temp": -0.053524933675162575,
            "feels_like": -0.039679249857996944,
            "temp_min": -0.05244404331906133,
            "temp_max": -0.04837636755782188,
            "pressure": -0.004077791447350843,
            "humidity": 0.06176369093790933,
            "wind_speed": -0.03616010060025883,
            "wind_deg": -0.018161911798027057,
            "clouds_all": -0.0054576046249483565,
            "dt": 0.020747576437667423,
            "dur_s": 0.976608547453818
        }
    },