{
    "rows": {
        "start": 11179,
        "route_filter": -1538,
        "nan_filter": -490,
        "negative_dur": 0,
        "outliers": -75,
        "end": 9076
    },
    "scr": 0.7668393782383419,
    "stats": {
        "1": {
            "dur_mean": 0.0,
            "dur_std": 0.0
        },
        "2": {
            "dur_mean": 254.0,
            "dur_std": 245.18539424488648
        },
        "3": {
            "dur_mean": 375.8125,
            "dur_std": 324.8800120833981
        },
        "4": {
            "dur_mean": 397.625,
            "dur_std": 325.3119083223593
        },
        "5": {
            "dur_mean": 448.4427083333333,
            "dur_std": 325.5529920415131
        },
        "6": {
            "dur_mean": 474.3177083333333,
            "dur_std": 325.53810161178296
        },
        "7": {
            "dur_mean": 509.2864583333333,
            "dur_std": 325.47223238934055
        },
        "8": {
            "dur_mean": 534.8697916666666,
            "dur_std": 326.4764268711819
        },
        "9": {
            "dur_mean": 546.640625,
            "dur_std": 326.8119381973346
        },
        "10": {
            "dur_mean": 588.9114583333334,
            "dur_std": 327.02105776851766
        },
        "11": {
            "dur_mean": 626.578125,
            "dur_std": 326.8542498894752
        },
        "12": {
            "dur_mean": 666.2864583333334,
            "dur_std": 328.93581579867464
        },
        "13": {
            "dur_mean": 740.4895833333334,
            "dur_std": 331.142002876312
        },
        "14": {
            "dur_mean": 810.3072916666666,
            "dur_std": 332.19702465950314
        },
        "15": {
            "dur_mean": 862.0310880829015,
            "dur_std": 331.57246736095374
        },
        "16": {
            "dur_mean": 912.1450777202073,
            "dur_std": 331.69022585262564
        },
        "17": {
            "dur_mean": 1163.8082901554403,
            "dur_std": 332.8381888108926
        },
        "18": {
            "dur_mean": 1244.896373056995,
            "dur_std": 334.44017221150347
        },
        "19": {
            "dur_mean": 1308.3834196891191,
            "dur_std": 335.6176956602976
        },
        "20": {
            "dur_mean": 1372.678756476684,
            "dur_std": 336.56687425895853
        },
        "21": {
            "dur_mean": 1523.5129533678758,
            "dur_std": 336.52089628048316
        },
        "22": {
            "dur_mean": 1834.1658031088082,
            "dur_std": 342.3016814392657
        },
        "23": {
            "dur_mean": 2201.300518134715,
            "dur_std": 366.6549281024509
        },
        "24": {
            "dur_mean": 2318.6943005181347,
            "dur_std": 370.90941843810964
        },
        "25": {
            "dur_mean": 2570.2239583333335,
            "dur_std": 385.25864956801695
        },
        "26": {
            "dur_mean": 2796.84375,
            "dur_std": 400.27531959772085
        },
        "27": {
            "dur_mean": 2957.2331606217617,
            "dur_std": 414.0659575816144
        },
        "28": {
            "dur_mean": 3062.6735751295337,
            "dur_std": 420.0433908342161
        },
        "29": {
            "dur_mean": 3218.0725388601036,
            "dur_std": 424.98112080896186
        },
        "30": {
            "dur_mean": 3542.3717277486912,
            "dur_std": 422.6146472125382
        },
        "31": {
            "dur_mean": 3843.4842105263156,
            "dur_std": 438.69681623505113
        },
        "32": {
            "dur_mean": 3960.434554973822,
            "dur_std": 436.5115114653617
        },
        "33": {
            "dur_mean": 4129.638743455497,
            "dur_std": 436.8112206560683
        },
        "34": {
            "dur_mean": 4238.55497382199,
            "dur_std": 441.43938710573707
        },
        "35": {
            "dur_mean": 4279.58947368421,
            "dur_std": 442.9955030941356
        },
        "36": {
            "dur_mean": 4386.510526315789,
            "dur_std": 444.43796907354675
        },
        "37": {
            "dur_mean": 4461.352631578948,
            "dur_std": 450.38790672866617
        },
        "38": {
            "dur_mean": 4489.58947368421,
            "dur_std": 451.70926396064726
        },
        "39": {
            "dur_mean": 4528.429319371728,
            "dur_std": 451.13924093875664
        },
        "40": {
            "dur_mean": 4599.731578947369,
            "dur_std": 453.2867232722002
        },
        "41": {
            "dur_mean": 4653.026315789473,
            "dur_std": 454.20713446283156
        },
        "42": {
            "dur_mean": 4688.2,
            "dur_std": 453.7141281169345
        },
        "43": {
            "dur_mean": 4768.457894736842,
            "dur_std": 459.8686099631142
        },
        "44": {
            "dur_mean": 4841.6,
            "dur_std": 456.14003697695
        },
        "45": {
            "dur_mean": 4866.6,
            "dur_std": 457.86424826717996
        },
        "46": {
            "dur_mean": 4894.421052631579,
            "dur_std": 460.18233282973995
        },
        "47": {
            "dur_mean": 4971.815789473684,
            "dur_std": 464.0216569968171
        },
        "48": {
            "dur_mean": 5229.04255319149,
            "dur_std": 489.0455817888994
        }
    },
    "feature_eval": {
        "f_values": {
            "weather_main_Clouds": 23.797523000278495,
            "weather_main_Drizzle": 13.148722325506139,
            "weather_main_Fog": 0.011442182251857858,
            "weather_main_Mist": 5.547329095107754,
            "weather_main_Rain": 16.832969516455524,
            "weather_main_Snow": 21.790634303048936,
            "weather_description_few clouds": 0.8349269484723946,
            "weather_description_fog": 0.011442182251857858,
            "weather_description_heavy intensity rain": 8.762692716046637,
            "weather_description_light intensity drizzle": 6.294496964640927,
            "weather_description_light intensity drizzle rain": 6.368307583261006,
            "weather_description_light intensity shower rain": 2.3317596999321863,
            "weather_description_light rain": 11.83740265688724,
            "weather_description_light shower snow": 21.790634303048936,
            "weather_description_mist": 5.547329095107754,
            "weather_description_overcast clouds": 3.0406746817336248,
            "weather_description_scattered clouds": 13.238759808426444,
            "weather_description_sky is clear": 0.32493079795572266,
            "weekday_1": 0.03773059591722476,
            "weekday_2": 0.6392535820742363,
            "weekday_3": 1.1017906910695745,
            "weekday_4": 0.17748322046253873,
            "month_3": 0.43370341355830394,
            "month_4": 2.550577492687355,
            "month_5": 1.699072734491131,
            "month_6": 1.8867333326386486,
            "month_7": 10.626165359699316,
            "month_8": 15.806617485463034,
            "month_9": 0.06059091021194465,
            "month_10": 13.89465580936743,
            "month_11": 0.3294318024016567,
            "month_12": 0.004559774629721221,
            "hour_8": 28387.19858601158
        },
        "correlations": {
            "daystamp": -0.008783480528694253,
            "progr_number": 0.9590179484042344,
            "arr_p": 0.9761580245202915,
            "arr_a": 0.9767641083365088,
            "dep_p": 0.9761580245202915,
            "dep_a": 0.9768426579959232,
            "end_p": 0.06934301577773185,
            "start_p": NaN,
            "start_a": -0.13264099085879963,
            "temp": 0.04337435622877303,
            "feels_like": 0.009716677168118887,
            "temp_min": 0.03343506944949765,
            "temp_max": 0.02061023041238542,
            "pressure": -0.0007217686451776761,