{
    "rows": {
        "start": 95624,
        "route_filter": -21649,
        "nan_filter": -172,
        "negative_dur": -2,
        "outliers": -501,
        "end": 73300
    },
    "scr": 0.9670297321165734,
    "stats": {
        "1": {
            "dur_mean": 0.0,
            "dur_std": 0.0
        },
        "2": {
            "dur_mean": 175.89567279193835,
            "dur_std": 120.20169737252925
        },
        "3": {
            "dur_mean": 194.78704525288376,
            "dur_std": 124.92525418785435
        },
        "4": {
            "dur_mean": 235.10198049068873,
            "dur_std": 130.0767546427217
        },
        "5": {
            "dur_mean": 308.00887573964496,
            "dur_std": 138.681490138134
        },
        "6": {
            "dur_mean": 373.94140278188814,
            "dur_std": 143.54145298969075
        },
        "7": {
            "dur_mean": 414.23313609467453,
            "dur_std": 146.9530350883581
        },
        "8": {
            "dur_mean": 442.37251998815515,
            "dur_std": 149.4978357499344
        },
        "9": {
            "dur_mean": 610.021971496437,
            "dur_std": 170.16557423119727
        },
        "10": {
            "dur_mean": 675.3706231454006,
            "dur_std": 190.35719037193226
        },
        "11": {
            "dur_mean": 703.556350626118,
            "dur_std": 192.60519480179693
        },
        "12": {
            "dur_mean": 725.0196721311476,
            "dur_std": 193.76304211140103
        },
        "13": {
            "dur_mean": 768.6956780923994,
            "dur_std": 195.9781898341688
        },
        "14": {
            "dur_mean": 816.6589216562406,
            "dur_std": 198.04946082944045
        },
        "15": {
            "dur_mean": 873.5306730196545,
            "dur_std": 200.83842605735884
        },
        "16": {
            "dur_mean": 913.3177486599166,
            "dur_std": 205.11396307886875
        },
        "17": {
            "dur_mean": 966.5628724672229,
            "dur_std": 216.15852060691824
        },
        "18": {
            "dur_mean": 1063.4576576576576,
            "dur_std": 239.38368129396315
        },
        "19": {
            "dur_mean": 1179.0928333837314,
            "dur_std": 261.68498776040343
        },
        "20": {
            "dur_mean": 1210.8854545454546,
            "dur_std": 262.7719923165122
        },
        "21": {
            "dur_mean": 1296.5861127956337,
            "dur_std": 284.7768257326434
        },
        "22": {
            "dur_mean": 1849.7369062119367,
            "dur_std": 799.1531549449536
        }
    },
    "feature_eval": {
        "f_values": {
            "weather_main_Clouds": 1.3480025275043446,
            "weather_main_Drizzle": 1.5179756320765294,
            "weather_main_Fog": 0.07839141442123146,
            "weather_main_Mist": 0.4460039464655892,
            "weather_main_Rain": 3.938067585204596,
            "weather_main_Smoke": 0.13102140967195408,
            "weather_main_Snow": 0.023377272534760952,
            "weather_description_broken clouds": 11.862878779620914,
            "weather_description_few clouds": 0.05682755224584926,
            "weather_description_fog": 0.07839141442123146,
            "weather_description_light intensity drizzle": 1.5457545607456389,
            "weather_description_light intensity drizzle rain": 9.426686909135464,
            "weather_description_light intensity shower rain": 0.4470497473085283,
            "weather_description_light rain": 2.2162461060921266,
            "weather_description_light shower snow": 0.5136763028986895,
            "weather_description_mist": 0.4460039464655892,
            "weather_description_moderate rain": 1.9581654180175643,
            "weather_description_overcast clouds": 0.11155495891940999,
            "weather_description_proximity shower rain": 7.992032077688753,
            "weather_description_scattered clouds": 12.690160914124677,
            "weather_description_sky is clear": 2.3803510786332254,
            "weather_description_smoke": 0.13102140967195408,
            "weekday_1": 45.16927139639038,
            "weekday_2": 97.43977275236273,
            "weekday_3": 68.56111436111591,
            "weekday_4": 80.44168471555632,
            "weekday_5": 609.1567903751236,
            "weekday_6": 289.1173928553932,
            "month_2": 10.753446623144821,
            "month_3": 0.7793131582748534,
            "month_4": 0.009010930447272884,
            "month_5": 0.6888933871765612,
            "month_6": 2.6635579699210963,
            "month_7": 3.442309330913178,
            "month_8": 0.5979158841936002,
            "month_9": 0.4535643604036673,
            "month_10": 2.4308414303895574,
            "hour_8": 96.81497646279148,
            "hour_9": 0.0015507522637862783,
            "hour_10": 35.964760125884546,
            "hour_11": 17.07764377371352,
            "hour_12": 16.361102911987782,
            "hour_13": 15.571079533857125,
            "hour_14": 2.071658419066466,
            "hour_15": 13.325314013098607,
            "hour_16": 3.975449292646287,
            "hour_17": 49.66237152943236,
            "hour_18": 46.322026077695874,
            "hour_19": 90.41330536981214,
            "holiday_1": 71.11553012932356
        },
        "correlations": {
            "daystamp": -0.00800017061178547,
            "progr_number": 0.8581986171942656,
            "arr_p": 0.022804624082797115,
            "arr_a": 0.03431513082953533,
            "dep_p": 0.022804624082797115,
            "dep_a": 0.03426775483628059,
            "end_p": -0.000543694765591669,
            "start_p": -0.0028706522685075318,
            "start_a": -0.002987857502185301,
            "temp": -0.0103543536373636,
            "feels_like": -0.013133644943090767,
            "temp_min": -0.008696815689957163,
            "temp_max": -0.01223002066465721,
            "pressure": 0.003802469735823687,
            "humidity": -0.011562664969357529,
            "wind_speed": 0.00793085845030137,
            "wind_deg": 0.006544591907803557,
            "clouds_all": -0.012358147622212072,
            "dt": -0.007960016725780672,
            "dur_s": 0.8971844337086758
        }
    },
    "modelling": {
        "XGBoost": {
            "time": 7.8937296867370605,
            "r_2": 0.8534468345155959,
            "mse": 34503.4621473672,
            "rmse": 185.75107576368757,
            "mae": 96.06350191607645
        },
        "Benchmark": {
            "r_2": 0.7662089067800522,
            "mse": 55042.155579809005,
            "rmse": 234.6106467742012,
            "mae": 126.46532060027285
        }
    },