{
    "rows": {
        "start": 74765,
        "route_filter": 0,
        "nan_filter": -1593,
        "negative_dur": -2,
        "outliers": -838,
        "end": 72332
    },
    "scr": 0.9885085574572127,
    "stats": {
        "1": {
            "dur_mean": 0.0,
            "dur_std": 0.0
        },
        "2": {
            "dur_mean": 207.09322865554466,
            "dur_std": 56.13851094016798
        },
        "3": {
            "dur_mean": 332.4235582822086,
            "dur_std": 104.59468131061703
        },
        "4": {
            "dur_mean": 529.8689977837971,
            "dur_std": 146.64184806072674
        },
        "5": {
            "dur_mean": 603.9037656903765,
            "dur_std": 165.9782315729296
        },
        "6": {
            "dur_mean": 642.6826613900569,
            "dur_std": 172.62108806048985
        },
        "7": {
            "dur_mean": 668.938024691358,
            "dur_std": 174.98735475902612
        },
        "8": {
            "dur_mean": 708.0404438964242,
            "dur_std": 176.87238756175597
        },
        "9": {
            "dur_mean": 753.7477233571253,
            "dur_std": 179.77424325189082
        },
        "10": {
            "dur_mean": 795.3532608695652,
            "dur_std": 181.6876236738028
        },
        "11": {
            "dur_mean": 836.9430613754006,
            "dur_std": 191.13344822755502
        },
        "12": {
            "dur_mean": 871.7730409068506,
            "dur_std": 194.72381354603644
        },
        "13": {
            "dur_mean": 1000.4755588307542,
            "dur_std": 208.73158723138567
        },
        "14": {
            "dur_mean": 1040.0780751288976,
            "dur_std": 212.2017166729946
        },
        "15": {
            "dur_mean": 1083.0228332924135,
            "dur_std": 217.75301030340418
        },
        "16": {
            "dur_mean": 1147.4289221703905,
            "dur_std": 223.60567074744463
        },
        "17": {
            "dur_mean": 1175.914068254358,
            "dur_std": 231.12253930294875
        },
        "18": {
            "dur_mean": 1308.6125860373647,
            "dur_std": 262.83332481871116
        }
    },
    "feature_eval": {
        "f_values": {
            "weather_main_Clouds": 2.1680750795320343,
            "weather_main_Drizzle": 0.0034671397687590735,
            "weather_main_Fog": 2.4843899358764765,
            "weather_main_Mist": 5.409153403544222,
            "weather_main_Rain": 1.7288745452218102,
            "weather_main_Smoke": 0.42040148320457255,
            "weather_main_Snow": 3.415786978259613,
            "weather_description_broken clouds": 0.6444810343492434,
            "weather_description_drizzle": 2.6772213287537308,
            "weather_description_few clouds": 0.28805405726692257,
            "weather_description_fog": 2.4843899358764765,
            "weather_description_light intensity drizzle": 1.8589454471195055,
            "weather_description_light intensity drizzle rain": 2.099481866517125,
            "weather_description_light intensity shower rain": 7.7780424568917645,
            "weather_description_light rain": 0.38574015371943676,
            "weather_description_light shower snow": 3.1495888257431037,
            "weather_description_mist": 5.409153403544222,
            "weather_description_moderate rain": 1.0591346217901123,
            "weather_description_overcast clouds": 3.087305461238591,
            "weather_description_proximity shower rain": 3.0039008127354716,
            "weather_description_scattered clouds": 0.3640749767831338,
            "weather_description_sky is clear": 0.20326456873299478,
            "weather_description_smoke": 0.42040148320457255,
            "weekday_1": 19.201382522535738,
            "weekday_2": 53.47180348378733,
            "weekday_3": 62.59999028859309,
            "weekday_4": 76.60244600814248,
            "weekday_5": 363.72271717457284,
            "weekday_6": 247.2324100723813,
            "month_2": 1.3555165797443482,
            "month_3": 4.7414632959156835,
            "month_4": 0.3975373953268709,
            "month_5": 2.6100053393377913,
            "month_6": 0.008171694269809784,
            "month_7": 1.3206009714072557,
            "month_8": 0.7994010169528926,
            "month_9": 0.5167194813216403,
            "month_10": 1.3458885761945687,
            "month_11": 12.071485825070475,
            "month_12": 5.67852992111007,
            "hour_8": 73.56595906161635,
            "hour_9": 67.34041465874219,
            "hour_10": 113.1427347090534,
            "hour_11": 43.272372923805946,
            "hour_12": 0.0051072212950681465,
            "hour_13": 5.9264368697284855,
            "hour_14": 0.32264111870733286,
            "hour_15": 82.37677570414787,
            "hour_16": 7.140582293811448,
            "hour_17": 87.94130229017618,
            "hour_18": 209.33827174286063,
            "hour_19": 237.7404431393854,
            "holiday_1": 73.37176465765363
        },
        "correlations": {
            "daystamp": 0.014634441854676663,
            "progr_number": 0.9033535142011407,
            "arr_p": -0.011530143908393584,
            "arr_a": -0.006088064886016976,
            "dep_p": -0.011530143908393584,
            "dep_a": -0.006013104944840382,
            "end_p": -0.032682941455710664,
            "start_p": -0.03438283071523773,
            "start_a": -0.03427818017082019,
            "temp": -0.02412499383518003,
            "feels_like": -0.021727703072639423,
            "temp_min": -0.01973563211456121,
            "temp_max": -0.022681120987021523,
            "pressure": -0.019623818475202316,
            "humidity": 0.01815701947366412,
            "wind_speed": 0.00035498029691306506,
            "wind_deg": 0.015062822479533751,
            "clouds_all": -0.0015595712466972794,
            "dt": 0.014618044080091807,
            "dur_s": 0.9332841868939218
        }
    },
    "modelling": {
        "XGBoost": {
            "time": 8.9507155418396,
            "r_2": 0.9386409294593493,
            "mse": 8085.065607071515,
            "rmse": 89.91699287160083,
            "mae": 64.03412693743552
        },
        "Benchmark": {
            "r_2": 0.8217374491014768,
            "mse": 23489.0197422994,
            "rmse": 153.26127933140646,
            "mae": 108.26212464745893
        }
    },
    "features": [
        "weather_description_broken clouds",
        "weather_description_drizzle",
        "weather_description_few clouds",
        "weather_description_fog",
        "weather_description_light intensity drizzle",
        "weather_description_light intensity drizzle rain",
        "weather_description_light intensity shower rain",
        "weather_description_light rain",
        "weather_description_light shower snow",
        "weather_description_mist",
        "weather_description_moderate rain",
        "weather_description_overcast clouds",
        "weather_description_proximity shower rain",
        "weather_description_scattered clouds",
        "weather_description_sky is clear",
        "weather_description_smoke",
        "weekday_1",
        "weekday_2",
        "weekday_3",
        "weekday_4",
        "weekday_5",
        "weekday_6",
        "month_2",
        "month_3",
        "month_4",
        "month_5",
        "month_6",
        "month_7",
        "month_8",
        "month_9",
        "month_10",
        "month_11",
        "month_12",
        "hour_8",
        "hour_9",
        "hour_10",
        "hour_11",
        "hour_12",
        "hour_13",
        "hour_14",
        "hour_15",
        "hour_16",
        "hour_17",
        "hour_18",
        "hour_19",
        "holiday_1",
        "progr_number",
        "dur_s",
        "humidity"
    ]
}