{
    "rows": {
        "start": 407361,
        "route_filter": 0,
        "nan_filter": -3112,
        "negative_dur": -357,
        "outliers": -3144,
        "end": 400748
    },
    "scr": 0.9808201058201058,
    "stats": {
        "1": {
            "dur_mean": 0.0,
            "dur_std": 0.0
        },
        "2": {
            "dur_mean": 211.9640311804009,
            "dur_std": 162.898727669499
        },
        "3": {
            "dur_mean": 321.8883073496659,
            "dur_std": 186.8838337595505
        },
        "4": {
            "dur_mean": 507.99275523851986,
            "dur_std": 216.39678783116503
        },
        "5": {
            "dur_mean": 615.4134818941504,
            "dur_std": 230.2462554552846
        },
        "6": {
            "dur_mean": 646.0341756651453,
            "dur_std": 235.09161091120905
        },
        "7": {
            "dur_mean": 690.0295818505338,
            "dur_std": 243.10345025179592
        },
        "8": {
            "dur_mean": 833.3872761650539,
            "dur_std": 271.32601127473856
        },
        "9": {
            "dur_mean": 936.677039342076,
            "dur_std": 288.03748487815744
        },
        "10": {
            "dur_mean": 1029.762359737807,
            "dur_std": 297.93724109607734
        },
        "11": {
            "dur_mean": 1096.5369403399623,
            "dur_std": 303.180178912243
        },
        "12": {
            "dur_mean": 1129.7584712809687,
            "dur_std": 309.67580089086084
        },
        "13": {
            "dur_mean": 1241.8426429761244,
            "dur_std": 334.81764499558324
        },
        "14": {
            "dur_mean": 1321.4120390937362,
            "dur_std": 350.18725657234137
        },
        "15": {
            "dur_mean": 1377.4168332222962,
            "dur_std": 359.09988730509247
        },
        "16": {
            "dur_mean": 1426.1212289880887,
            "dur_std": 365.7434123912508
        },
        "17": {
            "dur_mean": 1495.2006681514476,
            "dur_std": 370.79828765766644
        },
        "18": {
            "dur_mean": 1535.970150922303,
            "dur_std": 375.5410177578383
        },
        "19": {
            "dur_mean": 1554.1437513972726,
            "dur_std": 377.0517625644486
        },
        "20": {
            "dur_mean": 1590.1392801251957,
            "dur_std": 382.3929112368871
        },
        "21": {
            "dur_mean": 1636.7653437674678,
            "dur_std": 386.39241306699375
        },
        "22": {
            "dur_mean": 1695.0683951721055,
            "dur_std": 398.2015970828342
        },
        "23": {
            "dur_mean": 1759.293789720147,
            "dur_std": 410.32801287708844
        },
        "24": {
            "dur_mean": 1811.185234600845,
            "dur_std": 418.206466013122
        },
        "25": {
            "dur_mean": 1868.2448049783309,
            "dur_std": 425.8532767308005
        },
        "26": {
            "dur_mean": 1913.9276505890198,
            "dur_std": 430.7294711084619
        },
        "27": {
            "dur_mean": 1955.0133303710286,
            "dur_std": 435.57681874285703
        },
        "28": {
            "dur_mean": 2056.237830629029,
            "dur_std": 450.5658336104485
        },
        "29": {
            "dur_mean": 2142.7983772368566,
            "dur_std": 473.17223222060676
        },
        "30": {
            "dur_mean": 2250.531569586483,
            "dur_std": 487.66877605033767
        },
        "31": {
            "dur_mean": 2314.903290351267,
            "dur_std": 496.0605543491318
        },
        "32": {
            "dur_mean": 2407.718273829385,
            "dur_std": 504.49735923131374
        },
        "33": {
            "dur_mean": 2470.7536699288257,
            "dur_std": 514.6875890833736
        },
        "34": {
            "dur_mean": 2638.6242742295667,
            "dur_std": 536.8462365581229
        },
        "35": {
            "dur_mean": 2704.095509383378,
            "dur_std": 545.2504826727054
        },
        "36": {
            "dur_mean": 2762.3941890237115,
            "dur_std": 556.8368740438137
        },
        "37": {
            "dur_mean": 2814.0781632199246,
            "dur_std": 568.2518314052244
        },
        "38": {
            "dur_mean": 2889.0047217537945,
            "dur_std": 579.9271155831061
        },
        "39": {
            "dur_mean": 2960.7658650634603,
            "dur_std": 599.9877822879423
        },
        "40": {
            "dur_mean": 3013.4170212765957,
            "dur_std": 596.1892225570278
        },
        "41": {
            "dur_mean": 3100.873556776146,
            "dur_std": 602.1806447017109
        },
        "42": {
            "dur_mean": 3160.9752214373807,
            "dur_std": 610.906021617649
        },
        "43": {
            "dur_mean": 3278.6741421843462,
            "dur_std": 617.9375022209161
        },
        "44": {
            "dur_mean": 3324.8442825112106,
            "dur_std": 625.0492805066045
        },
        "45": {
            "dur_mean": 3402.2611906893467,
            "dur_std": 636.4011058962755
        }
    },
    "feature_eval": {
        "f_values": {
            "weather_main_Clouds": 5.016031301347529,
            "weather_main_Drizzle": 28.02434142712342,
            "weather_main_Fog": 16.343932193073094,
            "weather_main_Mist": 4.36453391378931,
            "weather_main_Rain": 34.69354879576102,
            "weather_main_Smoke": 1.0378156363179036,
            "weather_main_Snow": 43.20635964583122,
            "weather_description_broken clouds": 0.29351427609071273,
            "weather_description_drizzle": 0.2385231841498167,
            "weather_description_few clouds": 0.5919381890582707,
            "weather_description_fog": 16.343932193073094,
            "weather_description_heavy intensity rain": 16.64146027524396,
            "weather_description_light intensity drizzle": 1.8955722799361225,
            "weather_description_light intensity drizzle rain": 44.447543382563595,
            "weather_description_light intensity shower rain": 44.872577516682824,
            "weather_description_light rain": 2.250570459006304,
            "weather_description_light shower snow": 23.73727758607274,
            "weather_description_light snow": 9.924124629430567,
            "weather_description_mist": 4.36453391378931,
            "weather_description_moderate rain": 6.818237820156672,
            "weather_description_overcast clouds": 66.56978874212373,
            "weather_description_proximity shower rain": 85.2080011839293,
            "weather_description_scattered clouds": 28.9911617166633,
            "weather_description_sky is clear": 19.351927802485932,
            "weather_description_smoke": 1.0378156363179036,
            "weekday_1": 94.28732063150439,
            "weekday_2": 184.7584281487022,
            "weekday_3": 299.38211484236257,
            "weekday_4": 274.1053378231512,
            "weekday_5": 483.0597595079284,
            "weekday_6": 1385.5102531491618,
            "month_2": 0.7113238463833258,
            "month_3": 0.4077712625180556,
            "month_4": 3.085918573814542,
            "month_5": 15.129881010239194,
            "month_6": 14.47221256280576,
            "month_7": 96.19273669495264,
            "month_8": 53.64792331970561,
            "month_9": 12.31611322773131,
            "month_10": 92.28655138801398,
            "month_11": 166.13944750256263,
            "month_12": 2.0936114401628263,
            "hour_6": 4207.27723546276,
            "hour_7": 865.0755759266586,
            "hour_8": 0.874305502181578,
            "hour_9": 1.5254417625297143,
            "hour_10": 1649.241527952675,
            "hour_11": 442.7880627259258,
            "hour_12": 147.79893904523004,
            "hour_13": 40.09201137198696,