{
    "rows": {
        "start": 273177,
        "route_filter": 0,
        "nan_filter": -12228,
        "negative_dur": -479,
        "outliers": -2343,
        "end": 258127
    },
    "scr": 0.9774906210921217,
    "stats": {
        "1": {
            "dur_mean": 0.0,
            "dur_std": 0.0
        },
        "2": {
            "dur_mean": 91.35180055401662,
            "dur_std": 140.53331632040624
        },
        "3": {
            "dur_mean": 148.39621839813046,
            "dur_std": 134.24341046719852
        },
        "4": {
            "dur_mean": 195.59784446322908,
            "dur_std": 148.0273827533733
        },
        "5": {
            "dur_mean": 234.76276910088646,
            "dur_std": 158.91617911622342
        },
        "6": {
            "dur_mean": 321.37708729655463,
            "dur_std": 171.6083384754513
        },
        "7": {
            "dur_mean": 613.5356991972961,
            "dur_std": 253.88971299616037
        },
        "8": {
            "dur_mean": 734.3393158783783,
            "dur_std": 271.80648503125167
        },
        "9": {
            "dur_mean": 861.6382036685642,
            "dur_std": 292.94829462375094
        },
        "10": {
            "dur_mean": 999.213052631579,
            "dur_std": 314.5988492723962
        },
        "11": {
            "dur_mean": 1092.2336350242053,
            "dur_std": 328.7857445575104
        },
        "12": {
            "dur_mean": 1128.5007366870132,
            "dur_std": 334.27285033807544
        },
        "13": {
            "dur_mean": 1164.9021214030665,
            "dur_std": 339.52397546206646
        },
        "14": {
            "dur_mean": 1211.6351237935376,
            "dur_std": 344.07598372624466
        },
        "15": {
            "dur_mean": 1286.151699538397,
            "dur_std": 357.90785372329725
        },
        "16": {
            "dur_mean": 1355.4749213011542,
            "dur_std": 373.1571922735592
        },
        "17": {
            "dur_mean": 1408.8898447335291,
            "dur_std": 381.57307996686677
        },
        "18": {
            "dur_mean": 1455.7961409395973,
            "dur_std": 390.8519125008315
        },
        "19": {
            "dur_mean": 1522.8117005661563,
            "dur_std": 404.7456345826835
        },
        "20": {
            "dur_mean": 1571.9962256238205,
            "dur_std": 415.6217924971004
        },
        "21": {
            "dur_mean": 1609.133990354372,
            "dur_std": 424.21663329873826
        },
        "22": {
            "dur_mean": 1691.3621882204989,
            "dur_std": 437.28717162677054
        },
        "23": {
            "dur_mean": 1731.8872765509989,
            "dur_std": 444.9088138790647
        },
        "24": {
            "dur_mean": 1810.7026515151515,
            "dur_std": 454.5853340123206
        },
        "25": {
            "dur_mean": 1859.4630604083352,
            "dur_std": 463.0753557563429
        },
        "26": {
            "dur_mean": 1876.606999789163,
            "dur_std": 466.7898545765969
        },
        "27": {
            "dur_mean": 1909.7216124947236,
            "dur_std": 471.1729715699287
        },
        "28": {
            "dur_mean": 1995.2505810268328,
            "dur_std": 484.0875532984012
        },
        "29": {
            "dur_mean": 2027.8461863511516,
            "dur_std": 489.05293566746633
        },
        "30": {
            "dur_mean": 2054.058141984411,
            "dur_std": 498.0604264135129
        },
        "31": {
            "dur_mean": 2127.537017506855,
            "dur_std": 505.8176846619312
        },
        "32": {
            "dur_mean": 2164.4887759423973,
            "dur_std": 509.8480445932299
        },
        "33": {
            "dur_mean": 2186.521757588622,
            "dur_std": 514.4530630078746
        },
        "34": {
            "dur_mean": 2265.9137931034484,
            "dur_std": 534.0699771481221
        },
        "35": {
            "dur_mean": 2288.010821133036,
            "dur_std": 539.9417532190819
        },
        "36": {
            "dur_mean": 2327.812645379573,
            "dur_std": 549.5774203407119
        },
        "37": {
            "dur_mean": 2365.573294018534,
            "dur_std": 562.4548056171675
        },
        "38": {
            "dur_mean": 2580.044870444491,
            "dur_std": 601.5643921983203
        },
        "39": {
            "dur_mean": 2609.773234984194,
            "dur_std": 605.5742362131185
        },
        "40": {
            "dur_mean": 2653.6294030795193,
            "dur_std": 609.4290517927676
        },
        "41": {
            "dur_mean": 2683.2286437460452,
            "dur_std": 611.7873275975064
        },
        "42": {
            "dur_mean": 2758.9869198312235,
            "dur_std": 614.8961564540748
        },
        "43": {
            "dur_mean": 2821.0371935756552,
            "dur_std": 628.5657011972644
        },
        "44": {
            "dur_mean": 2855.9392721117224,
            "dur_std": 630.9144507316589
        },
        "45": {
            "dur_mean": 2882.663351671604,
            "dur_std": 634.1638917224413
        },
        "46": {
            "dur_mean": 2987.661009758167,
            "dur_std": 647.5104853371862
        },
        "47": {
            "dur_mean": 3010.483432455395,
            "dur_std": 650.5313975142509
        },
        "48": {
            "dur_mean": 3034.1345091372714,
            "dur_std": 652.4695345277574
        },
        "49": {
            "dur_mean": 3095.943227726983,
            "dur_std": 658.0916053287807
        },
        "50": {
            "dur_mean": 3173.0394540413736,
            "dur_std": 666.1355338249681
        },
        "51": {
            "dur_mean": 3202.4724526696446,
            "dur_std": 671.376637118572
        },
        "52": {
            "dur_mean": 3225.1952776005105,
            "dur_std": 675.0994124957911
        },
        "53": {
            "dur_mean": 3276.721430091509,
            "dur_std": 680.6760112887584
        },
        "54": {
            "dur_mean": 3323.6128412969283,
            "dur_std": 684.7666021383393
        },
        "55": {
            "dur_mean": 3429.39427359491,
            "dur_std": 695.2831538224289
        }
    },
    "feature_eval": {
        "f_values": {
            "weather_main_Clouds": 33.52824243072496,
            "weather_main_Drizzle": 72.16714869113362,
            "weather_main_Fog": 26.90753876798029,
            "weather_main_Mist": 29.866672440162755,
            "weather_main_Rain": 14.705566071568303,
            "weather_main_Smoke": 0.4842593169244326,
            "weather_main_Snow": 27.06015968857311,
            "weather_description_broken clouds": 40.463469248605875,
            "weather_description_drizzle": 8.81311351830996,
            "weather_description_few clouds": 33.77553597284928,
            "weather_description_fog": 26.90753876798029,
            "weather_description_heavy intensity rain": 7.3878776575202645,
            "weather_description_light intensity drizzle": 15.936260734213784,
            "weather_description_light intensity drizzle rain": 57.84882342609137,
            "weather_description_light intensity shower rain": 12.161336416624943,
            "weather_description_light rain": 1.2541664568077902,
            "weather_description_light shower snow": 10.915530971983458,
            "weather_description_light snow": 53.85768825591371,
            "weather_description_mist": 29.866672440162755,
            "weather_description_moderate rain": 0.059578923672621686,
            "weather_description_overcast clouds": 47.7049379428052,
            "weather_description_proximity shower rain": 54.37240493295373,
            "weather_description_rain and drizzle": 26.942422973305305,
            "weather_description_scattered clouds": 35.23522329676694,