{
    "rows": {
        "start": 259255,
        "route_filter": 0,
        "nan_filter": -2436,
        "negative_dur": 0,
        "outliers": -1505,
        "end": 255314
    },
    "scr": 0.9745676500508647,
    "stats": {
        "1": {
            "dur_mean": 0.0,
            "dur_std": 0.0
        },
        "2": {
            "dur_mean": 99.38429921907111,
            "dur_std": 60.835220231783545
        },
        "3": {
            "dur_mean": 187.24984653161448,
            "dur_std": 205.30413525499392
        },
        "4": {
            "dur_mean": 248.6409574468085,
            "dur_std": 241.1453515985097
        },
        "5": {
            "dur_mean": 291.83955683217073,
            "dur_std": 243.89076998075686
        },
        "6": {
            "dur_mean": 387.4074681986048,
            "dur_std": 77.34972425037058
        },
        "7": {
            "dur_mean": 427.26632443531827,
            "dur_std": 81.75598442537881
        },
        "8": {
            "dur_mean": 453.25441478439427,
            "dur_std": 86.18610280738481
        },
        "9": {
            "dur_mean": 498.15762004175366,
            "dur_std": 87.89753711021397
        },
        "10": {
            "dur_mean": 621.7282971619366,
            "dur_std": 102.55369282937568
        },
        "11": {
            "dur_mean": 650.6930327868853,
            "dur_std": 106.20421433768824
        },
        "12": {
            "dur_mean": 684.6235149528882,
            "dur_std": 109.43002582114111
        },
        "13": {
            "dur_mean": 758.2035181018613,
            "dur_std": 121.00404635695564
        },
        "14": {
            "dur_mean": 818.7827508685878,
            "dur_std": 126.45249970627353
        },
        "15": {
            "dur_mean": 888.37298181075,
            "dur_std": 139.68441851545467
        },
        "16": {
            "dur_mean": 946.247496423462,
            "dur_std": 149.81715571840692
        },
        "17": {
            "dur_mean": 1135.4247751430908,
            "dur_std": 203.64739016498226
        },
        "18": {
            "dur_mean": 1171.6943026342658,
            "dur_std": 213.9746465853854
        },
        "19": {
            "dur_mean": 1212.0137014314928,
            "dur_std": 220.3105759226451
        },
        "20": {
            "dur_mean": 1241.0725441841348,
            "dur_std": 225.5253459898563
        },
        "21": {
            "dur_mean": 1299.2421552436003,
            "dur_std": 236.2420815012473
        },
        "22": {
            "dur_mean": 1321.0860858794385,
            "dur_std": 243.23589628044903
        },
        "23": {
            "dur_mean": 1359.7676809210527,
            "dur_std": 252.64743863719738
        },
        "24": {
            "dur_mean": 1433.9777273664672,
            "dur_std": 271.624070440087
        },
        "25": {
            "dur_mean": 1450.2129018961252,
            "dur_std": 276.53281182481265
        },
        "26": {
            "dur_mean": 1540.8093272802312,
            "dur_std": 310.9528097813556
        },
        "27": {
            "dur_mean": 1594.8490800082695,
            "dur_std": 326.5918576548355
        },
        "28": {
            "dur_mean": 1622.2027640264027,
            "dur_std": 331.07683578765284
        },
        "29": {
            "dur_mean": 1641.2106129164952,
            "dur_std": 334.6459723833769
        },
        "30": {
            "dur_mean": 1696.383467992542,
            "dur_std": 345.2050404235822
        },
        "31": {
            "dur_mean": 1777.7639867384999,
            "dur_std": 358.1789491622636
        },
        "32": {
            "dur_mean": 1820.32048092869,
            "dur_std": 367.83955119210276
        },
        "33": {
            "dur_mean": 1875.314634651211,
            "dur_std": 377.28332263619313
        },
        "34": {
            "dur_mean": 1933.934175119023,
            "dur_std": 390.35842717985315
        },
        "35": {
            "dur_mean": 1988.1010351966875,
            "dur_std": 402.01151471225194
        },
        "36": {
            "dur_mean": 2017.254658385093,
            "dur_std": 408.6795896459779
        },
        "37": {
            "dur_mean": 2068.7962732919254,
            "dur_std": 419.39007363641616
        },
        "38": {
            "dur_mean": 2093.657142857143,
            "dur_std": 424.63060828825314
        },
        "39": {
            "dur_mean": 2147.479089026915,
            "dur_std": 438.94764243510366
        },
        "40": {
            "dur_mean": 2230.632691112492,
            "dur_std": 458.72248181836403
        },
        "41": {
            "dur_mean": 2303.1470892894135,
            "dur_std": 474.2126057312684
        },
        "42": {
            "dur_mean": 2351.1699129714048,
            "dur_std": 481.33804450979204
        },
        "43": {
            "dur_mean": 2379.6435684647304,
            "dur_std": 489.41060462054685
        },
        "44": {
            "dur_mean": 2405.158713692946,
            "dur_std": 498.2504538390139
        },
        "45": {
            "dur_mean": 2504.278620403075,
            "dur_std": 531.9760152020164
        },
        "46": {
            "dur_mean": 2674.413821815154,
            "dur_std": 565.8961226926567
        },
        "47": {
            "dur_mean": 2815.124661810614,
            "dur_std": 589.6144078491402
        },
        "48": {
            "dur_mean": 3097.1957154742095,
            "dur_std": 646.206912041908
        },
        "49": {
            "dur_mean": 3183.2749948035753,
            "dur_std": 660.2899786934281
        },
        "50": {
            "dur_mean": 3271.109816971714,
            "dur_std": 682.0341401581757
        },
        "51": {
            "dur_mean": 3312.744645456436,
            "dur_std": 695.4808138865674
        },
        "52": {
            "dur_mean": 3380.831910018746,
            "dur_std": 711.1776778331877
        },
        "53": {
            "dur_mean": 3452.5697335553705,
            "dur_std": 734.3272493854053
        }
    },
    "feature_eval": {
        "f_values": {
            "weather_main_Clouds": 3.388633551727245,
            "weather_main_Drizzle": 3.6700868823244886e-05,
            "weather_main_Fog": 3.469283134635893,
            "weather_main_Mist": 3.177709796074651e-05,
            "weather_main_Rain": 4.070960372555705,
            "weather_main_Smoke": 0.5868098542641146,
            "weather_main_Snow": 0.02134746246189464,
            "weather_description_broken clouds": 11.905167097355628,
            "weather_description_drizzle": 6.685559260103353,
            "weather_description_few clouds": 12.96625613297096,
            "weather_description_fog": 3.469283134635893,
            "weather_description_heavy intensity rain": 0.048916067639390035,
            "weather_description_light intensity drizzle": 0.126981963466524,
            "weather_description_light intensity drizzle rain": 0.0028128258983178226,
            "weather_description_light intensity shower rain": 0.03933307972970789,
            "weather_description_light rain": 1.0915912567203852,
            "weather_description_light shower snow": 0.08023343700166258,
            "weather_description_light snow": 15.280102721426896,
            "weather_description_mist": 3.177709796074651e-05,
            "weather_description_moderate rain": 0.032447026577877715,
            "weather_description_overcast clouds": 27.1125595751341,
            "weather_description_proximity shower rain": 7.520692535516152,
            "weather_description_rain and drizzle": 13.467137378319734,
            "weather_description_scattered clouds": 7.232585620077351,
            "weather_description_sky is clear": 58.86494358007947,
            "weather_description_smoke": 0.5868098542641146,
            "weekday_1": 86.43561013639274,
            "weekday_2": 48.24104912293702,