{
    "rows": {
        "start": 99918,
        "route_filter": 0,
        "nan_filter": -1287,
        "negative_dur": -11,
        "outliers": -346,
        "end": 98274
    },
    "scr": 0.17568192325473878,
    "stats": {
        "1": {
            "dur_mean": 0.0,
            "dur_std": 0.0
        },
        "2": {
            "dur_mean": 100.4039842483206,
            "dur_std": 57.3693653486565
        },
        "3": {
            "dur_mean": 166.96497332405474,
            "dur_std": 127.51092188421144
        },
        "4": {
            "dur_mean": 237.18955916473317,
            "dur_std": 135.19651438043022
        },
        "5": {
            "dur_mean": 267.08698677800976,
            "dur_std": 138.56615462112973
        },
        "6": {
            "dur_mean": 320.5782992565056,
            "dur_std": 148.7915873495171
        },
        "7": {
            "dur_mean": 369.2361563517915,
            "dur_std": 153.91707575602592
        },
        "8": {
            "dur_mean": 407.75541579315166,
            "dur_std": 159.95499074710816
        },
        "9": {
            "dur_mean": 442.85148975791435,
            "dur_std": 164.24735828393582
        },
        "10": {
            "dur_mean": 482.32991133924406,
            "dur_std": 167.51764218929173
        },
        "11": {
            "dur_mean": 509.5217188229799,
            "dur_std": 169.0661535595132
        },
        "12": {
            "dur_mean": 527.7080803362915,
            "dur_std": 170.06112583991347
        },
        "13": {
            "dur_mean": 590.8982300884956,
            "dur_std": 182.1580769433571
        },
        "14": {
            "dur_mean": 662.0439354989484,
            "dur_std": 183.78438399113506
        },
        "15": {
            "dur_mean": 777.4043636363637,
            "dur_std": 200.17386327556608
        },
        "16": {
            "dur_mean": 816.2427787061351,
            "dur_std": 197.84791396832549
        },
        "17": {
            "dur_mean": 861.4094601051123,
            "dur_std": 201.60079684075933
        },
        "18": {
            "dur_mean": 899.0695672961989,
            "dur_std": 205.07514034832437
        },
        "19": {
            "dur_mean": 964.7736575969179,
            "dur_std": 211.30826842769468
        },
        "20": {
            "dur_mean": 1018.9600577478344,
            "dur_std": 214.99972930864004
        },
        "21": {
            "dur_mean": 1052.8646350106308,
            "dur_std": 221.12680449533656
        },
        "22": {
            "dur_mean": 1108.8623701605288,
            "dur_std": 233.26738500518135
        },
        "23": {
            "dur_mean": 1180.2154028436019,
            "dur_std": 242.09923508752212
        },
        "24": {
            "dur_mean": 1155.7893333333334,
            "dur_std": 200.53378273226542
        }
    },
    "feature_eval": {
        "f_values": {
            "weather_main_Clouds": 20.333863757426478,
            "weather_main_Drizzle": 17.35255420302861,
            "weather_main_Fog": 17.317735708173664,
            "weather_main_Mist": 0.946148848774553,
            "weather_main_Rain": 2.2714838006446554,
            "weather_main_Smoke": 2.5212708236815993,
            "weather_main_Snow": 25.367419042472406,
            "weather_description_broken clouds": 8.456000685983987,
            "weather_description_few clouds": 9.279748940149524,
            "weather_description_fog": 17.317735708173664,
            "weather_description_light intensity drizzle": 6.4327246397372075,
            "weather_description_light intensity drizzle rain": 11.022344748133332,
            "weather_description_light intensity shower rain": 22.239526713606143,
            "weather_description_light rain": 10.261347098706889,
            "weather_description_light shower snow": 28.287808501891412,
            "weather_description_light snow": 6.685074404715138,
            "weather_description_mist": 0.946148848774553,
            "weather_description_moderate rain": 0.020669312534982755,
            "weather_description_overcast clouds": 0.3916447222828274,
            "weather_description_proximity shower rain": 10.361989286006134,
            "weather_description_scattered clouds": 16.17920263726178,
            "weather_description_sky is clear": 10.767956938912043,
            "weather_description_smoke": 2.5212708236815993,
            "weekday_1": 12.697899211728334,
            "weekday_2": 22.68561812296714,
            "weekday_3": 6.524987668874183,
            "weekday_4": 7.174566164704678,
            "weekday_5": 30.49644599668379,
            "weekday_6": 17.195509202970847,
            "month_2": 8.75287690987529,
            "month_3": 1.2231435299766205,
            "month_4": 0.04336254282251221,
            "month_5": 32.41948817033577,
            "month_6": 0.19945811923610904,
            "month_7": 3.183386090373795,
            "month_8": 0.7697312131505258,
            "month_9": 0.002835680215153912,
            "month_10": 1.9328850759595084,
            "hour_7": 196.82919659835787,
            "hour_8": 6.3901618398769875,
            "hour_9": 0.7085518745678164,
            "hour_10": 18.698470759167424,
            "hour_11": 154.04419086832098,
            "hour_12": 286.27712828363315,
            "hour_13": 169.07908002262766,
            "hour_14": 263.01115299257367,
            "hour_15": 372.0777181393285,
            "hour_16": 253.7817389769879,
            "hour_17": 130.90950088053046,
            "hour_18": 0.2264774622603454,
            "hour_19": 13.286222077962066,
            "hour_20": 205.8249946275276,
            "hour_21": 432.92703976792865,
            "hour_22": 530.2475322750306,
            "hour_23": 988.7883987602986,
            "holiday_1": 9.855902564740369
        },
        "correlations": {
            "daystamp": 0.01934845075733802,
            "progr_number": 0.9258922188811738,
            "arr_p": -0.10001787623781312,
            "arr_a": -0.09687018406020521,
            "dep_p": -0.10001787623781312,
            "dep_a": -0.09691448009399191,
            "end_p": -0.11692130990890057,
            "start_p": -0.1180382302184599,
            "start_a": -0.11779499739586423,
            "temp": 0.0773396377950873,
            "feels_like": 0.05246521180514632,
            "temp_min": 0.06943880719180882,
            "temp_max": 0.07074624777928147,
            "pressure": 0.011703961319085451,
            "humidity": -0.11407588462911811,
            "wind_speed": 0.04081924574921357,
            "wind_deg": -0.00910210460632161,
            "clouds_all": 0.006857833633343304,
            "dt": 0.019100249844163524,
            "dur_s": 0.9557458655416008
        }
    },
    "modelling": {
        "XGBoost": {
            "time": 11.867703914642334,
            "r_2": 0.9566891566156402,
            "mse": 5701.441752802824,
            "rmse": 75.50789199019414,
            "mae": 54.26369997871859
        },
        "Benchmark": {
            "r_2": 0.890086319771813,
            "mse": 14469.04277748382,
            "rmse": 120.28733423550386,
            "mae": 84.78163539419594
        }
    },