{
    "rows": {
        "start": 113563,
        "route_filter": 0,
        "nan_filter": -3315,
        "negative_dur": 0,
        "outliers": -554,
        "end": 109694
    },
    "scr": 0.995764705882353,
    "stats": {
        "1": {
            "dur_mean": 0.0,
            "dur_std": 0.0
        },
        "2": {
            "dur_mean": 63.466335931963144,
            "dur_std": 24.38668024093301
        },
        "3": {
            "dur_mean": 108.16091682419659,
            "dur_std": 28.824350146067744
        },
        "4": {
            "dur_mean": 142.159820585458,
            "dur_std": 37.75909720627879
        },
        "5": {
            "dur_mean": 178.55406043437205,
            "dur_std": 46.97930570098417
        },
        "6": {
            "dur_mean": 248.63001415762153,
            "dur_std": 53.11557720168179
        },
        "7": {
            "dur_mean": 304.35330188679245,
            "dur_std": 58.91122455703605
        },
        "8": {
            "dur_mean": 321.83144743045733,
            "dur_std": 61.42851156993709
        },
        "9": {
            "dur_mean": 351.8026874115983,
            "dur_std": 63.39591976692535
        },
        "10": {
            "dur_mean": 371.55162659123056,
            "dur_std": 66.17939363499002
        },
        "11": {
            "dur_mean": 430.20424528301885,
            "dur_std": 72.04818563281543
        },
        "12": {
            "dur_mean": 476.4455983006844,
            "dur_std": 77.34738653367839
        },
        "13": {
            "dur_mean": 569.9879716981133,
            "dur_std": 114.21041530248489
        },
        "14": {
            "dur_mean": 602.5362113706062,
            "dur_std": 102.75371825065835
        },
        "15": {
            "dur_mean": 625.8901461574729,
            "dur_std": 100.69123606151952
        },
        "16": {
            "dur_mean": 653.3624145248762,
            "dur_std": 104.01702959366533
        },
        "17": {
            "dur_mean": 698.7397454031118,
            "dur_std": 110.49850673341605
        },
        "18": {
            "dur_mean": 747.1053748231966,
            "dur_std": 117.977455490935
        },
        "19": {
            "dur_mean": 773.508131039359,
            "dur_std": 123.23217094586126
        },
        "20": {
            "dur_mean": 830.1491868960641,
            "dur_std": 136.79863044294086
        },
        "21": {
            "dur_mean": 873.6497761018147,
            "dur_std": 149.14508026199596
        },
        "22": {
            "dur_mean": 897.4591981132075,
            "dur_std": 154.67101732453332
        },
        "23": {
            "dur_mean": 966.0143766203158,
            "dur_std": 173.29807296697092
        },
        "24": {
            "dur_mean": 995.9113834551025,
            "dur_std": 179.94505728092332
        },
        "25": {
            "dur_mean": 1085.7386175984902,
            "dur_std": 208.70962936209085
        },
        "26": {
            "dur_mean": 1185.838679245283,
            "dur_std": 249.0395808360149
        }
    },
    "feature_eval": {
        "f_values": {
            "weather_main_Clouds": 18.026910773919937,
            "weather_main_Drizzle": 6.712180316664457,
            "weather_main_Fog": 9.396211772599042,
            "weather_main_Mist": 1.553817521247012,
            "weather_main_Rain": 0.21483281891807973,
            "weather_main_Smoke": 0.7204165374013256,
            "weather_main_Snow": 8.987995753376271,
            "weather_description_broken clouds": 3.151352842450342,
            "weather_description_few clouds": 0.828103919187677,
            "weather_description_fog": 9.396211772599042,
            "weather_description_light intensity drizzle": 1.596752753782633,
            "weather_description_light intensity drizzle rain": 5.859684251971491,
            "weather_description_light intensity shower rain": 0.05180177854891346,
            "weather_description_light rain": 0.21354320945308147,
            "weather_description_light shower snow": 8.027614613037587,
            "weather_description_light snow": 2.955995424128026,
            "weather_description_mist": 1.553817521247012,
            "weather_description_moderate rain": 4.027035932386625,
            "weather_description_overcast clouds": 0.04463325677369566,
            "weather_description_proximity shower rain": 0.26217933007871763,
            "weather_description_scattered clouds": 1.7676997315407452,
            "weather_description_sky is clear": 6.162917255303749,
            "weather_description_smoke": 0.7204165374013256,
            "weekday_1": 5.379043065869381,
            "weekday_2": 19.43052920522367,
            "weekday_3": 14.36242766641174,
            "weekday_4": 15.807811341512584,
            "weekday_5": 9.546149696708852,
            "weekday_6": 80.81286964772441,
            "month_2": 13.873488517513541,
            "month_3": 0.8739834322888591,
            "month_4": 0.505049219087997,
            "month_5": 5.5992777230737945,
            "month_6": 2.2287520516954515,
            "month_7": 0.7457806725935893,
            "month_8": 0.3018258864336193,
            "month_9": 8.769767168623307,
            "month_10": 0.8747922875219482,
            "hour_6": 534.1176974013159,
            "hour_7": 573.4955690949818,
            "hour_8": 1.4982977955967003,
            "hour_9": 143.09097681100954,
            "hour_10": 97.10571979613351,
            "hour_11": 127.39531490851118,
            "hour_12": 166.67142956248267,
            "hour_13": 81.50007669106965,
            "hour_14": 84.40322479142466,
            "hour_15": 97.01358730613595,
            "hour_16": 14.202301886233634,
            "hour_17": 0.19676919581231683,
            "hour_18": 7.285791308659048,
            "hour_19": 7.771838594222439,
            "hour_20": 53.186516620854825,
            "hour_21": 252.7483839896303,
            "hour_22": 361.5896042261666,
            "hour_23": 45.157644896900024,
            "holiday_1": 50.332200280288376
        },
        "correlations": {
            "daystamp": 0.02006657604140208,
            "progr_number": 0.9468242903572125,
            "arr_p": -0.09171275515243124,
            "arr_a": -0.08932142355466256,
            "dep_p": -0.09171275515243124,
            "dep_a": -0.08911714664366556,
            "end_p": -0.10839854935819136,
            "start_p": -0.10921204965604246,
            "start_a": -0.10927187970688905,
            "temp": 0.04132079150365414,
            "feels_like": 0.027587704939183624,
            "temp_min": 0.039542803530129046,
            "temp_max": 0.03540838444301688,
            "pressure": 0.011592094576975912,
            "humidity": -0.05887697721017236,
            "wind_speed": 0.023603807312922918,
            "wind_deg": 0.003779305960431184,
            "clouds_all": -0.0012255860766672078,
            "dt": 0.01984222390264412,
            "dur_s": 0.9657283261835159
        }
    },
    "modelling": {
        "XGBoost": {
            "time": 13.703227758407593,
            "r_2": 0.9629772691638461,
            "mse": 4411.446973079106,
            "rmse": 66.41872456678995,
            "mae": 44.496610142502504
        },
        "Benchmark": {
            "r_2": 0.896208898934128,
            "mse": 12367.238404317386,
            "rmse": 111.20808605635378,
            "mae": 78.03558926487747
        }
    },