{
    "rows": {
        "start": 290375,
        "route_filter": -35786,
        "nan_filter": -17083,
        "negative_dur": -5,
        "outliers": -3611,
        "end": 233890
    },
    "scr": 0.009192645883293365,
    "stats": {
        "1": {
            "dur_mean": 0.0,
            "dur_std": 0.0
        },
        "2": {
            "dur_mean": 29.870044052863435,
            "dur_std": 16.463279962998193
        },
        "3": {
            "dur_mean": 86.12572572572573,
            "dur_std": 35.72716508819495
        },
        "4": {
            "dur_mean": 171.32132853141258,
            "dur_std": 64.43446491930675
        },
        "5": {
            "dur_mean": 213.37337337337337,
            "dur_std": 68.29912339143877
        },
        "6": {
            "dur_mean": 231.98938726471766,
            "dur_std": 72.18553552936025
        },
        "7": {
            "dur_mean": 284.1392835701421,
            "dur_std": 81.23319812557673
        },
        "8": {
            "dur_mean": 314.14251401120896,
            "dur_std": 86.98414538036432
        },
        "9": {
            "dur_mean": 366.17677677677676,
            "dur_std": 96.38574186415158
        },
        "10": {
            "dur_mean": 396.6625300240192,
            "dur_std": 100.26540458443571
        },
        "11": {
            "dur_mean": 418.44364364364367,
            "dur_std": 104.76516341081386
        },
        "12": {
            "dur_mean": 459.8512214657589,
            "dur_std": 111.10687974075155
        },
        "13": {
            "dur_mean": 513.3778266960176,
            "dur_std": 134.38390290256882
        },
        "14": {
            "dur_mean": 570.8704963971177,
            "dur_std": 151.57525424664055
        },
        "15": {
            "dur_mean": 640.2988988988989,
            "dur_std": 170.80221141219673
        },
        "16": {
            "dur_mean": 655.1557557557558,
            "dur_std": 173.55119067106517
        },
        "17": {
            "dur_mean": 675.7562587622672,
            "dur_std": 178.10580439018457
        },
        "18": {
            "dur_mean": 719.5346554487179,
            "dur_std": 192.23867841301305
        },
        "19": {
            "dur_mean": 804.670538754256,
            "dur_std": 212.98218344263572
        },
        "20": {
            "dur_mean": 851.3390747045864,
            "dur_std": 221.28378207369641
        },
        "21": {
            "dur_mean": 879.5540648778534,
            "dur_std": 225.11547914576653
        },
        "22": {
            "dur_mean": 900.6012417384338,
            "dur_std": 229.14642469124036
        },
        "23": {
            "dur_mean": 987.1099979963935,
            "dur_std": 248.4975480462332
        },
        "24": {
            "dur_mean": 1052.7499499098376,
            "dur_std": 264.6967304401566
        },
        "25": {
            "dur_mean": 1130.5168214654282,
            "dur_std": 298.61751780555176
        },
        "27": {
            "dur_mean": 1193.0794289161472,
            "dur_std": 318.2514784647001
        },
        "28": {
            "dur_mean": 1226.0488638648703,
            "dur_std": 324.69726760866706
        },
        "29": {
            "dur_mean": 1270.2497988736927,
            "dur_std": 331.49198569820084
        },
        "30": {
            "dur_mean": 1295.752064451158,
            "dur_std": 336.34680615571204
        },
        "31": {
            "dur_mean": 1372.812865497076,
            "dur_std": 354.89321620036435
        },
        "32": {
            "dur_mean": 1437.203912868092,
            "dur_std": 370.8754313850154
        },
        "33": {
            "dur_mean": 1465.8251311012505,
            "dur_std": 379.5701191688823
        },
        "34": {
            "dur_mean": 1543.3372303970973,
            "dur_std": 399.367035690578
        },
        "35": {
            "dur_mean": 1567.5896815800081,
            "dur_std": 406.1618636731649
        },
        "36": {
            "dur_mean": 1612.7604923325262,
            "dur_std": 415.7960069741174
        },
        "37": {
            "dur_mean": 1690.5824087149485,
            "dur_std": 429.51037160843634
        },
        "38": {
            "dur_mean": 1786.694091550716,
            "dur_std": 445.3082671485219
        },
        "39": {
            "dur_mean": 1815.28582963262,
            "dur_std": 449.1998906338417
        },
        "40": {
            "dur_mean": 1838.0173527037934,
            "dur_std": 453.39001294256366
        },
        "41": {
            "dur_mean": 1937.003631961259,
            "dur_std": 471.2247352880048
        },
        "42": {
            "dur_mean": 2117.4691283292977,
            "dur_std": 518.5378983483645
        },
        "43": {
            "dur_mean": 2287.748878923767,
            "dur_std": 541.3528190966598
        },
        "44": {
            "dur_mean": 2431.598546209761,
            "dur_std": 569.6546944562481
        },
        "45": {
            "dur_mean": 2450.3929011079194,
            "dur_std": 574.0318175134794
        },
        "47": {
            "dur_mean": 2729.4048608226008,
            "dur_std": 605.846845457575
        },
        "48": {
            "dur_mean": 2781.680133277801,
            "dur_std": 610.8029115584848
        },
        "49": {
            "dur_mean": 2926.9075984003366,
            "dur_std": 633.4350669892897
        },
        "26": {
            "dur_mean": 1149.6438480782351,
            "dur_std": 317.74308050792644
        },
        "46": {
            "dur_mean": 2359.608695652174,
            "dur_std": 598.1636891636072
        }
    },
    "feature_eval": {
        "f_values": {
            "weather_main_Clouds": 37.13845230172905,
            "weather_main_Drizzle": 1.5005162617218217,
            "weather_main_Fog": 2.261837144972245,
            "weather_main_Mist": 1.0660529089014001,
            "weather_main_Rain": 4.542176260685348,
            "weather_main_Smoke": 0.007626148638345278,
            "weather_main_Snow": 17.64119814613248,
            "weather_description_broken clouds": 17.651582878820452,
            "weather_description_drizzle": 1.2487487705030396,
            "weather_description_few clouds": 1.3839370312393628,
            "weather_description_fog": 2.261837144972245,
            "weather_description_heavy intensity rain": 3.536113839602319,
            "weather_description_light intensity drizzle": 1.5411059794291389,
            "weather_description_light intensity drizzle rain": 0.08621295998869954,
            "weather_description_light intensity shower rain": 1.0277144833875036,
            "weather_description_light rain": 4.106487160661013,
            "weather_description_light shower snow": 5.9351042895234345,
            "weather_description_light snow": 14.30732481335567,
            "weather_description_mist": 1.0660529089014001,
            "weather_description_moderate rain": 10.205290693175339,
            "weather_description_overcast clouds": 13.977812181565858,
            "weather_description_proximity shower rain": 0.501716118768832,
            "weather_description_scattered clouds": 11.848394982599164,
            "weather_description_sky is clear": 53.09247993653863,
            "weather_description_smoke": 0.007626148638345278,
            "weekday_1": 2.951519870127667,
            "weekday_2": 1.06595545499512,
            "weekday_3": 23.962010242148864,
            "weekday_4": 182.94051726427764,
            "weekday_5": 8.315735792883324,
            "weekday_6": 118.15611110887855,
            "month_2": 0.5759513429344639,
            "month_3": 1.754317945448287,
            "month_4": 5.445471205127482,
            "month_5": 3.5231559525669467,
            "month_6": 0.027036551246225806,
            "month_7": 0.023477426219981362,
            "month_8": 4.821792265032814,
            "month_9": 0.3302912808974891,