{
    "rows": {
        "start": 313711,
        "route_filter": -82991,
        "nan_filter": -1953,
        "negative_dur": -14,
        "outliers": -1942,
        "end": 226811
    },
    "scr": 0.9051470588235294,
    "stats": {
        "1": {
            "dur_mean": 0.0,
            "dur_std": 0.0
        },
        "2": {
            "dur_mean": 106.4529280948851,
            "dur_std": 100.14084154465063
        },
        "3": {
            "dur_mean": 237.3569972196478,
            "dur_std": 114.59418363568226
        },
        "4": {
            "dur_mean": 333.98383800854543,
            "dur_std": 126.38580579013754
        },
        "5": {
            "dur_mean": 353.2899276572065,
            "dur_std": 135.5267260630862
        },
        "6": {
            "dur_mean": 373.5236593059937,
            "dur_std": 139.6344484078075
        },
        "7": {
            "dur_mean": 417.25393883225206,
            "dur_std": 149.08032620143496
        },
        "8": {
            "dur_mean": 473.74197736969023,
            "dur_std": 154.7967247419023
        },
        "9": {
            "dur_mean": 585.269616957977,
            "dur_std": 167.75164689883638
        },
        "10": {
            "dur_mean": 619.5792023853895,
            "dur_std": 165.74139224484423
        },
        "11": {
            "dur_mean": 675.9445065176909,
            "dur_std": 169.68660729167604
        },
        "12": {
            "dur_mean": 733.7259355799665,
            "dur_std": 172.83095182891347
        },
        "13": {
            "dur_mean": 786.9532936360253,
            "dur_std": 180.5540366435459
        },
        "14": {
            "dur_mean": 828.5056765308021,
            "dur_std": 184.4882989289834
        },
        "15": {
            "dur_mean": 853.5449469570073,
            "dur_std": 188.42803907928337
        },
        "16": {
            "dur_mean": 916.3464186046511,
            "dur_std": 203.9496182270163
        },
        "17": {
            "dur_mean": 1048.0660588016376,
            "dur_std": 215.80714085787216
        },
        "18": {
            "dur_mean": 1088.0549470948579,
            "dur_std": 221.80070947260523
        },
        "19": {
            "dur_mean": 1129.020226387085,
            "dur_std": 227.03267950691873
        },
        "20": {
            "dur_mean": 1249.4615812917596,
            "dur_std": 259.5574838865061
        },
        "21": {
            "dur_mean": 1349.703414996288,
            "dur_std": 273.7245020753793
        },
        "22": {
            "dur_mean": 1407.6931501763504,
            "dur_std": 276.7059591934778
        },
        "23": {
            "dur_mean": 1453.5059369202227,
            "dur_std": 282.1677957003904
        },
        "24": {
            "dur_mean": 1521.4637223974764,
            "dur_std": 285.03784382489914
        },
        "25": {
            "dur_mean": 1581.6060188827694,
            "dur_std": 293.77166212218015
        },
        "32": {
            "dur_mean": 2105.920315730126,
            "dur_std": 337.7668769996487
        },
        "33": {
            "dur_mean": 2157.5806390977446,
            "dur_std": 340.45783442202065
        },
        "34": {
            "dur_mean": 2220.378713802181,
            "dur_std": 344.13300668121883
        },
        "35": {
            "dur_mean": 2298.4215870628054,
            "dur_std": 352.56947817198034
        },
        "36": {
            "dur_mean": 2496.6902924451665,
            "dur_std": 364.7491333304044
        },
        "37": {
            "dur_mean": 2638.3455782312926,
            "dur_std": 379.55262186008935
        },
        "38": {
            "dur_mean": 2685.0063706563706,
            "dur_std": 392.9700677942658
        },
        "39": {
            "dur_mean": 2786.8901571856286,
            "dur_std": 429.9679835484396
        },
        "40": {
            "dur_mean": 2808.2419988770353,
            "dur_std": 435.60949870318086
        },
        "41": {
            "dur_mean": 2827.0794007490636,
            "dur_std": 438.94968767224753
        },
        "42": {
            "dur_mean": 3017.8069185937206,
            "dur_std": 503.5909136702269
        },
        "43": {
            "dur_mean": 3048.891902001122,
            "dur_std": 522.329261814546
        },
        "26": {
            "dur_mean": 1641.1326243980739,
            "dur_std": 296.665334269018
        },
        "27": {
            "dur_mean": 1674.5015057217427,
            "dur_std": 299.0540760621378
        },
        "28": {
            "dur_mean": 1798.039524174981,
            "dur_std": 312.31027996004843
        },
        "29": {
            "dur_mean": 1829.60022292402,
            "dur_std": 317.47487828578477
        },
        "30": {
            "dur_mean": 1969.0423011844332,
            "dur_std": 322.7973367683117
        },
        "31": {
            "dur_mean": 2027.7140439932318,
            "dur_std": 328.5062549558433
        }
    },
    "feature_eval": {
        "f_values": {
            "weather_main_Clouds": 16.637039795409596,
            "weather_main_Drizzle": 44.10500931611375,
            "weather_main_Fog": 0.23671926297591842,
            "weather_main_Mist": 0.24762308856660264,
            "weather_main_Rain": 1.7633137326406045,
            "weather_main_Smoke": 6.489791767014585,
            "weather_main_Snow": 25.886676233543028,
            "weather_description_broken clouds": 0.6477684394450894,
            "weather_description_few clouds": 2.6002166434673724,
            "weather_description_fog": 0.23671926297591842,
            "weather_description_light intensity drizzle": 26.520019140668186,
            "weather_description_light intensity drizzle rain": 16.615180630746774,
            "weather_description_light intensity shower rain": 11.67920707584013,
            "weather_description_light rain": 9.604368822623526,
            "weather_description_light shower snow": 25.354009305851193,
            "weather_description_light snow": 0.6202345938863162,
            "weather_description_mist": 0.24762308856660264,
            "weather_description_moderate rain": 2.35247602729518,
            "weather_description_overcast clouds": 7.341680084345094,
            "weather_description_proximity shower rain": 15.01942874655419,
            "weather_description_scattered clouds": 24.999504030200278,
            "weather_description_sky is clear": 0.35976534526087106,
            "weather_description_smoke": 6.489791767014585,
            "weekday_1": 0.5335969660937246,
            "weekday_2": 0.7551263352809485,
            "weekday_3": 57.35271046513404,
            "weekday_4": 61.007535426870305,
            "weekday_5": 0.847610500118522,
            "weekday_6": 257.5940477292168,
            "month_2": 0.042708948623778276,
            "month_3": 0.06522293967198585,
            "month_4": 0.9445916287633858,
            "month_5": 6.775576065914784,
            "month_6": 1.0228404532776851,
            "month_7": 20.848726352826777,
            "month_8": 11.94970495137859,
            "month_9": 42.14755853497093,
            "month_10": 14.30661666119037,
            "hour_8": 0.042054487424516736,
            "hour_9": 66.02239273761846,
            "hour_10": 647.6641519637299,
            "hour_11": 20.165224834025548,
            "hour_12": 520.663344392507,
            "hour_13": 512.1784851735277,
            "hour_14": 14.587575949549722,
            "hour_15": 375.184824206259,
            "hour_16": 220.98118137334686,
            "hour_17": 519.4971326306268,
            "hour_18": 427.80156643372084,
            "hour_19": 537.3190120468342,
            "hour_20": 1846.3997056915184,
            "hour_21": 256.59817047980596,
            "hour_22": 476.31473205425425,
            "holiday_1": 116.59947326890074
        },
        "correlations": {
            "daystamp": 0.006565757407665817,