{
    "rows": {
        "start": 272803,
        "route_filter": -76890,
        "nan_filter": -2501,
        "negative_dur": 0,
        "outliers": -1565,
        "end": 191847
    },
    "scr": 0.8646254573464279,
    "stats": {
        "1": {
            "dur_mean": 0.0,
            "dur_std": 0.0
        },
        "2": {
            "dur_mean": 75.005453837164,
            "dur_std": 88.92081493177088
        },
        "3": {
            "dur_mean": 177.63471654003507,
            "dur_std": 102.92294646910202
        },
        "4": {
            "dur_mean": 231.5863609869827,
            "dur_std": 122.93262349302177
        },
        "5": {
            "dur_mean": 339.0478506127213,
            "dur_std": 139.26901872842245
        },
        "6": {
            "dur_mean": 449.97582325969154,
            "dur_std": 147.89587748313258
        },
        "7": {
            "dur_mean": 509.0847492747617,
            "dur_std": 151.24537544425584
        },
        "8": {
            "dur_mean": 580.5417071748006,
            "dur_std": 158.72584164242895
        },
        "9": {
            "dur_mean": 633.368461987167,
            "dur_std": 160.29078057616334
        },
        "10": {
            "dur_mean": 697.3740517409065,
            "dur_std": 164.75121540177574
        },
        "11": {
            "dur_mean": 777.6539509536784,
            "dur_std": 170.64662073920215
        },
        "12": {
            "dur_mean": 917.3953229398663,
            "dur_std": 201.9002857744583
        },
        "13": {
            "dur_mean": 951.7197218466293,
            "dur_std": 217.33264463213396
        },
        "14": {
            "dur_mean": 1075.083733556066,
            "dur_std": 236.11612579104434
        },
        "15": {
            "dur_mean": 1103.4853862212944,
            "dur_std": 238.09925463741453
        },
        "16": {
            "dur_mean": 1139.3395911556113,
            "dur_std": 241.65608257626917
        },
        "17": {
            "dur_mean": 1241.2254940711462,
            "dur_std": 244.67711182586308
        },
        "18": {
            "dur_mean": 1340.5426970633694,
            "dur_std": 255.2888660579036
        },
        "19": {
            "dur_mean": 1384.3259903381643,
            "dur_std": 259.8368898488136
        },
        "20": {
            "dur_mean": 1449.5439241486067,
            "dur_std": 264.3362370580847
        },
        "21": {
            "dur_mean": 1568.5209986452487,
            "dur_std": 277.5935070270252
        },
        "22": {
            "dur_mean": 1634.7844010063866,
            "dur_std": 282.88273106020307
        },
        "23": {
            "dur_mean": 1678.327399380805,
            "dur_std": 285.97909601897686
        },
        "24": {
            "dur_mean": 1797.231305695467,
            "dur_std": 299.86079241983754
        },
        "25": {
            "dur_mean": 1822.7906074131574,
            "dur_std": 305.99813101562256
        },
        "26": {
            "dur_mean": 1841.6479720551135,
            "dur_std": 308.61707709696657
        },
        "27": {
            "dur_mean": 1902.7912215964266,
            "dur_std": 314.6060666736767
        },
        "28": {
            "dur_mean": 1949.9036893203884,
            "dur_std": 336.55354614270226
        },
        "29": {
            "dur_mean": 2007.3564356435643,
            "dur_std": 340.687810737739
        },
        "30": {
            "dur_mean": 2052.7724713647835,
            "dur_std": 343.9114108486806
        },
        "31": {
            "dur_mean": 2108.31217239371,
            "dur_std": 351.3511418219258
        },
        "32": {
            "dur_mean": 2171.3973714727485,
            "dur_std": 361.2594790095096
        },
        "33": {
            "dur_mean": 2243.607460378817,
            "dur_std": 369.3240668237147
        },
        "34": {
            "dur_mean": 2268.601971776532,
            "dur_std": 369.8775046125205
        },
        "35": {
            "dur_mean": 2291.700367291707,
            "dur_std": 372.53003573797093
        },
        "36": {
            "dur_mean": 2389.737178246565,
            "dur_std": 379.162983119032
        },
        "37": {
            "dur_mean": 2454.9857866043612,
            "dur_std": 384.2684467085703
        },
        "38": {
            "dur_mean": 2611.0617091687755,
            "dur_std": 520.2127716350627
        }
    },
    "feature_eval": {
        "f_values": {
            "weather_main_Clouds": 17.895679999128983,
            "weather_main_Drizzle": 18.050256105334253,
            "weather_main_Fog": 2.596995437961416,
            "weather_main_Mist": 2.468682232525935,
            "weather_main_Rain": 2.8987464213650327,
            "weather_main_Smoke": 0.005118810982530186,
            "weather_main_Snow": 0.8222727205169233,
            "weather_description_broken clouds": 0.09520271858425776,
            "weather_description_few clouds": 6.080382323854172,
            "weather_description_fog": 2.596995437961416,
            "weather_description_light intensity drizzle": 16.117132245206374,
            "weather_description_light intensity drizzle rain": 3.23492206608791,
            "weather_description_light intensity shower rain": 0.8116424110683396,
            "weather_description_light rain": 32.05020507458036,
            "weather_description_light shower snow": 0.6048389383242685,
            "weather_description_light snow": 3.768822328463363,
            "weather_description_mist": 2.468682232525935,
            "weather_description_moderate rain": 2.186871680437712,
            "weather_description_overcast clouds": 2.1997331191987723,
            "weather_description_proximity shower rain": 16.462043806744177,
            "weather_description_scattered clouds": 10.805297771974535,
            "weather_description_sky is clear": 6.624786349485933,
            "weather_description_smoke": 0.005118810982530186,
            "weekday_1": 12.609344152692884,
            "weekday_2": 5.988377133631816,
            "weekday_3": 17.68509281384827,
            "weekday_4": 112.43737480134104,
            "weekday_5": 0.026076241682004547,
            "weekday_6": 130.16337470067512,
            "month_2": 5.103644150057735,
            "month_3": 0.3546425943018546,
            "month_4": 1.3311217474602184,
            "month_5": 10.443014010855272,
            "month_6": 0.7281273417888271,
            "month_7": 2.892887572622241,
            "month_8": 0.013268262057666392,
            "month_9": 46.059996366763244,
            "month_10": 9.177074725852252,
            "hour_9": 8.285969390857558,
            "hour_10": 82.48722747906645,
            "hour_11": 651.3435873856608,
            "hour_12": 58.31014370235576,
            "hour_13": 2.329831112911509,
            "hour_14": 71.76690455836174,
            "hour_15": 11.726240019642397,
            "hour_16": 131.3115281850624,
            "hour_17": 458.63661038540374,
            "hour_18": 382.3546579998952,
            "hour_19": 9.165853642162116,
            "hour_20": 1250.9479994107355,
            "hour_21": 260.432073447588,
            "hour_22": 86.87792802990306,
            "holiday_1": 34.578957270839275
        },
        "correlations": {
            "daystamp": 0.022429160422173737,
            "progr_number": 0.9505544199928969,
            "arr_p": 0.01086499016927598,
            "arr_a": 0.01976251672926498,
            "dep_p": 0.01086499016927598,
            "dep_a": 0.019791465653049244,
            "end_p": -0.03806964164825524,
            "start_p": -0.03961924474242462,
            "start_a": -0.038654032163270007,
            "temp": 0.028545851433646168,
            "feels_like": 0.022165988172128174,
            "temp_min": 0.02528173347920818,
            "temp_max": 0.028057739247489777,
            "pressure": 0.017009770266525902,
            "humidity": -0.04745330955216339,