{
    "rows": {
        "start": 360581,
        "route_filter": -181958,
        "nan_filter": -7194,
        "negative_dur": -143,
        "outliers": -1741,
        "end": 169545
    },
    "scr": 0.9808184143222506,
    "stats": {
        "1": {
            "dur_mean": 0.0,
            "dur_std": 0.0
        },
        "2": {
            "dur_mean": 361.04836601307187,
            "dur_std": 335.18966486867464
        },
        "3": {
            "dur_mean": 526.8053020425901,
            "dur_std": 342.47369227768564
        },
        "4": {
            "dur_mean": 594.6460869565217,
            "dur_std": 348.6507828529652
        },
        "5": {
            "dur_mean": 651.8214596003476,
            "dur_std": 354.046708137164
        },
        "6": {
            "dur_mean": 783.8171949630917,
            "dur_std": 366.2498969076037
        },
        "7": {
            "dur_mean": 920.997399219766,
            "dur_std": 401.7160198668842
        },
        "8": {
            "dur_mean": 980.5648027741656,
            "dur_std": 405.51896608776343
        },
        "9": {
            "dur_mean": 1015.4402079722704,
            "dur_std": 385.38710083458113
        },
        "10": {
            "dur_mean": 1042.852253032929,
            "dur_std": 389.96563741022715
        },
        "11": {
            "dur_mean": 1086.5980944131659,
            "dur_std": 397.1972163756192
        },
        "12": {
            "dur_mean": 1148.4233766233767,
            "dur_std": 402.1419534040155
        },
        "13": {
            "dur_mean": 1215.7801817395068,
            "dur_std": 405.85388064947136
        },
        "14": {
            "dur_mean": 1253.4345006485084,
            "dur_std": 408.3342958902594
        },
        "15": {
            "dur_mean": 1312.3439930855661,
            "dur_std": 416.59950077663655
        },
        "16": {
            "dur_mean": 1338.794727744166,
            "dur_std": 419.6394698944949
        },
        "17": {
            "dur_mean": 1392.194900605013,
            "dur_std": 431.3185151622388
        },
        "18": {
            "dur_mean": 1457.4820734341254,
            "dur_std": 440.8560120252731
        },
        "19": {
            "dur_mean": 1482.410799136069,
            "dur_std": 443.67630534914986
        },
        "20": {
            "dur_mean": 1567.6989200863932,
            "dur_std": 470.0634692738471
        },
        "21": {
            "dur_mean": 1630.44060475162,
            "dur_std": 478.60968456241824
        },
        "22": {
            "dur_mean": 1658.0911447084234,
            "dur_std": 481.03031158184825
        },
        "23": {
            "dur_mean": 1683.8350604490502,
            "dur_std": 486.4531537973091
        },
        "24": {
            "dur_mean": 1708.8972366148532,
            "dur_std": 492.5615627582315
        },
        "25": {
            "dur_mean": 1781.2556131260794,
            "dur_std": 510.0661976590854
        },
        "26": {
            "dur_mean": 1865.1127429805615,
            "dur_std": 526.106200756595
        },
        "27": {
            "dur_mean": 1945.5649546827794,
            "dur_std": 541.2976833349009
        },
        "28": {
            "dur_mean": 2015.2054380664651,
            "dur_std": 555.2622636542691
        },
        "29": {
            "dur_mean": 2100.1898188093182,
            "dur_std": 587.9687455836589
        },
        "30": {
            "dur_mean": 2202.8645383951684,
            "dur_std": 603.2836057461235
        },
        "31": {
            "dur_mean": 2265.9034066407935,
            "dur_std": 611.7718331415056
        },
        "32": {
            "dur_mean": 2357.047434238896,
            "dur_std": 621.207795011057
        },
        "33": {
            "dur_mean": 2421.472617507546,
            "dur_std": 631.8507765297222
        },
        "34": {
            "dur_mean": 2587.1665947345705,
            "dur_std": 656.880135809746
        },
        "35": {
            "dur_mean": 2651.8811795316565,
            "dur_std": 669.8981090793005
        },
        "36": {
            "dur_mean": 2715.078787878788,
            "dur_std": 680.4893520033615
        },
        "37": {
            "dur_mean": 2774.7746113989638,
            "dur_std": 696.9670097479183
        },
        "38": {
            "dur_mean": 2924.629373650108,
            "dur_std": 730.5244851045956
        },
        "39": {
            "dur_mean": 2983.7770095073465,
            "dur_std": 735.7827519581289
        },
        "40": {
            "dur_mean": 3072.7066436583264,
            "dur_std": 747.1586109155194
        },
        "41": {
            "dur_mean": 3136.3934426229507,
            "dur_std": 761.7522848360103
        },
        "42": {
            "dur_mean": 3233.4210526315787,
            "dur_std": 787.5168157092733
        },
        "43": {
            "dur_mean": 3309.6343251401468,
            "dur_std": 796.7120846174904
        },
        "44": {
            "dur_mean": 3347.0,
            "dur_std": 802.6168240061627
        },
        "45": {
            "dur_mean": 3396.1704347826085,
            "dur_std": 806.6001711493213
        },
        "46": {
            "dur_mean": 3474.57819287576,
            "dur_std": 809.5423104856483
        },
        "47": {
            "dur_mean": 3494.7454702329596,
            "dur_std": 810.5543773967692
        },
        "48": {
            "dur_mean": 3520.8662640207076,
            "dur_std": 810.5273736608391
        },
        "49": {
            "dur_mean": 3541.6836426413465,
            "dur_std": 811.471679838864
        },
        "50": {
            "dur_mean": 3629.2494605092793,
            "dur_std": 813.2627111808099
        },
        "51": {
            "dur_mean": 3679.0302114803626,
            "dur_std": 814.523737922689
        },
        "52": {
            "dur_mean": 3696.9982728842833,
            "dur_std": 816.6713665528747
        },
        "53": {
            "dur_mean": 3743.2943461372465,
            "dur_std": 818.3492502354596
        },
        "54": {
            "dur_mean": 3770.3392317652138,
            "dur_std": 819.5332982946725
        },
        "55": {
            "dur_mean": 3790.6681053085886,
            "dur_std": 821.2338298902512
        },
        "56": {
            "dur_mean": 3826.1579628830386,
            "dur_std": 823.114792774122
        },
        "57": {
            "dur_mean": 3837.4056970220113,
            "dur_std": 823.8737973483361
        },
        "58": {
            "dur_mean": 3906.4186447993093,
            "dur_std": 825.0074998127064
        },
        "59": {
            "dur_mean": 3929.0992662926196,
            "dur_std": 825.4962921244443
        },
        "60": {
            "dur_mean": 3957.548554164868,
            "dur_std": 827.2800841066085
        },
        "61": {
            "dur_mean": 3991.908541846419,
            "dur_std": 832.2506518091267
        },
        "62": {
            "dur_mean": 4031.0138050043142,
            "dur_std": 834.4075317422278
        },
        "63": {
            "dur_mean": 4059.619068162209,
            "dur_std": 835.5530843005457
        },
        "64": {
            "dur_mean": 4084.0470232959447,
            "dur_std": 837.3795630005892
        },
        "65": {
            "dur_mean": 4120.985757444972,
            "dur_std": 840.5111536233669
        },
        "66": {
            "dur_mean": 4176.992659758203,
            "dur_std": 844.043531903061
        },
        "67": {
            "dur_mean": 4204.003886010362,
            "dur_std": 845.7615467360621
        },
        "68": {
            "dur_mean": 4230.29792746114,
            "dur_std": 847.4326192956245
        },
        "69": {
            "dur_mean": 4247.822538860104,
            "dur_std": 848.5129953437121
        },
        "70": {
            "dur_mean": 4273.152417962004,
            "dur_std": 849.9072187188647
        },