{
    "rows": {
        "start": 390487,
        "route_filter": -184954,
        "nan_filter": -2571,
        "negative_dur": -228,
        "outliers": -1813,
        "end": 200921
    },
    "scr": 0.8787193973634652,
    "stats": {
        "1": {
            "dur_mean": 0.0,
            "dur_std": 0.0
        },
        "2": {
            "dur_mean": 162.32149603324518,
            "dur_std": 125.44525899114078
        },
        "3": {
            "dur_mean": 223.83862433862433,
            "dur_std": 129.05753775014279
        },
        "4": {
            "dur_mean": 255.96751038911975,
            "dur_std": 130.9733305116974
        },
        "5": {
            "dur_mean": 285.1905482041588,
            "dur_std": 132.12071848327182
        },
        "6": {
            "dur_mean": 318.5591151792525,
            "dur_std": 133.6665835782796
        },
        "7": {
            "dur_mean": 346.21239606953895,
            "dur_std": 134.4175851441909
        },
        "8": {
            "dur_mean": 363.07860922146637,
            "dur_std": 135.2704099178769
        },
        "9": {
            "dur_mean": 382.4954648526077,
            "dur_std": 136.25512521614235
        },
        "10": {
            "dur_mean": 412.25774754346185,
            "dur_std": 137.3412762744192
        },
        "11": {
            "dur_mean": 438.30272108843536,
            "dur_std": 139.91926178578785
        },
        "12": {
            "dur_mean": 481.7927382753404,
            "dur_std": 142.5793158272573
        },
        "13": {
            "dur_mean": 497.09307604994325,
            "dur_std": 144.04137829579352
        },
        "14": {
            "dur_mean": 524.1686838124054,
            "dur_std": 145.38614385041186
        },
        "15": {
            "dur_mean": 531.6773827534039,
            "dur_std": 145.8903591753012
        },
        "16": {
            "dur_mean": 552.311010215664,
            "dur_std": 146.45720354923498
        },
        "17": {
            "dur_mean": 583.6424517593643,
            "dur_std": 147.3181902335857
        },
        "18": {
            "dur_mean": 626.7069291934873,
            "dur_std": 150.36036656826775
        },
        "19": {
            "dur_mean": 655.6054524801211,
            "dur_std": 153.11914167084655
        },
        "20": {
            "dur_mean": 678.3522727272727,
            "dur_std": 154.36024554908346
        },
        "21": {
            "dur_mean": 708.9768939393939,
            "dur_std": 155.508896519629
        },
        "22": {
            "dur_mean": 785.101855357819,
            "dur_std": 159.89341810049396
        },
        "23": {
            "dur_mean": 834.3477109345441,
            "dur_std": 164.52205162446575
        },
        "24": {
            "dur_mean": 868.8683314415437,
            "dur_std": 167.26721899657585
        },
        "25": {
            "dur_mean": 920.2894438138479,
            "dur_std": 169.56236983927738
        },
        "26": {
            "dur_mean": 936.1460461596671,
            "dur_std": 170.70124065234768
        },
        "27": {
            "dur_mean": 983.3234960272417,
            "dur_std": 176.3101303904873
        },
        "28": {
            "dur_mean": 1003.3228614685844,
            "dur_std": 177.92562720003986
        },
        "29": {
            "dur_mean": 1060.3035579106738,
            "dur_std": 206.9668957303751
        },
        "30": {
            "dur_mean": 1087.8739591218773,
            "dur_std": 210.57403650456268
        },
        "31": {
            "dur_mean": 1113.5862982588949,
            "dur_std": 213.55663536966387
        },
        "32": {
            "dur_mean": 1125.116578349735,
            "dur_std": 215.60847747703536
        },
        "33": {
            "dur_mean": 1162.2740348221046,
            "dur_std": 221.97697449317874
        },
        "34": {
            "dur_mean": 1236.8599015524424,
            "dur_std": 234.67222157109163
        },
        "35": {
            "dur_mean": 1275.1226808027263,
            "dur_std": 245.33443334791778
        },
        "36": {
            "dur_mean": 1302.7077971233914,
            "dur_std": 253.80741343038497
        },
        "37": {
            "dur_mean": 1393.9216502649508,
            "dur_std": 272.97309118763883
        },
        "38": {
            "dur_mean": 1445.7296478606588,
            "dur_std": 278.5056817388524
        },
        "39": {
            "dur_mean": 1519.0757288905718,
            "dur_std": 291.47292928398525
        },
        "40": {
            "dur_mean": 1572.7153671461015,
            "dur_std": 297.1885006283942
        },
        "41": {
            "dur_mean": 1681.62950322336,
            "dur_std": 316.93422163589224
        },
        "42": {
            "dur_mean": 1776.4336115326253,
            "dur_std": 332.4867464691127
        },
        "43": {
            "dur_mean": 1798.1517450682852,
            "dur_std": 335.79359415496816
        },
        "44": {
            "dur_mean": 1858.6759013282733,
            "dur_std": 344.1814633796301
        },
        "45": {
            "dur_mean": 1933.5337142857143,
            "dur_std": 351.5538489538775
        },
        "46": {
            "dur_mean": 2102.5996961640712,
            "dur_std": 380.5067440258422
        },
        "47": {
            "dur_mean": 2157.2087286527512,
            "dur_std": 386.7362987464778
        },
        "48": {
            "dur_mean": 2238.7220956719816,
            "dur_std": 401.94743208475154
        },
        "49": {
            "dur_mean": 2298.2560790273556,
            "dur_std": 408.3255083773406
        },
        "50": {
            "dur_mean": 2406.762139605463,
            "dur_std": 415.9898762915418
        },
        "51": {
            "dur_mean": 2469.165844402277,
            "dur_std": 423.3884316522432
        },
        "52": {
            "dur_mean": 2553.0759589821496,
            "dur_std": 441.0099648090365
        },
        "53": {
            "dur_mean": 2614.2778411250474,
            "dur_std": 446.9787415510176
        },
        "54": {
            "dur_mean": 2666.416571645762,
            "dur_std": 455.9031922444283
        },
        "55": {
            "dur_mean": 2711.4910680349676,
            "dur_std": 465.51973307085984
        },
        "56": {
            "dur_mean": 2740.968821292776,
            "dur_std": 469.28345768080436
        },
        "57": {
            "dur_mean": 2763.758174904943,
            "dur_std": 472.16269502584976
        },
        "58": {
            "dur_mean": 2798.738022813688,
            "dur_std": 487.23729381689304
        },
        "59": {
            "dur_mean": 2847.4205323193914,
            "dur_std": 510.4619604274734
        },
        "60": {
            "dur_mean": 2959.314948649677,
            "dur_std": 542.2128216820329
        },
        "61": {
            "dur_mean": 3009.5979459870673,
            "dur_std": 551.8617211036872
        },
        "62": {
            "dur_mean": 3090.9265880562953,
            "dur_std": 569.6035981876352
        },
        "63": {
            "dur_mean": 3121.5465956637504,
            "dur_std": 574.9959504661953
        },
        "64": {
            "dur_mean": 3162.2263217953596,
            "dur_std": 583.518585176185
        },
        "65": {
            "dur_mean": 3188.49068086725,
            "dur_std": 587.1389097337346
        },
        "66": {
            "dur_mean": 3244.128136882129,
            "dur_std": 600.4628054758559
        },
        "67": {
            "dur_mean": 3304.6596958174905,
            "dur_std": 616.5669090218695
        },
        "68": {
            "dur_mean": 3348.997338403042,
            "dur_std": 626.7911429871268
        },
        "69": {
            "dur_mean": 3393.815969581749,
            "dur_std": 634.7029438276546
        },
        "70": {
            "dur_mean": 3424.515589353612,