{
    "rows": {
        "start": 347417,
        "route_filter": 0,
        "nan_filter": -6779,
        "negative_dur": -224,
        "outliers": -6219,
        "end": 334195
    },
    "scr": 0.6121079993291967,
    "stats": {
        "1": {
            "dur_mean": 0.0,
            "dur_std": 0.0
        },
        "2": {
            "dur_mean": 55.242356959863365,
            "dur_std": 61.6694173015823
        },
        "3": {
            "dur_mean": 136.62028936742934,
            "dur_std": 94.2600699822095
        },
        "4": {
            "dur_mean": 223.66823529411764,
            "dur_std": 102.73434243831554
        },
        "5": {
            "dur_mean": 246.46900722324878,
            "dur_std": 104.57430871707776
        },
        "6": {
            "dur_mean": 304.14813570708765,
            "dur_std": 110.5575574829588
        },
        "7": {
            "dur_mean": 339.52049731182797,
            "dur_std": 114.49407940739113
        },
        "8": {
            "dur_mean": 365.7021669746346,
            "dur_std": 116.96252396863096
        },
        "9": {
            "dur_mean": 455.1943510423672,
            "dur_std": 125.38366298834342
        },
        "10": {
            "dur_mean": 494.84766418415705,
            "dur_std": 132.02958080615605
        },
        "11": {
            "dur_mean": 545.9374040593552,
            "dur_std": 128.17156545936638
        },
        "12": {
            "dur_mean": 588.7319446815776,
            "dur_std": 128.86278096151847
        },
        "13": {
            "dur_mean": 630.9339139344262,
            "dur_std": 132.6379348580094
        },
        "14": {
            "dur_mean": 684.6547131147541,
            "dur_std": 135.28118411439056
        },
        "15": {
            "dur_mean": 731.5856240396107,
            "dur_std": 139.0124144989451
        },
        "16": {
            "dur_mean": 768.8885675399796,
            "dur_std": 142.5465472169984
        },
        "17": {
            "dur_mean": 799.9932237845163,
            "dur_std": 146.54840518005852
        },
        "18": {
            "dur_mean": 843.6231614539307,
            "dur_std": 154.60417513236814
        },
        "19": {
            "dur_mean": 936.4359190556493,
            "dur_std": 183.18354416623862
        },
        "20": {
            "dur_mean": 1038.4613310867733,
            "dur_std": 196.52892307812985
        },
        "21": {
            "dur_mean": 1088.3254716981132,
            "dur_std": 207.7113329633099
        },
        "22": {
            "dur_mean": 1128.3287809812848,
            "dur_std": 213.49563062579207
        },
        "23": {
            "dur_mean": 1157.9733558178752,
            "dur_std": 219.3652420657941
        },
        "24": {
            "dur_mean": 1208.277693474962,
            "dur_std": 239.42155123778514
        },
        "25": {
            "dur_mean": 1276.9954468802698,
            "dur_std": 273.3403445950003
        },
        "26": {
            "dur_mean": 1339.9504132231405,
            "dur_std": 292.4311998574169
        },
        "27": {
            "dur_mean": 1373.6341710237814,
            "dur_std": 297.26358605558687
        },
        "28": {
            "dur_mean": 1432.2357997640318,
            "dur_std": 309.56931481278383
        },
        "29": {
            "dur_mean": 1503.9553345693578,
            "dur_std": 318.466173772717
        },
        "30": {
            "dur_mean": 1582.357299208621,
            "dur_std": 347.98887524442983
        },
        "31": {
            "dur_mean": 1704.6740815638693,
            "dur_std": 371.79835457246435
        },
        "32": {
            "dur_mean": 1779.099173553719,
            "dur_std": 384.24327978207236
        },
        "33": {
            "dur_mean": 1838.608527131783,
            "dur_std": 393.37802037646793
        },
        "34": {
            "dur_mean": 1890.5434636118598,
            "dur_std": 405.58699882005567
        },
        "35": {
            "dur_mean": 1931.1726521665823,
            "dur_std": 413.49680974607577
        },
        "36": {
            "dur_mean": 1958.6691399662732,
            "dur_std": 416.9646315201211
        },
        "37": {
            "dur_mean": 1988.933726812816,
            "dur_std": 432.3293837602444
        },
        "38": {
            "dur_mean": 2030.0624051273403,
            "dur_std": 455.79344457894246
        },
        "39": {
            "dur_mean": 2104.579089376054,
            "dur_std": 491.1403048243465
        },
        "40": {
            "dur_mean": 2195.0747174903017,
            "dur_std": 515.3133766592841
        },
        "41": {
            "dur_mean": 2259.217273954116,
            "dur_std": 534.118166056427
        },
        "42": {
            "dur_mean": 2323.873776577793,
            "dur_std": 545.0258427016448
        },
        "43": {
            "dur_mean": 2359.6511470985156,
            "dur_std": 551.6349961565893
        },
        "44": {
            "dur_mean": 2395.1476294921545,
            "dur_std": 557.8845342281086
        },
        "45": {
            "dur_mean": 2433.531893351333,
            "dur_std": 568.4748032553676
        },
        "46": {
            "dur_mean": 2494.990220873377,
            "dur_std": 587.5823038661587
        },
        "47": {
            "dur_mean": 2551.241989881956,
            "dur_std": 599.4151047702273
        },
        "48": {
            "dur_mean": 2597.168016194332,
            "dur_std": 608.0761910049829
        },
        "49": {
            "dur_mean": 2637.2658569500677,
            "dur_std": 616.5778122705606
        },
        "50": {
            "dur_mean": 2687.5065789473683,
            "dur_std": 635.9540249152253
        },
        "51": {
            "dur_mean": 2783.3724860571238,
            "dur_std": 663.8033498422456
        },
        "52": {
            "dur_mean": 2876.9569710316787,
            "dur_std": 681.0933864972072
        },
        "53": {
            "dur_mean": 2947.807169554876,
            "dur_std": 688.216959396472
        },
        "54": {
            "dur_mean": 3036.9557672677784,
            "dur_std": 702.7796921112257
        },
        "55": {
            "dur_mean": 3085.421481985044,
            "dur_std": 711.5539805705508
        },
        "56": {
            "dur_mean": 3189.828882463004,
            "dur_std": 718.1123811392744
        },
        "57": {
            "dur_mean": 3667.2045173813303,
            "dur_std": 1092.0188472360428
        },
        "58": {
            "dur_mean": 4243.151980350015,
            "dur_std": 1221.3366801050656
        }
    },
    "feature_eval": {
        "f_values": {
            "weather_main_Clouds": 22.907494675550165,
            "weather_main_Drizzle": 0.7480955775328398,
            "weather_main_Fog": 1.9881268642170076,
            "weather_main_Mist": 8.53727080646735,
            "weather_main_Rain": 6.967528036481203,
            "weather_main_Smoke": 0.07444615018875914,
            "weather_main_Snow": 0.742487250223978,
            "weather_description_broken clouds": 1.3434638426245058,
            "weather_description_drizzle": 0.010391947131107257,
            "weather_description_few clouds": 4.932094791523349,
            "weather_description_fog": 1.9881268642170076,
            "weather_description_heavy intensity rain": 13.66604042860339,
            "weather_description_light intensity drizzle": 8.251186731264081,
            "weather_description_light intensity drizzle rain": 3.9941925483825615,
            "weather_description_light intensity shower rain": 1.7015179118941268,
            "weather_description_light rain": 12.597173552129203,
            "weather_description_light shower snow": 6.680808621990173,
            "weather_description_light snow": 10.910797577859434,
            "weather_description_mist": 8.53727080646735,