{
    "rows": {
        "start": 385297,
        "route_filter": 0,
        "nan_filter": -14959,
        "negative_dur": -152,
        "outliers": -2561,
        "end": 367625
    },
    "scr": 0.948440683278483,
    "stats": {
        "1": {
            "dur_mean": 0.0,
            "dur_std": 0.0
        },
        "2": {
            "dur_mean": 337.9306376857919,
            "dur_std": 268.8203544671127
        },
        "3": {
            "dur_mean": 500.5085123309467,
            "dur_std": 283.09878683145365
        },
        "4": {
            "dur_mean": 562.737394623827,
            "dur_std": 290.6009439018517
        },
        "5": {
            "dur_mean": 621.6959427207637,
            "dur_std": 298.0286080777149
        },
        "6": {
            "dur_mean": 751.6736641221374,
            "dur_std": 318.56608417326925
        },
        "7": {
            "dur_mean": 888.2683081810961,
            "dur_std": 336.9226690835786
        },
        "8": {
            "dur_mean": 950.7777601522843,
            "dur_std": 347.82252866319135
        },
        "9": {
            "dur_mean": 991.0540840602696,
            "dur_std": 361.2197088624087
        },
        "10": {
            "dur_mean": 1019.1035521725341,
            "dur_std": 369.7011385707334
        },
        "11": {
            "dur_mean": 1063.147296654511,
            "dur_std": 380.64188491890366
        },
        "12": {
            "dur_mean": 1121.792769938164,
            "dur_std": 389.5822533028631
        },
        "13": {
            "dur_mean": 1185.600348763475,
            "dur_std": 398.65046911345144
        },
        "14": {
            "dur_mean": 1222.4692454026633,
            "dur_std": 402.4719482189492
        },
        "15": {
            "dur_mean": 1278.2054251269035,
            "dur_std": 412.7860555029875
        },
        "16": {
            "dur_mean": 1304.4014274385408,
            "dur_std": 419.28963013449
        },
        "17": {
            "dur_mean": 1358.0093576526567,
            "dur_std": 437.79169037036814
        },
        "18": {
            "dur_mean": 1419.6142743854084,
            "dur_std": 452.49789134799533
        },
        "19": {
            "dur_mean": 1443.193497224425,
            "dur_std": 457.5305393841252
        },
        "20": {
            "dur_mean": 1527.734179222839,
            "dur_std": 492.9983098509799
        },
        "21": {
            "dur_mean": 1588.3300555114988,
            "dur_std": 505.35704919311775
        },
        "22": {
            "dur_mean": 1616.114530456853,
            "dur_std": 508.3716298091053
        },
        "23": {
            "dur_mean": 1641.8191624365481,
            "dur_std": 512.5143777902456
        },
        "24": {
            "dur_mean": 1664.3402601522844,
            "dur_std": 514.6721534474017
        },
        "25": {
            "dur_mean": 1731.3630452022205,
            "dur_std": 528.2651861656067
        },
        "26": {
            "dur_mean": 1812.617409227842,
            "dur_std": 546.0349707785292
        },
        "27": {
            "dur_mean": 1889.0623018389347,
            "dur_std": 558.3717248540066
        },
        "28": {
            "dur_mean": 1954.1836507936507,
            "dur_std": 571.8211477988692
        },
        "29": {
            "dur_mean": 2072.3939249363866,
            "dur_std": 590.91304037873
        },
        "30": {
            "dur_mean": 2096.1382268827456,
            "dur_std": 594.9731720336574
        },
        "31": {
            "dur_mean": 2132.1059571088167,
            "dur_std": 599.901589261105
        },
        "32": {
            "dur_mean": 2225.262347149436,
            "dur_std": 617.3932613048119
        },
        "33": {
            "dur_mean": 2258.279446828803,
            "dur_std": 622.8052155557514
        },
        "34": {
            "dur_mean": 2305.6916229534254,
            "dur_std": 628.8426715199984
        },
        "35": {
            "dur_mean": 2413.3733312142404,
            "dur_std": 653.9555356746216
        },
        "36": {
            "dur_mean": 2467.9561347743165,
            "dur_std": 662.8803105649376
        },
        "37": {
            "dur_mean": 2506.4226001271454,
            "dur_std": 671.1939095638579
        },
        "38": {
            "dur_mean": 2538.4332485696123,
            "dur_std": 681.5357596843796
        },
        "39": {
            "dur_mean": 2606.8606830818107,
            "dur_std": 696.38901653323
        },
        "40": {
            "dur_mean": 2674.792374900715,
            "dur_std": 704.854664995647
        },
        "41": {
            "dur_mean": 2745.3112772387467,
            "dur_std": 710.9866889603833
        },
        "42": {
            "dur_mean": 2808.4267749124483,
            "dur_std": 723.092779729457
        },
        "43": {
            "dur_mean": 2870.7875399361023,
            "dur_std": 728.7360000448188
        },
        "44": {
            "dur_mean": 2907.784039820167,
            "dur_std": 732.8834734996086
        },
        "45": {
            "dur_mean": 2954.483819030752,
            "dur_std": 736.5505015983633
        },
        "46": {
            "dur_mean": 2998.090484624054,
            "dur_std": 737.9657726929393
        },
        "47": {
            "dur_mean": 3027.4816484224084,
            "dur_std": 740.5809810464148
        },
        "48": {
            "dur_mean": 3057.2553122987765,
            "dur_std": 741.7339180137137
        },
        "49": {
            "dur_mean": 3084.302640051513,
            "dur_std": 744.2191419365097
        },
        "50": {
            "dur_mean": 3108.105941072291,
            "dur_std": 746.8983877724797
        },
        "51": {
            "dur_mean": 3210.0678343949044,
            "dur_std": 780.3042157209674
        },
        "52": {
            "dur_mean": 3280.7504379678294,
            "dur_std": 784.5085094855807
        },
        "53": {
            "dur_mean": 3309.37106518283,
            "dur_std": 789.6302946414816
        },
        "54": {
            "dur_mean": 3385.968183264397,
            "dur_std": 795.4942010898922
        },
        "55": {
            "dur_mean": 3436.544465770953,
            "dur_std": 799.3403508035452
        },
        "56": {
            "dur_mean": 3498.938249880019,
            "dur_std": 828.2832626742572
        },
        "57": {
            "dur_mean": 3594.605362724132,
            "dur_std": 850.0452805492597
        },
        "58": {
            "dur_mean": 3636.679114342366,
            "dur_std": 868.8261530882969
        },
        "59": {
            "dur_mean": 3733.4571287779236,
            "dur_std": 985.534844465229
        }
    },
    "feature_eval": {
        "f_values": {
            "weather_main_Clouds": 15.101645484016002,
            "weather_main_Drizzle": 85.29235710142595,
            "weather_main_Fog": 65.4373289344536,
            "weather_main_Mist": 15.788342617750754,
            "weather_main_Rain": 48.42858348729146,
            "weather_main_Smoke": 7.056546374259502,
            "weather_main_Snow": 16.41739393428895,
            "weather_description_broken clouds": 21.58441442885383,
            "weather_description_drizzle": 0.2940864972339136,
            "weather_description_few clouds": 26.150022602647237,
            "weather_description_fog": 65.4373289344536,
            "weather_description_heavy intensity rain": 30.872710884065214,
            "weather_description_light intensity drizzle": 7.658443254446249,
            "weather_description_light intensity drizzle rain": 106.66456855025683,
            "weather_description_light intensity shower rain": 20.497406542091362,
            "weather_description_light rain": 0.003791987717890897,
            "weather_description_light shower snow": 1.2596099180961848,
            "weather_description_light snow": 52.94418022883561,