{
    "rows": {
        "start": 665500,
        "route_filter": -261811,
        "nan_filter": -25667,
        "negative_dur": 0,
        "outliers": -3654,
        "end": 374368
    },
    "scr": 0.9856281872971719,
    "stats": {
        "1": {
            "dur_mean": 0.0,
            "dur_std": 0.0
        },
        "2": {
            "dur_mean": 145.02069614299154,
            "dur_std": 90.9959005844685
        },
        "3": {
            "dur_mean": 227.72674600689007,
            "dur_std": 119.11252760340685
        },
        "4": {
            "dur_mean": 341.8324802233597,
            "dur_std": 147.91288760824165
        },
        "5": {
            "dur_mean": 400.2243758722283,
            "dur_std": 156.50873928545403
        },
        "6": {
            "dur_mean": 527.4615027110767,
            "dur_std": 208.7681832830872
        },
        "7": {
            "dur_mean": 754.9933188315724,
            "dur_std": 258.87853491019865
        },
        "8": {
            "dur_mean": 926.2448249027237,
            "dur_std": 280.9929943470281
        },
        "9": {
            "dur_mean": 1010.9028990024938,
            "dur_std": 291.62674884186225
        },
        "10": {
            "dur_mean": 1098.0294851794072,
            "dur_std": 297.63915753140714
        },
        "11": {
            "dur_mean": 1330.0031240237427,
            "dur_std": 318.7679972618804
        },
        "12": {
            "dur_mean": 1393.6131352619234,
            "dur_std": 328.1311902665591
        },
        "13": {
            "dur_mean": 1423.0489521426337,
            "dur_std": 332.60524636650564
        },
        "14": {
            "dur_mean": 1458.142388246327,
            "dur_std": 339.88063111704497
        },
        "15": {
            "dur_mean": 1532.93625,
            "dur_std": 357.03206042187435
        },
        "16": {
            "dur_mean": 1563.585560243788,
            "dur_std": 358.9172955213306
        },
        "17": {
            "dur_mean": 1600.2791933718931,
            "dur_std": 361.232183410555
        },
        "18": {
            "dur_mean": 1621.2144755354072,
            "dur_std": 362.5081659470494
        },
        "19": {
            "dur_mean": 1667.8087867417137,
            "dur_std": 365.0678806600633
        },
        "20": {
            "dur_mean": 1710.2477723933093,
            "dur_std": 370.88781772889973
        },
        "21": {
            "dur_mean": 1795.28046875,
            "dur_std": 380.6941861631632
        },
        "22": {
            "dur_mean": 1843.652133145804,
            "dur_std": 386.3756721056053
        },
        "23": {
            "dur_mean": 1882.9253008282544,
            "dur_std": 390.74493908843573
        },
        "24": {
            "dur_mean": 2007.362912044993,
            "dur_std": 403.448184396731
        },
        "25": {
            "dur_mean": 2060.2933832709114,
            "dur_std": 410.44448652189806
        },
        "26": {
            "dur_mean": 2106.888559388169,
            "dur_std": 418.0764301055909
        },
        "27": {
            "dur_mean": 2257.9402961808264,
            "dur_std": 437.3663480887744
        },
        "28": {
            "dur_mean": 2310.182328190743,
            "dur_std": 440.81551865764
        },
        "29": {
            "dur_mean": 2364.772479351722,
            "dur_std": 445.77789433937613
        },
        "30": {
            "dur_mean": 2407.657579062159,
            "dur_std": 450.20297616798456
        },
        "31": {
            "dur_mean": 2471.829697725148,
            "dur_std": 454.36768374355546
        },
        "32": {
            "dur_mean": 2554.273124317579,
            "dur_std": 468.9973353724703
        },
        "33": {
            "dur_mean": 2603.9658026233606,
            "dur_std": 478.06628681775777
        },
        "34": {
            "dur_mean": 2638.1263470248323,
            "dur_std": 485.3442619484204
        },
        "35": {
            "dur_mean": 2665.0693424957053,
            "dur_std": 491.53211231202
        },
        "36": {
            "dur_mean": 2703.2959088069956,
            "dur_std": 497.5182840427733
        },
        "37": {
            "dur_mean": 2790.3021077283374,
            "dur_std": 518.1094953387184
        },
        "38": {
            "dur_mean": 2859.8009678426474,
            "dur_std": 530.806543929055
        },
        "39": {
            "dur_mean": 2904.4348368971437,
            "dur_std": 535.4126283252513
        },
        "40": {
            "dur_mean": 2939.0010923845193,
            "dur_std": 538.3342715145059
        },
        "41": {
            "dur_mean": 3011.9061326658325,
            "dur_std": 545.7082968472647
        },
        "42": {
            "dur_mean": 3031.95293750974,
            "dur_std": 550.018169302462
        },
        "43": {
            "dur_mean": 3134.511347628737,
            "dur_std": 562.420787496698
        },
        "44": {
            "dur_mean": 3159.6617071260766,
            "dur_std": 565.2283970801711
        },
        "45": {
            "dur_mean": 3170.663952395866,
            "dur_std": 568.1005222852776
        },
        "46": {
            "dur_mean": 3232.835133865665,
            "dur_std": 577.939867961743
        },
        "47": {
            "dur_mean": 3297.385783622984,
            "dur_std": 588.7920285116726
        },
        "48": {
            "dur_mean": 3350.5465789885707,
            "dur_std": 594.4107053030621
        },
        "49": {
            "dur_mean": 3397.7872074882994,
            "dur_std": 599.5050368777977
        },
        "50": {
            "dur_mean": 3449.870243293824,
            "dur_std": 609.1202521036064
        },
        "51": {
            "dur_mean": 3506.8110383536014,
            "dur_std": 614.1855654243982
        },
        "52": {
            "dur_mean": 3564.714374805114,
            "dur_std": 625.2075059534155
        },
        "53": {
            "dur_mean": 3637.9879893932302,
            "dur_std": 634.537666530316
        },
        "54": {
            "dur_mean": 3682.4633385335414,
            "dur_std": 640.4675333220206
        },
        "55": {
            "dur_mean": 3789.860530421217,
            "dur_std": 643.4972548578187
        },
        "56": {
            "dur_mean": 3981.331148564295,
            "dur_std": 669.6943127272757
        },
        "57": {
            "dur_mean": 4165.368831980012,
            "dur_std": 745.1351167104274
        },
        "58": {
            "dur_mean": 4308.193780278169,
            "dur_std": 769.3227927891622
        },
        "59": {
            "dur_mean": 4377.718637712857,
            "dur_std": 786.9496696369114
        }
    },
    "feature_eval": {
        "f_values": {
            "weather_main_Clouds": 0.48927468259245566,
            "weather_main_Drizzle": 56.96504284980155,
            "weather_main_Fog": 25.416258869221554,
            "weather_main_Mist": 11.961199761105204,
            "weather_main_Rain": 43.86845154068317,
            "weather_main_Smoke": 0.1547681464264486,
            "weather_description_drizzle": 1.490397584410942,
            "weather_description_few clouds": 8.387609928615891,
            "weather_description_fog": 25.416258869221554,
            "weather_description_heavy intensity rain": 7.131440087975219,
            "weather_description_light intensity drizzle": 2.3031519446817326,
            "weather_description_light intensity drizzle rain": 89.9791633544021,
            "weather_description_light intensity shower rain": 21.83992482060835,
            "weather_description_light rain": 0.23619568515986214,
            "weather_description_mist": 11.961199761105204,
            "weather_description_moderate rain": 29.773062219101362,
            "weather_description_overcast clouds": 147.31197387591,
            "weather_description_proximity shower rain": 168.2745955014388,