{
    "rows": {
        "start": 594255,
        "route_filter": -232545,
        "nan_filter": -6988,
        "negative_dur": 0,
        "outliers": -2961,
        "end": 351761
    },
    "scr": 0.00258583536848154,
    "stats": {
        "1": {
            "dur_mean": 0.0,
            "dur_std": 0.0
        },
        "2": {
            "dur_mean": 74.03957668889534,
            "dur_std": 61.68230234385963
        },
        "3": {
            "dur_mean": 300.75053949072077,
            "dur_std": 133.66240488605888
        },
        "4": {
            "dur_mean": 363.20929228998847,
            "dur_std": 141.41007243394805
        },
        "5": {
            "dur_mean": 522.0850971922246,
            "dur_std": 149.12059453609453
        },
        "6": {
            "dur_mean": 635.8178545716343,
            "dur_std": 154.2545926287674
        },
        "7": {
            "dur_mean": 654.1676267281106,
            "dur_std": 158.10302298432094
        },
        "8": {
            "dur_mean": 763.0744665408622,
            "dur_std": 176.99131638060183
        },
        "9": {
            "dur_mean": 828.5291727140784,
            "dur_std": 186.1477781283383
        },
        "10": {
            "dur_mean": 891.8088020985135,
            "dur_std": 195.38812336135206
        },
        "11": {
            "dur_mean": 972.2197530864197,
            "dur_std": 214.61113858963006
        },
        "12": {
            "dur_mean": 1111.6634824142423,
            "dur_std": 259.1579407331023
        },
        "13": {
            "dur_mean": 1166.6524319629416,
            "dur_std": 263.47911607060746
        },
        "14": {
            "dur_mean": 1198.6946575937454,
            "dur_std": 267.2362142070826
        },
        "15": {
            "dur_mean": 1238.546098265896,
            "dur_std": 269.01581727262936
        },
        "16": {
            "dur_mean": 1335.392573327554,
            "dur_std": 280.5735677737229
        },
        "17": {
            "dur_mean": 1373.6414930555557,
            "dur_std": 284.41338227743614
        },
        "18": {
            "dur_mean": 1473.1782923299565,
            "dur_std": 305.29961564178524
        },
        "19": {
            "dur_mean": 1529.182489146165,
            "dur_std": 319.4756964731782
        },
        "20": {
            "dur_mean": 1575.4228430804865,
            "dur_std": 335.12997201569493
        },
        "21": {
            "dur_mean": 1624.5848892748588,
            "dur_std": 348.67936624256663
        },
        "22": {
            "dur_mean": 1653.526788300029,
            "dur_std": 353.0788941719039
        },
        "23": {
            "dur_mean": 1711.439345686161,
            "dur_std": 361.9702142709781
        },
        "24": {
            "dur_mean": 1740.4421936043989,
            "dur_std": 363.68681933112094
        },
        "25": {
            "dur_mean": 1793.7780992333285,
            "dur_std": 369.74446404610404
        },
        "26": {
            "dur_mean": 1803.5879971077368,
            "dur_std": 371.72833384135333
        },
        "27": {
            "dur_mean": 1821.5126536514822,
            "dur_std": 373.74251136612367
        },
        "28": {
            "dur_mean": 1844.4433839479393,
            "dur_std": 377.4975088536952
        },
        "29": {
            "dur_mean": 1957.0079525737422,
            "dur_std": 400.9882291026785
        },
        "30": {
            "dur_mean": 2102.9155581260843,
            "dur_std": 427.8642861792744
        },
        "31": {
            "dur_mean": 2154.6852468510206,
            "dur_std": 435.96261196768774
        },
        "32": {
            "dur_mean": 2251.893395133256,
            "dur_std": 442.29660136381693
        },
        "33": {
            "dur_mean": 2293.723728076533,
            "dur_std": 449.9963038129369
        },
        "34": {
            "dur_mean": 2325.1448435689454,
            "dur_std": 457.6723113096728
        },
        "35": {
            "dur_mean": 2414.069110402782,
            "dur_std": 481.3507684031809
        },
        "36": {
            "dur_mean": 2481.2819133469034,
            "dur_std": 489.12603853394404
        },
        "37": {
            "dur_mean": 2520.137103809247,
            "dur_std": 489.21449618967284
        },
        "38": {
            "dur_mean": 2546.1363768537367,
            "dur_std": 490.26097398067407
        },
        "39": {
            "dur_mean": 2572.295289328293,
            "dur_std": 491.45292145849317
        },
        "40": {
            "dur_mean": 2600.6149483786535,
            "dur_std": 496.075488022977
        },
        "41": {
            "dur_mean": 2672.927130207577,
            "dur_std": 514.763282625967
        },
        "42": {
            "dur_mean": 2703.681818181818,
            "dur_std": 518.1307159010654
        },
        "43": {
            "dur_mean": 2730.478368176539,
            "dur_std": 526.9107408461692
        },
        "44": {
            "dur_mean": 2830.5927700348434,
            "dur_std": 555.8837615112393
        },
        "45": {
            "dur_mean": 2905.3685357350378,
            "dur_std": 563.8489761283495
        },
        "46": {
            "dur_mean": 2999.6010181818183,
            "dur_std": 585.2109145079646
        },
        "47": {
            "dur_mean": 3103.7184818961755,
            "dur_std": 608.2221504198418
        },
        "48": {
            "dur_mean": 3183.4837581937363,
            "dur_std": 627.179206492825
        },
        "49": {
            "dur_mean": 3382.577115180869,
            "dur_std": 659.9468921535939
        },
        "51": {
            "dur_mean": 3760.280021067416,
            "dur_std": 694.1632941213655
        },
        "52": {
            "dur_mean": 3967.430029154519,
            "dur_std": 729.0681634377099
        },
        "53": {
            "dur_mean": 4037.108991825613,
            "dur_std": 726.4594100538811
        },
        "50": {
            "dur_mean": 3904.3333333333335,
            "dur_std": 1336.5193161166585
        }
    },
    "feature_eval": {
        "f_values": {
            "weather_main_Clouds": 11.257169442262446,
            "weather_main_Drizzle": 0.5311801624194492,
            "weather_main_Fog": 3.166000311332375,
            "weather_main_Mist": 25.28739739850069,
            "weather_main_Rain": 14.916286699268221,
            "weather_main_Smoke": 1.308132231426472,
            "weather_description_drizzle": 8.202018973084751,
            "weather_description_few clouds": 0.41121908483250846,
            "weather_description_fog": 3.166000311332375,
            "weather_description_heavy intensity rain": 0.18431213079910844,
            "weather_description_light intensity drizzle": 5.213674760902673,
            "weather_description_light intensity drizzle rain": 10.423169024980522,
            "weather_description_light intensity shower rain": 32.20206276863501,
            "weather_description_light rain": 0.8188415783791743,
            "weather_description_mist": 25.28739739850069,
            "weather_description_moderate rain": 1.0342370926978908,
            "weather_description_overcast clouds": 10.982201795577677,
            "weather_description_proximity shower rain": 19.580769601817032,
            "weather_description_scattered clouds": 0.6393595882204101,
            "weather_description_shower rain": 13.66602701219624,
            "weather_description_sky is clear": 117.09663490194465,
            "weather_description_smoke": 1.308132231426472,
            "weekday_1": 21.515591344270423,
            "weekday_2": 45.577264125267945,
            "weekday_3": 104.02197995523231,
            "weekday_4": 206.16427364264948,
            "weekday_5": 302.62681135347447,
            "weekday_6": 321.1828766249508,
            "month_6": 23.102467979158597,
            "month_7": 137.95958712429604,