{
    "rows": {
        "start": 225331,
        "route_filter": -85098,
        "nan_filter": -11039,
        "negative_dur": 0,
        "outliers": -1518,
        "end": 127676
    },
    "scr": 0.005796113194681214,
    "stats": {
        "1": {
            "dur_mean": 0.0,
            "dur_std": 0.0
        },
        "2": {
            "dur_mean": 63.36766759776536,
            "dur_std": 198.2051543616236
        },
        "3": {
            "dur_mean": 158.5608501885499,
            "dur_std": 308.95084557667366
        },
        "4": {
            "dur_mean": 221.85641025641024,
            "dur_std": 337.82154449886974
        },
        "5": {
            "dur_mean": 327.12568493150684,
            "dur_std": 350.939698184917
        },
        "6": {
            "dur_mean": 382.25590955806786,
            "dur_std": 352.14634836004956
        },
        "7": {
            "dur_mean": 412.9664268585132,
            "dur_std": 354.12567360168794
        },
        "8": {
            "dur_mean": 452.4898937992463,
            "dur_std": 356.6928012150106
        },
        "9": {
            "dur_mean": 548.126243567753,
            "dur_std": 362.92192520745067
        },
        "10": {
            "dur_mean": 586.694194885971,
            "dur_std": 365.9713034383493
        },
        "11": {
            "dur_mean": 689.1271596406358,
            "dur_std": 375.7377235765807
        },
        "12": {
            "dur_mean": 743.4367657221838,
            "dur_std": 385.9237435301173
        },
        "13": {
            "dur_mean": 788.3773324118866,
            "dur_std": 399.1682667788753
        },
        "14": {
            "dur_mean": 838.7225293711126,
            "dur_std": 408.37432427656256
        },
        "15": {
            "dur_mean": 867.0141672425708,
            "dur_std": 411.05791970130923
        },
        "16": {
            "dur_mean": 923.4730662983426,
            "dur_std": 416.0671369944523
        },
        "17": {
            "dur_mean": 952.1811594202899,
            "dur_std": 417.62340642393633
        },
        "18": {
            "dur_mean": 1003.8157078883913,
            "dur_std": 422.26912972647995
        },
        "19": {
            "dur_mean": 1011.5800479945149,
            "dur_std": 423.28176614685196
        },
        "20": {
            "dur_mean": 1029.4902296880357,
            "dur_std": 424.87392181863237
        },
        "21": {
            "dur_mean": 1052.2067192320878,
            "dur_std": 427.21413819363687
        },
        "22": {
            "dur_mean": 1162.9931412894375,
            "dur_std": 442.1579477119139
        },
        "23": {
            "dur_mean": 1306.6277873070326,
            "dur_std": 467.2828859709661
        },
        "24": {
            "dur_mean": 1359.0357142857142,
            "dur_std": 473.24789995808976
        },
        "25": {
            "dur_mean": 1456.2701030927835,
            "dur_std": 475.4049030336696
        },
        "26": {
            "dur_mean": 1500.1949123410106,
            "dur_std": 482.9541645575855
        },
        "27": {
            "dur_mean": 1532.882474226804,
            "dur_std": 488.40047466486504
        },
        "28": {
            "dur_mean": 1627.152233676976,
            "dur_std": 504.69973155407973
        },
        "29": {
            "dur_mean": 1699.9878892733564,
            "dur_std": 509.8923017893732
        },
        "30": {
            "dur_mean": 1739.9148788927337,
            "dur_std": 511.07412019970747
        },
        "31": {
            "dur_mean": 1766.2795847750865,
            "dur_std": 511.4984441739299
        },
        "32": {
            "dur_mean": 1792.8065743944637,
            "dur_std": 512.1334565850835
        },
        "33": {
            "dur_mean": 1820.6415224913494,
            "dur_std": 514.826573755095
        },
        "34": {
            "dur_mean": 1893.8253968253969,
            "dur_std": 527.3046335980865
        },
        "35": {
            "dur_mean": 1925.134967207456,
            "dur_std": 531.2090842962767
        },
        "36": {
            "dur_mean": 1951.968253968254,
            "dur_std": 537.5873958471811
        },
        "37": {
            "dur_mean": 2051.8336783988957,
            "dur_std": 560.7438362791792
        },
        "38": {
            "dur_mean": 2127.444943044529,
            "dur_std": 568.1380201142279
        },
        "39": {
            "dur_mean": 2219.863448275862,
            "dur_std": 585.3331827082867
        },
        "40": {
            "dur_mean": 2322.812823164426,
            "dur_std": 604.3929759978269
        },
        "41": {
            "dur_mean": 2401.834196891192,
            "dur_std": 621.1906429852668
        },
        "42": {
            "dur_mean": 2602.3049946865035,
            "dur_std": 630.4039625980961
        },
        "44": {
            "dur_mean": 2995.7374144180426,
            "dur_std": 667.528450622814
        },
        "45": {
            "dur_mean": 3210.8361134278566,
            "dur_std": 704.788298660895
        },
        "46": {
            "dur_mean": 3279.760977630489,
            "dur_std": 712.715356271424
        },
        "43": {
            "dur_mean": 3142.294117647059,
            "dur_std": 999.0132484548117
        }
    },
    "feature_eval": {
        "f_values": {
            "weather_main_Clouds": 0.04528125710475225,
            "weather_main_Drizzle": 1.2304632728654503,
            "weather_main_Fog": 4.718819480052194e-05,
            "weather_main_Mist": 2.9265102792297712,
            "weather_main_Rain": 12.649646534113034,
            "weather_main_Smoke": 0.07389954326664716,
            "weather_description_drizzle": 16.982383152735984,
            "weather_description_few clouds": 2.4752435256905096,
            "weather_description_fog": 4.718819480052194e-05,
            "weather_description_heavy intensity rain": 2.4190336662476515,
            "weather_description_light intensity drizzle": 0.44048265424213257,
            "weather_description_light intensity drizzle rain": 1.1798520660972562,
            "weather_description_light intensity shower rain": 13.223756312933581,
            "weather_description_light rain": 0.6935759407379608,
            "weather_description_mist": 2.9265102792297712,
            "weather_description_moderate rain": 0.6811828444598653,
            "weather_description_overcast clouds": 6.9372366433585855,
            "weather_description_proximity shower rain": 6.393096335418021,
            "weather_description_scattered clouds": 0.005034520050799397,
            "weather_description_sky is clear": 32.52235333966085,
            "weather_description_smoke": 0.07389954326664716,
            "weekday_1": 0.10598254929867182,
            "weekday_2": 3.1054206596584475,
            "weekday_3": 25.808860640041566,
            "weekday_4": 79.66478107902421,
            "weekday_5": 123.50291492807199,
            "weekday_6": 3.3623208041791206,
            "month_6": 13.727143107534618,
            "month_7": 45.42229842946179,
            "month_8": 38.23697040887483,
            "month_9": 25.581487140896364,
            "month_10": 6.513771253649482,
            "month_11": 25.089100541673933,
            "month_12": 7.700186949739483,
            "hour_7": 291.97570109925744,
            "hour_8": 804.8403538037003,
            "hour_9": 211.9090168518313,
            "hour_10": 125.3994109648601,
            "hour_11": 81.21498369859519,
            "hour_12": 164.88746749536898,
            "hour_13": 91.44254179203469,
            "hour_14": 1.9389606404306376,
            "hour_15": 472.7292237937835,
            "hour_16": 527.6544843894178,
            "hour_17": 42.61992759866378,
            "hour_18": 9.914531268978694,
            "hour_19": 547.1371513927271,
            "hour_20": 321.6649038887648,
            "hour_21": 686.171507092553,