{
    "rows": {
        "start": 242781,
        "route_filter": -92193,
        "nan_filter": -10919,
        "negative_dur": 0,
        "outliers": -1787,
        "end": 137882
    },
    "scr": 0.9785641374617217,
    "stats": {
        "1": {
            "dur_mean": 0.0,
            "dur_std": 0.0
        },
        "2": {
            "dur_mean": 140.5089717046239,
            "dur_std": 92.9643672698853
        },
        "3": {
            "dur_mean": 221.70645050017248,
            "dur_std": 125.99766556791053
        },
        "4": {
            "dur_mean": 331.89285714285717,
            "dur_std": 156.1321993684801
        },
        "5": {
            "dur_mean": 385.3532031517643,
            "dur_std": 164.497213943952
        },
        "6": {
            "dur_mean": 522.7250085295121,
            "dur_std": 214.3777680300701
        },
        "7": {
            "dur_mean": 718.2932330827068,
            "dur_std": 263.4260559937369
        },
        "8": {
            "dur_mean": 881.8594928032899,
            "dur_std": 284.2136572114522
        },
        "9": {
            "dur_mean": 965.0315176430285,
            "dur_std": 296.45863241522954
        },
        "10": {
            "dur_mean": 1047.7395332875772,
            "dur_std": 304.6714918098666
        },
        "11": {
            "dur_mean": 1264.7712126417039,
            "dur_std": 329.10799971044264
        },
        "12": {
            "dur_mean": 1326.0699517574087,
            "dur_std": 339.89291092874896
        },
        "13": {
            "dur_mean": 1352.7780840799448,
            "dur_std": 344.0645802706384
        },
        "14": {
            "dur_mean": 1384.2644628099174,
            "dur_std": 350.14877842360164
        },
        "15": {
            "dur_mean": 1452.6936316695353,
            "dur_std": 369.73579341547514
        },
        "16": {
            "dur_mean": 1481.7383660806618,
            "dur_std": 371.8594230211267
        },
        "17": {
            "dur_mean": 1517.5325749741469,
            "dur_std": 373.7614646709689
        },
        "18": {
            "dur_mean": 1537.802137194071,
            "dur_std": 374.781231095739
        },
        "19": {
            "dur_mean": 1581.8907649896623,
            "dur_std": 377.2674335708386
        },
        "20": {
            "dur_mean": 1619.559765759559,
            "dur_std": 382.9638178682466
        },
        "21": {
            "dur_mean": 1697.4844934527912,
            "dur_std": 394.29278898788834
        },
        "22": {
            "dur_mean": 1740.7603305785124,
            "dur_std": 399.7993913030435
        },
        "23": {
            "dur_mean": 1774.7045454545455,
            "dur_std": 403.96951676929166
        },
        "24": {
            "dur_mean": 1894.0941580756014,
            "dur_std": 415.52432685530613
        },
        "25": {
            "dur_mean": 1942.8253260123543,
            "dur_std": 423.46779279923544
        },
        "26": {
            "dur_mean": 1983.2978723404256,
            "dur_std": 431.20067380976496
        },
        "27": {
            "dur_mean": 2117.6748971193415,
            "dur_std": 451.5123888942942
        },
        "28": {
            "dur_mean": 2163.400548696845,
            "dur_std": 456.63994702716064
        },
        "29": {
            "dur_mean": 2212.9595197255576,
            "dur_std": 462.00362527558775
        },
        "30": {
            "dur_mean": 2250.178669410151,
            "dur_std": 466.89584159629214
        },
        "31": {
            "dur_mean": 2316.7098765432097,
            "dur_std": 472.32159965541297
        },
        "32": {
            "dur_mean": 2381.6342385699554,
            "dur_std": 486.94888957225567
        },
        "33": {
            "dur_mean": 2425.0244490358127,
            "dur_std": 495.4803127871669
        },
        "34": {
            "dur_mean": 2454.981755593804,
            "dur_std": 502.1804323651989
        },
        "35": {
            "dur_mean": 2479.29569707401,
            "dur_std": 507.83956633609904
        },
        "36": {
            "dur_mean": 2511.2647160068846,
            "dur_std": 513.0077889666236
        },
        "37": {
            "dur_mean": 2591.621259029928,
            "dur_std": 530.5562800295551
        },
        "38": {
            "dur_mean": 2656.2405368203717,
            "dur_std": 552.5897753760709
        },
        "39": {
            "dur_mean": 2693.1655765920827,
            "dur_std": 549.813781822891
        },
        "40": {
            "dur_mean": 2722.8761183757742,
            "dur_std": 552.8322249882054
        },
        "41": {
            "dur_mean": 2793.5924895688454,
            "dur_std": 558.9338143590962
        },
        "42": {
            "dur_mean": 2807.147462277092,
            "dur_std": 564.8189875619789
        },
        "43": {
            "dur_mean": 2907.7113402061855,
            "dur_std": 575.2983035163566
        },
        "44": {
            "dur_mean": 2930.388412752828,
            "dur_std": 579.6957058918719
        },
        "45": {
            "dur_mean": 2941.2015769626328,
            "dur_std": 581.9246764292548
        },
        "46": {
            "dur_mean": 3004.4124100102845,
            "dur_std": 593.2157252906267
        },
        "47": {
            "dur_mean": 3202.730703259005,
            "dur_std": 623.1637469053569
        },
        "48": {
            "dur_mean": 3301.1859348198973,
            "dur_std": 650.0010947731997
        }
    },
    "feature_eval": {
        "f_values": {
            "weather_main_Clouds": 2.966459265499432,
            "weather_main_Drizzle": 15.9441049422764,
            "weather_main_Fog": 10.393522818540417,
            "weather_main_Mist": 2.2511636074303505,
            "weather_main_Rain": 3.4626504447362527,
            "weather_main_Smoke": 0.9301496169304171,
            "weather_description_drizzle": 0.572601395399629,
            "weather_description_few clouds": 1.0748475734020215,
            "weather_description_fog": 10.393522818540417,
            "weather_description_heavy intensity rain": 4.795329235737041,
            "weather_description_light intensity drizzle": 0.08966331424708754,
            "weather_description_light intensity drizzle rain": 30.1690861027967,
            "weather_description_light intensity shower rain": 15.830255259368583,
            "weather_description_light rain": 12.96477914066525,
            "weather_description_mist": 2.2511636074303505,
            "weather_description_moderate rain": 9.693995133753646,
            "weather_description_overcast clouds": 30.831449339067397,
            "weather_description_proximity shower rain": 62.571292530877464,
            "weather_description_scattered clouds": 1.2302821546288532,
            "weather_description_sky is clear": 4.838604936348056,
            "weather_description_smoke": 0.9301496169304171,
            "weekday_1": 38.1004048846283,
            "weekday_2": 37.354158312394624,
            "weekday_3": 104.35300667714891,
            "weekday_4": 158.93623136311365,
            "weekday_5": 488.97219145921173,
            "weekday_6": 102.66612368415316,
            "month_6": 0.09374792981355276,
            "month_7": 0.061840183523739156,
            "month_8": 1.0985843166737317,
            "month_9": 0.19794391540389722,
            "month_10": 1.2756460632442228e-05,
            "month_11": 31.330372436375264,
            "month_12": 27.84186151750155,
            "hour_7": 0.25484798681128146,
            "hour_8": 1222.0534937373975,
            "hour_9": 9.938663762613785,
            "hour_10": 269.8402355957265,
            "hour_11": 5.684912340235673,
            "hour_12": 33.91432313311886,
            "hour_13": 27.793869901632906,
            "hour_14": 1.3225792030442949,
            "hour_15": 508.6857853682413,
            "hour_16": 89.22298261839252,