{
    "rows": {
        "start": 224696,
        "route_filter": -85059,
        "nan_filter": -1079,
        "negative_dur": 0,
        "outliers": -1971,
        "end": 136587
    },
    "scr": 0.001595405232929164,
    "stats": {
        "1": {
            "dur_mean": 0.0,
            "dur_std": 0.0
        },
        "2": {
            "dur_mean": 138.9068203650336,
            "dur_std": 67.86586585191638
        },
        "3": {
            "dur_mean": 187.52978859705317,
            "dur_std": 81.18688953034113
        },
        "4": {
            "dur_mean": 290.827763496144,
            "dur_std": 81.9486077423389
        },
        "5": {
            "dur_mean": 434.4847414070029,
            "dur_std": 126.03113206054682
        },
        "6": {
            "dur_mean": 490.8445229681979,
            "dur_std": 130.51711067527523
        },
        "7": {
            "dur_mean": 522.616200578592,
            "dur_std": 134.4384363383835
        },
        "8": {
            "dur_mean": 565.1881219903692,
            "dur_std": 151.6735920844839
        },
        "9": {
            "dur_mean": 660.2425409047161,
            "dur_std": 158.55027654424964
        },
        "10": {
            "dur_mean": 695.9513844172569,
            "dur_std": 161.631751455579
        },
        "11": {
            "dur_mean": 795.1389961389962,
            "dur_std": 181.87855155698983
        },
        "12": {
            "dur_mean": 850.6504823151125,
            "dur_std": 199.65703391433223
        },
        "13": {
            "dur_mean": 894.8498392282958,
            "dur_std": 216.62851928278403
        },
        "14": {
            "dur_mean": 941.2694533762058,
            "dur_std": 229.12506202707962
        },
        "15": {
            "dur_mean": 968.5334405144695,
            "dur_std": 233.30349701257663
        },
        "16": {
            "dur_mean": 1022.898424943748,
            "dur_std": 241.17588537335425
        },
        "17": {
            "dur_mean": 1050.7978142076502,
            "dur_std": 243.56569580974468
        },
        "18": {
            "dur_mean": 1102.9993571198972,
            "dur_std": 251.96938899386225
        },
        "19": {
            "dur_mean": 1111.652982681206,
            "dur_std": 254.36994859818472
        },
        "20": {
            "dur_mean": 1129.197819814043,
            "dur_std": 256.46507210309113
        },
        "21": {
            "dur_mean": 1151.0403846153847,
            "dur_std": 259.5553025570011
        },
        "22": {
            "dur_mean": 1256.7204232125682,
            "dur_std": 282.51989332571384
        },
        "23": {
            "dur_mean": 1398.6095604748155,
            "dur_std": 311.7651039641458
        },
        "24": {
            "dur_mean": 1446.5388069275177,
            "dur_std": 319.19639572738265
        },
        "25": {
            "dur_mean": 1541.712636305324,
            "dur_std": 324.7225021580818
        },
        "26": {
            "dur_mean": 1580.6493423163297,
            "dur_std": 331.082038692893
        },
        "27": {
            "dur_mean": 1609.3832584990378,
            "dur_std": 337.60776152748264
        },
        "28": {
            "dur_mean": 1695.7511225144324,
            "dur_std": 359.63682482737903
        },
        "29": {
            "dur_mean": 1762.6282216494844,
            "dur_std": 366.91014712649195
        },
        "30": {
            "dur_mean": 1801.3969072164948,
            "dur_std": 368.5649409504539
        },
        "31": {
            "dur_mean": 1826.902706185567,
            "dur_std": 369.3876811437413
        },
        "32": {
            "dur_mean": 1852.5815077319587,
            "dur_std": 370.40833108416905
        },
        "33": {
            "dur_mean": 1878.1797680412371,
            "dur_std": 374.0774638780689
        },
        "34": {
            "dur_mean": 1946.1837194337195,
            "dur_std": 392.61393914736504
        },
        "35": {
            "dur_mean": 1975.75,
            "dur_std": 396.6179847114706
        },
        "36": {
            "dur_mean": 1999.7413127413126,
            "dur_std": 405.0206875298427
        },
        "37": {
            "dur_mean": 2093.539575289575,
            "dur_std": 431.4019742460679
        },
        "38": {
            "dur_mean": 2166.699420103093,
            "dur_std": 439.8201755697514
        },
        "39": {
            "dur_mean": 2256.5616747181966,
            "dur_std": 460.53350199085116
        },
        "40": {
            "dur_mean": 2358.0292981326465,
            "dur_std": 482.34859950463266
        },
        "41": {
            "dur_mean": 2433.327525008067,
            "dur_std": 504.0329485481247
        },
        "42": {
            "dur_mean": 2615.551473022178,
            "dur_std": 525.5840627673952
        },
        "44": {
            "dur_mean": 3001.4055059523807,
            "dur_std": 578.9774728173485
        },
        "45": {
            "dur_mean": 3211.4521072796933,
            "dur_std": 611.6937047178881
        },
        "46": {
            "dur_mean": 3269.6055323986357,
            "dur_std": 624.6101711816771
        },
        "43": {
            "dur_mean": 2991.4,
            "dur_std": 278.1794384924953
        }
    },
    "feature_eval": {
        "f_values": {
            "weather_main_Clouds": 0.21564919790517537,
            "weather_main_Drizzle": 1.0279228700977687,
            "weather_main_Fog": 4.189771753059573,
            "weather_main_Mist": 2.8978361639351,
            "weather_main_Rain": 13.421154114494602,
            "weather_main_Smoke": 0.011857352206637422,
            "weather_description_drizzle": 4.850907449669357,
            "weather_description_few clouds": 2.078091547242419,
            "weather_description_fog": 4.189771753059573,
            "weather_description_heavy intensity rain": 0.7652148878119872,
            "weather_description_light intensity drizzle": 3.44443727479126,
            "weather_description_light intensity drizzle rain": 0.020169516079545743,
            "weather_description_light intensity shower rain": 10.38861448184835,
            "weather_description_light rain": 1.05554800483296,
            "weather_description_mist": 2.8978361639351,
            "weather_description_moderate rain": 2.468045449930786,
            "weather_description_overcast clouds": 11.34180448041275,
            "weather_description_proximity shower rain": 15.849146576911318,
            "weather_description_scattered clouds": 0.679721962101646,
            "weather_description_sky is clear": 45.4521473690423,
            "weather_description_smoke": 0.011857352206637422,
            "weekday_1": 15.019907210495566,
            "weekday_2": 3.4473229292980623,
            "weekday_3": 6.651409678511199,
            "weekday_4": 110.71629629638785,
            "weekday_5": 34.59249959631216,
            "month_6": 2.881565790502175,
            "month_7": 43.698936921919824,
            "month_8": 22.59719823729732,
            "month_9": 1.1415817723092085,
            "month_10": 6.79932892702887,
            "month_11": 9.93001811390804,
            "month_12": 3.8343034657954695,
            "hour_6": 21.99928396899093,
            "hour_7": 127.38828177145596,
            "hour_8": 4.736829420500325,
            "hour_9": 254.99991361805377,
            "hour_10": 86.67877437013061,
            "hour_11": 3.1414245262132003,
            "hour_12": 16.935511564358137,
            "hour_13": 30.60567155667576,
            "hour_14": 93.7047823758692,
            "hour_15": 68.3834922913364,
            "hour_16": 181.0104909989539,
            "hour_17": 255.99527330787961,
            "hour_18": 170.20850380175992,
            "hour_19": 55.95986720389607,
            "hour_20": 392.6561102078634,
            "hour_21": 392.97421871953617,
            "hour_22": 548.7632443110067,