{
    "rows": {
        "start": 74247,
        "route_filter": -37759,
        "nan_filter": -4891,
        "negative_dur": 0,
        "outliers": -410,
        "end": 31187
    },
    "scr": 0.005758157389635317,
    "stats": {
        "1": {
            "dur_mean": 0.0,
            "dur_std": 0.0
        },
        "2": {
            "dur_mean": 181.3531669865643,
            "dur_std": 83.82962365686075
        },
        "3": {
            "dur_mean": 208.63723608445298,
            "dur_std": 85.08855610502735
        },
        "4": {
            "dur_mean": 278.9865642994242,
            "dur_std": 92.42796473626717
        },
        "5": {
            "dur_mean": 294.07485604606524,
            "dur_std": 93.4089857378067
        },
        "6": {
            "dur_mean": 336.0,
            "dur_std": 94.95684041408401
        },
        "7": {
            "dur_mean": 378.12307692307695,
            "dur_std": 102.46102810108653
        },
        "8": {
            "dur_mean": 412.12307692307695,
            "dur_std": 105.56532940690285
        },
        "9": {
            "dur_mean": 473.4653846153846,
            "dur_std": 109.76227049810858
        },
        "10": {
            "dur_mean": 526.4538461538461,
            "dur_std": 115.27962897270352
        },
        "11": {
            "dur_mean": 562.6596153846153,
            "dur_std": 121.46666924637967
        },
        "12": {
            "dur_mean": 638.7980769230769,
            "dur_std": 129.4030149032246
        },
        "13": {
            "dur_mean": 670.6384615384616,
            "dur_std": 131.62642025882442
        },
        "14": {
            "dur_mean": 713.1942307692308,
            "dur_std": 133.67382859857415
        },
        "15": {
            "dur_mean": 795.2461538461539,
            "dur_std": 141.5135123099421
        },
        "16": {
            "dur_mean": 865.6846153846154,
            "dur_std": 155.08620436406383
        },
        "17": {
            "dur_mean": 916.25,
            "dur_std": 175.00362506567447
        },
        "18": {
            "dur_mean": 1033.0888030888032,
            "dur_std": 257.5786894660282
        },
        "19": {
            "dur_mean": 1343.4007707129094,
            "dur_std": 405.7610434738028
        },
        "21": {
            "dur_mean": 1546.9036608863198,
            "dur_std": 438.2009578993941
        },
        "22": {
            "dur_mean": 1644.2729357798164,
            "dur_std": 473.0475432854217
        },
        "24": {
            "dur_mean": 1901.650980392157,
            "dur_std": 452.14818379276056
        },
        "25": {
            "dur_mean": 2122.3326810176127,
            "dur_std": 477.17109079515825
        },
        "26": {
            "dur_mean": 2340.2893203883496,
            "dur_std": 529.8216238469706
        },
        "27": {
            "dur_mean": 2659.2437137330753,
            "dur_std": 539.7652182904193
        },
        "28": {
            "dur_mean": 2839.6208897485494,
            "dur_std": 541.5882752357645
        },
        "29": {
            "dur_mean": 2949.8166023166023,
            "dur_std": 550.1181156398729
        },
        "30": {
            "dur_mean": 3050.8474903474903,
            "dur_std": 547.7004344202181
        },
        "31": {
            "dur_mean": 3158.054054054054,
            "dur_std": 546.3827320805761
        },
        "32": {
            "dur_mean": 3279.8513513513512,
            "dur_std": 542.2960063641257
        },
        "33": {
            "dur_mean": 3439.7123552123553,
            "dur_std": 547.4206515209826
        },
        "34": {
            "dur_mean": 3514.2972972972975,
            "dur_std": 542.8506001770688
        },
        "35": {
            "dur_mean": 3779.364864864865,
            "dur_std": 542.5724279179959
        },
        "36": {
            "dur_mean": 3892.9594594594596,
            "dur_std": 542.640863435938
        },
        "37": {
            "dur_mean": 4038.3841698841698,
            "dur_std": 545.6806878170294
        },
        "38": {
            "dur_mean": 4090.7741312741314,
            "dur_std": 545.3616559053595
        },
        "39": {
            "dur_mean": 4166.9324324324325,
            "dur_std": 543.9355559648722
        },
        "40": {
            "dur_mean": 4320.017374517374,
            "dur_std": 550.4584669850142
        },
        "41": {
            "dur_mean": 4437.72972972973,
            "dur_std": 552.1591383348964
        },
        "42": {
            "dur_mean": 4510.571428571428,
            "dur_std": 554.2685857062951
        },
        "43": {
            "dur_mean": 4552.880308880309,
            "dur_std": 556.4285752373945
        },
        "44": {
            "dur_mean": 4598.793436293437,
            "dur_std": 554.8041195058524
        },
        "45": {
            "dur_mean": 4708.694980694981,
            "dur_std": 561.8413596022198
        },
        "46": {
            "dur_mean": 4741.926640926641,
            "dur_std": 565.4158313191242
        },
        "47": {
            "dur_mean": 4769.3861003861,
            "dur_std": 566.3146953745265
        },
        "48": {
            "dur_mean": 4853.72972972973,
            "dur_std": 572.7413635833436
        },
        "49": {
            "dur_mean": 4925.557915057915,
            "dur_std": 574.8393497932209
        },
        "50": {
            "dur_mean": 4984.812741312741,
            "dur_std": 575.9227577491948
        },
        "51": {
            "dur_mean": 5051.30694980695,
            "dur_std": 575.8192283544457
        },
        "52": {
            "dur_mean": 5137.573359073359,
            "dur_std": 579.4148130276035
        },
        "53": {
            "dur_mean": 5175.322393822394,
            "dur_std": 580.2110487098083
        },
        "54": {
            "dur_mean": 5219.075289575289,
            "dur_std": 580.3818759920835
        },
        "55": {
            "dur_mean": 5282.146718146718,
            "dur_std": 581.1945692866708
        },
        "56": {
            "dur_mean": 5371.040618955512,
            "dur_std": 582.5714018636545
        },
        "57": {
            "dur_mean": 5491.345631067961,
            "dur_std": 579.3548210824002
        },
        "58": {
            "dur_mean": 5541.854368932039,
            "dur_std": 578.0866267360204
        },
        "59": {
            "dur_mean": 5657.493203883495,
            "dur_std": 578.6226513187092
        },
        "60": {
            "dur_mean": 5843.9514563106795,
            "dur_std": 588.5492878051001
        },
        "61": {
            "dur_mean": 6047.696498054474,
            "dur_std": 599.163039792025
        },
        "62": {
            "dur_mean": 6212.984435797665,
            "dur_std": 605.4137564685956
        },
        "63": {
            "dur_mean": 6317.216091954023,
            "dur_std": 622.5962988593456
        },
        "20": {
            "dur_mean": 1410.3647058823528,
            "dur_std": 198.3806974492432
        },
        "23": {
            "dur_mean": 1730.632911392405,
            "dur_std": 222.49754693059666
        }
    },
    "feature_eval": {
        "f_values": {
            "weather_main_Clouds": 0.5702656245730735,
            "weather_main_Drizzle": 12.611360530073714,
            "weather_main_Fog": 7.926188477494731,
            "weather_main_Mist": 10.741939695837928,
            "weather_main_Rain": 5.599317261441363,
            "weather_main_Snow": 7.056045838999187,
            "weather_description_few clouds": 1.5151666870086147,
            "weather_description_fog": 7.926188477494731,
            "weather_description_light intensity drizzle": 27.291297139047597,
            "weather_description_light intensity drizzle rain": 0.5934188857552956,
            "weather_description_light intensity shower rain": 8.110486925450592,
            "weather_description_light rain": 6.646583622428822,