{
    "rows": {
        "start": 96698,
        "route_filter": -67036,
        "nan_filter": 0,
        "negative_dur": 0,
        "outliers": -474,
        "end": 29188
    },
    "scr": 0.9138755980861244,
    "stats": {
        "1": {
            "dur_mean": 0.0,
            "dur_std": 0.0
        },
        "2": {
            "dur_mean": 83.13078149920256,
            "dur_std": 33.574800281238076
        },
        "3": {
            "dur_mean": 287.8421052631579,
            "dur_std": 92.1640897441747
        },
        "4": {
            "dur_mean": 345.21850079744814,
            "dur_std": 94.8394394426029
        },
        "5": {
            "dur_mean": 506.7384370015949,
            "dur_std": 106.09612784884277
        },
        "6": {
            "dur_mean": 651.0430622009569,
            "dur_std": 147.46453430404515
        },
        "7": {
            "dur_mean": 672.5629984051037,
            "dur_std": 152.9577728983942
        },
        "8": {
            "dur_mean": 827.304,
            "dur_std": 168.79080817117065
        },
        "9": {
            "dur_mean": 903.4544,
            "dur_std": 172.5967257169299
        },
        "10": {
            "dur_mean": 978.2048,
            "dur_std": 192.12513360854837
        },
        "11": {
            "dur_mean": 1072.0624,
            "dur_std": 232.13211370981097
        },
        "12": {
            "dur_mean": 1214.0031897926635,
            "dur_std": 294.81081818712215
        },
        "13": {
            "dur_mean": 1283.4003189792663,
            "dur_std": 320.0434638013137
        },
        "14": {
            "dur_mean": 1336.1451355661882,
            "dur_std": 342.50232571366683
        },
        "15": {
            "dur_mean": 1397.9520766773162,
            "dur_std": 356.03512762040845
        },
        "16": {
            "dur_mean": 1494.33014354067,
            "dur_std": 358.7974783185397
        },
        "17": {
            "dur_mean": 1594.6458333333333,
            "dur_std": 359.63480390758616
        },
        "18": {
            "dur_mean": 1792.6744574290485,
            "dur_std": 352.824038114709
        },
        "19": {
            "dur_mean": 1954.2820097244733,
            "dur_std": 398.3244470862965
        },
        "20": {
            "dur_mean": 2181.348874598071,
            "dur_std": 440.8885211415872
        },
        "21": {
            "dur_mean": 2233.083467094703,
            "dur_std": 443.3936679639576
        },
        "22": {
            "dur_mean": 2508.3162118780097,
            "dur_std": 452.69835627993297
        },
        "23": {
            "dur_mean": 2545.171749598716,
            "dur_std": 456.6099192578047
        },
        "24": {
            "dur_mean": 2772.6298076923076,
            "dur_std": 468.56850662652323
        },
        "25": {
            "dur_mean": 2907.2323717948716,
            "dur_std": 485.2890772032609
        },
        "26": {
            "dur_mean": 3037.392,
            "dur_std": 511.4290576664969
        },
        "27": {
            "dur_mean": 3220.1485623003196,
            "dur_std": 541.7064462362707
        },
        "28": {
            "dur_mean": 3343.0399361022364,
            "dur_std": 552.6816052688528
        },
        "29": {
            "dur_mean": 3502.0721153846152,
            "dur_std": 567.5286541507797
        },
        "30": {
            "dur_mean": 3806.6370967741937,
            "dur_std": 594.7705512529695
        },
        "31": {
            "dur_mean": 4090.3239202657805,
            "dur_std": 589.0477238935795
        },
        "32": {
            "dur_mean": 4200.039669421488,
            "dur_std": 592.9935492204861
        },
        "33": {
            "dur_mean": 4379.452614379085,
            "dur_std": 604.8081402047807
        },
        "34": {
            "dur_mean": 4473.529315960912,
            "dur_std": 605.6252252794632
        },
        "35": {
            "dur_mean": 4506.247960848287,
            "dur_std": 606.3079826189836
        },
        "36": {
            "dur_mean": 4610.509803921569,
            "dur_std": 609.7489528495372
        },
        "37": {
            "dur_mean": 4682.862745098039,
            "dur_std": 613.0605527673359
        },
        "38": {
            "dur_mean": 4711.41339869281,
            "dur_std": 614.5940637459032
        },
        "39": {
            "dur_mean": 4750.116013071895,
            "dur_std": 617.3161842184198
        },
        "40": {
            "dur_mean": 4809.72249589491,
            "dur_std": 603.9981702299508
        },
        "41": {
            "dur_mean": 4851.15435139573,
            "dur_std": 606.2166695815673
        },
        "42": {
            "dur_mean": 4887.001642036124,
            "dur_std": 606.8376086079236
        },
        "43": {
            "dur_mean": 4958.96223316913,
            "dur_std": 609.6713957062224
        },
        "44": {
            "dur_mean": 5025.021346469623,
            "dur_std": 613.107261697503
        },
        "45": {
            "dur_mean": 5054.735632183908,
            "dur_std": 614.023915771563
        },
        "46": {
            "dur_mean": 5086.047619047619,
            "dur_std": 617.0831637246158
        },
        "47": {
            "dur_mean": 5162.584564860427,
            "dur_std": 619.4142631812874
        },
        "48": {
            "dur_mean": 5428.240837696335,
            "dur_std": 652.9690270506013
        }
    },
    "feature_eval": {
        "f_values": {
            "weather_main_Clouds": 0.26262775911853525,
            "weather_main_Drizzle": 1.0330888759992853,
            "weather_main_Fog": 0.09147939742135566,
            "weather_main_Mist": 33.51350585207614,
            "weather_main_Rain": 0.44562864012822634,
            "weather_main_Snow": 52.975588180452796,
            "weather_description_few clouds": 0.6505488982456703,
            "weather_description_fog": 0.09147939742135566,
            "weather_description_heavy intensity rain": 16.31194176572603,
            "weather_description_light intensity drizzle": 5.750494699275963,
            "weather_description_light intensity drizzle rain": 0.9555451412061414,
            "weather_description_light intensity shower rain": 3.4420675114729584,
            "weather_description_light rain": 3.01952144125962,
            "weather_description_light shower snow": 52.975588180452796,
            "weather_description_mist": 33.51350585207614,
            "weather_description_moderate rain": NaN,
            "weather_description_overcast clouds": 9.622590412889195,
            "weather_description_proximity shower rain": 4.808338555568734,
            "weather_description_scattered clouds": 7.664261227299538,
            "weather_description_sky is clear": 0.0002824229567411168,
            "weekday_1": 26.807041158759674,
            "weekday_2": 16.19607012912383,
            "weekday_3": 0.03074701821167611,
            "weekday_4": 80.92239766381442,
            "month_3": 12.67894641133487,
            "month_4": 0.1098341254245861,
            "month_5": 3.6997717596498174,
            "month_6": 6.804869127470463,
            "month_7": 63.157966855182586,
            "month_8": 47.353437838878214,
            "month_9": 0.39619901957154435,
            "month_10": 3.2871891678344576,
            "month_11": 45.50514946111198,
            "month_12": 7.026753780573227,
            "hour_8": 24449.252060136656,
            "hour_9": 1215.1043144960804
        },
        "correlations": {
            "daystamp": 0.0045369144736010615,
            "progr_number": 0.9652095938330492,
            "arr_p": 0.8949320898525863,
            "arr_a": 0.9216654870865102,
            "dep_p": 0.8949320898525863,
            "dep_a": 0.9217651678047654,
            "end_p": 0.051597537523119734,
            "start_p": 0.0165812719425834,
            "start_a": 0.019427498776125186,