{
    "rows": {
        "start": 795615,
        "route_filter": 0,
        "nan_filter": -57761,
        "negative_dur": -11,
        "outliers": -6490,
        "end": 731353
    },
    "scr": 0.9820470109198594,
    "stats": {
        "1": {
            "dur_mean": 0.0,
            "dur_std": 0.0
        },
        "2": {
            "dur_mean": 135.21992902502802,
            "dur_std": 84.03784114044048
        },
        "3": {
            "dur_mean": 214.27426278462113,
            "dur_std": 112.16078758522656
        },
        "4": {
            "dur_mean": 326.67848524224985,
            "dur_std": 139.76604826544173
        },
        "5": {
            "dur_mean": 388.0422077922078,
            "dur_std": 150.5584193205442
        },
        "6": {
            "dur_mean": 551.8997776954427,
            "dur_std": 225.19282819660856
        },
        "7": {
            "dur_mean": 774.7974506885001,
            "dur_std": 268.90378045368965
        },
        "8": {
            "dur_mean": 946.3567768979972,
            "dur_std": 306.91658622861155
        },
        "9": {
            "dur_mean": 1030.220935661593,
            "dur_std": 302.0410634387255
        },
        "10": {
            "dur_mean": 1115.6607426807595,
            "dur_std": 310.9927329308518
        },
        "11": {
            "dur_mean": 1341.8845720720722,
            "dur_std": 334.38178008035806
        },
        "12": {
            "dur_mean": 1404.4724128207538,
            "dur_std": 343.20725424958556
        },
        "13": {
            "dur_mean": 1433.0721872356426,
            "dur_std": 347.28316756418866
        },
        "14": {
            "dur_mean": 1466.9803571428572,
            "dur_std": 353.48951869138637
        },
        "15": {
            "dur_mean": 1536.3988721804512,
            "dur_std": 371.4526673049753
        },
        "16": {
            "dur_mean": 1566.108583247156,
            "dur_std": 373.52670743143443
        },
        "17": {
            "dur_mean": 1603.3338344451752,
            "dur_std": 376.87659611363154
        },
        "18": {
            "dur_mean": 1624.2413793103449,
            "dur_std": 378.31638139167916
        },
        "19": {
            "dur_mean": 1670.3915453264444,
            "dur_std": 381.3545063226412
        },
        "20": {
            "dur_mean": 1711.356787224049,
            "dur_std": 386.86326975963146
        },
        "21": {
            "dur_mean": 1794.6072669232935,
            "dur_std": 397.4015516552307
        },
        "22": {
            "dur_mean": 1841.6591570449639,
            "dur_std": 402.60765271410423
        },
        "23": {
            "dur_mean": 1879.4772321847713,
            "dur_std": 406.4625297571738
        },
        "24": {
            "dur_mean": 2001.8255247376312,
            "dur_std": 419.7891721240765
        },
        "25": {
            "dur_mean": 2053.060920830994,
            "dur_std": 427.34782412385294
        },
        "26": {
            "dur_mean": 2096.768835296317,
            "dur_std": 435.11541401568405
        },
        "27": {
            "dur_mean": 2244.7781512605043,
            "dur_std": 452.74721759210036
        },
        "28": {
            "dur_mean": 2294.4219027168333,
            "dur_std": 456.19217620063233
        },
        "29": {
            "dur_mean": 2346.0275443510736,
            "dur_std": 461.0092657234412
        },
        "30": {
            "dur_mean": 2385.7299719887956,
            "dur_std": 465.30669558085634
        },
        "31": {
            "dur_mean": 2450.0584500466853,
            "dur_std": 470.3952492166542
        },
        "32": {
            "dur_mean": 2527.7732373293434,
            "dur_std": 486.57281758051516
        },
        "33": {
            "dur_mean": 2574.3023190574154,
            "dur_std": 497.5428081450145
        },
        "34": {
            "dur_mean": 2606.5252921926135,
            "dur_std": 504.95980642722355
        },
        "35": {
            "dur_mean": 2632.1716690042076,
            "dur_std": 511.1494025138505
        },
        "36": {
            "dur_mean": 2667.131906141909,
            "dur_std": 517.0263029220846
        },
        "37": {
            "dur_mean": 2754.8882451878153,
            "dur_std": 540.3064266705941
        },
        "38": {
            "dur_mean": 2823.8569025142538,
            "dur_std": 554.9959599877336
        },
        "39": {
            "dur_mean": 2866.693709692495,
            "dur_std": 559.852091282636
        },
        "40": {
            "dur_mean": 2898.798485839798,
            "dur_std": 562.9822622652521
        },
        "41": {
            "dur_mean": 2972.185638899359,
            "dur_std": 570.6265795336915
        },
        "42": {
            "dur_mean": 2985.7057781919852,
            "dur_std": 573.5268847517248
        },
        "43": {
            "dur_mean": 3017.0964495387198,
            "dur_std": 579.2392777051764
        },
        "44": {
            "dur_mean": 3059.8707692307694,
            "dur_std": 583.1654068337227
        },
        "45": {
            "dur_mean": 3100.92052238806,
            "dur_std": 584.6751093674682
        },
        "46": {
            "dur_mean": 3151.655629139073,
            "dur_std": 585.5980313708446
        },
        "47": {
            "dur_mean": 3171.664490252775,
            "dur_std": 586.2667141247398
        },
        "48": {
            "dur_mean": 3193.9671641791047,
            "dur_std": 586.7279954874015
        },
        "49": {
            "dur_mean": 3204.684608208955,
            "dur_std": 588.221778880546
        },
        "50": {
            "dur_mean": 3250.880794701987,
            "dur_std": 594.0099484109331
        },
        "51": {
            "dur_mean": 3271.323973880597,
            "dur_std": 596.8424672129033
        },
        "52": {
            "dur_mean": 3300.999626830861,
            "dur_std": 598.9201685969218
        },
        "53": {
            "dur_mean": 3322.9730385297134,
            "dur_std": 601.9856903105715
        },
        "54": {
            "dur_mean": 3391.6110851917515,
            "dur_std": 616.6592714418219
        },
        "55": {
            "dur_mean": 3502.414438002618,
            "dur_std": 650.2341607306174
        },
        "56": {
            "dur_mean": 3599.9238336143903,
            "dur_std": 666.589711474681
        },
        "57": {
            "dur_mean": 3646.812576140943,
            "dur_std": 671.8062314883423
        },
        "58": {
            "dur_mean": 3715.5025304592314,
            "dur_std": 678.5885241992843
        },
        "59": {
            "dur_mean": 3806.6785313901346,
            "dur_std": 690.4955630991963
        },
        "60": {
            "dur_mean": 3895.848416923508,
            "dur_std": 701.3978468492703
        },
        "61": {
            "dur_mean": 3938.4827972027974,
            "dur_std": 708.6089052319675
        },
        "62": {
            "dur_mean": 3972.9558315435615,
            "dur_std": 712.5527753169648
        },
        "63": {
            "dur_mean": 4043.5510624356452,
            "dur_std": 721.1536861881366
        },
        "64": {
            "dur_mean": 4075.7956231802386,
            "dur_std": 719.6301889159301
        },
        "65": {
            "dur_mean": 4166.118155348925,
            "dur_std": 722.9105107499472
        },
        "66": {
            "dur_mean": 4237.265125892522,
            "dur_std": 723.7506405808006
        },
        "67": {
            "dur_mean": 4281.375528615732,
            "dur_std": 726.9024565465617
        },
        "68": {
            "dur_mean": 4312.34069133947,
            "dur_std": 731.4396235534049
        },
        "69": {
            "dur_mean": 4390.945210620133,
            "dur_std": 750.2878129188697
        }
    },