{
    "rows": {
        "start": 775064,
        "route_filter": 0,
        "nan_filter": -61198,
        "negative_dur": -134,
        "outliers": -8089,
        "end": 705643
    },
    "scr": 0.003968603933327454,
    "stats": {
        "1": {
            "dur_mean": 0.0,
            "dur_std": 0.0
        },
        "2": {
            "dur_mean": 60.72303013021576,
            "dur_std": 104.62350067057825
        },
        "3": {
            "dur_mean": 146.52769162605227,
            "dur_std": 145.90128240493905
        },
        "4": {
            "dur_mean": 222.85398740353057,
            "dur_std": 152.1419442193718
        },
        "5": {
            "dur_mean": 305.2047572557025,
            "dur_std": 154.57460182479093
        },
        "6": {
            "dur_mean": 377.2898756660746,
            "dur_std": 156.43719207975624
        },
        "7": {
            "dur_mean": 420.12718558622527,
            "dur_std": 161.61428976549277
        },
        "8": {
            "dur_mean": 477.57978723404256,
            "dur_std": 166.44614768991488
        },
        "9": {
            "dur_mean": 523.0132021974127,
            "dur_std": 171.2066015131203
        },
        "10": {
            "dur_mean": 581.9914984059511,
            "dur_std": 177.5055001034805
        },
        "11": {
            "dur_mean": 675.789109613338,
            "dur_std": 183.1932386998378
        },
        "12": {
            "dur_mean": 750.0798932384341,
            "dur_std": 192.2590366411927
        },
        "13": {
            "dur_mean": 821.1442299136934,
            "dur_std": 211.03417443662676
        },
        "14": {
            "dur_mean": 914.7358540925267,
            "dur_std": 245.43709432416898
        },
        "15": {
            "dur_mean": 992.5899555555555,
            "dur_std": 266.1260049952132
        },
        "16": {
            "dur_mean": 1071.2476300168335,
            "dur_std": 275.98850014600094
        },
        "17": {
            "dur_mean": 1131.3783664068037,
            "dur_std": 280.8834142925755
        },
        "18": {
            "dur_mean": 1155.4366696191319,
            "dur_std": 284.5187483625493
        },
        "19": {
            "dur_mean": 1173.1495881675671,
            "dur_std": 288.5671646839084
        },
        "20": {
            "dur_mean": 1221.5784765279009,
            "dur_std": 296.12485201400574
        },
        "21": {
            "dur_mean": 1247.7433073686095,
            "dur_std": 298.3893876049012
        },
        "22": {
            "dur_mean": 1258.0765511684126,
            "dur_std": 299.09360710658797
        },
        "23": {
            "dur_mean": 1280.37696991404,
            "dur_std": 299.6641980437534
        },
        "24": {
            "dur_mean": 1303.9586318051577,
            "dur_std": 300.1675456572827
        },
        "25": {
            "dur_mean": 1356.275096265783,
            "dur_std": 302.41201788337804
        },
        "26": {
            "dur_mean": 1396.5764305543119,
            "dur_std": 307.9181047678465
        },
        "27": {
            "dur_mean": 1470.4058191584602,
            "dur_std": 316.7997955059379
        },
        "28": {
            "dur_mean": 1562.022398714974,
            "dur_std": 327.14170789428744
        },
        "29": {
            "dur_mean": 1600.7785126921701,
            "dur_std": 332.03322606655126
        },
        "30": {
            "dur_mean": 1703.039510985117,
            "dur_std": 354.3629013616443
        },
        "31": {
            "dur_mean": 1756.4461837799593,
            "dur_std": 367.6954170083049
        },
        "32": {
            "dur_mean": 1801.1322072868766,
            "dur_std": 382.80317633152936
        },
        "33": {
            "dur_mean": 1847.3200990361659,
            "dur_std": 395.5028245055329
        },
        "34": {
            "dur_mean": 1874.9882332124214,
            "dur_std": 399.9382620727122
        },
        "35": {
            "dur_mean": 1930.1655184596361,
            "dur_std": 407.4187052618747
        },
        "36": {
            "dur_mean": 1958.632629626358,
            "dur_std": 409.50715607317875
        },
        "37": {
            "dur_mean": 2010.4569209039548,
            "dur_std": 414.4266835385095
        },
        "38": {
            "dur_mean": 2019.379036527263,
            "dur_std": 416.5821578339995
        },
        "39": {
            "dur_mean": 2037.0791493867466,
            "dur_std": 417.97231063013555
        },
        "40": {
            "dur_mean": 2058.9748588567395,
            "dur_std": 422.0941837331003
        },
        "41": {
            "dur_mean": 2169.1763253065183,
            "dur_std": 444.4057642353588
        },
        "42": {
            "dur_mean": 2309.852959336685,
            "dur_std": 469.9387112889953
        },
        "43": {
            "dur_mean": 2359.527389998233,
            "dur_std": 477.82487725723354
        },
        "44": {
            "dur_mean": 2456.48572691118,
            "dur_std": 484.8741241284462
        },
        "45": {
            "dur_mean": 2497.0940760389035,
            "dur_std": 491.6855635682653
        },
        "46": {
            "dur_mean": 2527.0997347480106,
            "dur_std": 497.19097608365627
        },
        "47": {
            "dur_mean": 2614.1857648099026,
            "dur_std": 518.1748143929068
        },
        "48": {
            "dur_mean": 2682.4783882133665,
            "dur_std": 525.4937940934276
        },
        "49": {
            "dur_mean": 2721.5950647967334,
            "dur_std": 527.4499766922116
        },
        "50": {
            "dur_mean": 2748.195189064442,
            "dur_std": 528.6551326224373
        },
        "51": {
            "dur_mean": 2774.781446959609,
            "dur_std": 529.9183666497269
        },
        "52": {
            "dur_mean": 2802.201562083962,
            "dur_std": 533.9239525258433
        },
        "53": {
            "dur_mean": 2868.4296355413676,
            "dur_std": 548.4241295237643
        },
        "54": {
            "dur_mean": 2899.476498758425,
            "dur_std": 552.5884891882395
        },
        "55": {
            "dur_mean": 2924.8591811414394,
            "dur_std": 559.9430781359441
        },
        "56": {
            "dur_mean": 3018.6041297412266,
            "dur_std": 585.5876412950228
        },
        "57": {
            "dur_mean": 3090.500576394431,
            "dur_std": 594.271225748176
        },
        "58": {
            "dur_mean": 3181.9715071897745,
            "dur_std": 617.0496069805218
        },
        "59": {
            "dur_mean": 3282.7905405405404,
            "dur_std": 639.5692148004398
        },
        "60": {
            "dur_mean": 3358.6818589628565,
            "dur_std": 656.4714618692201
        },
        "61": {
            "dur_mean": 3531.840167753961,
            "dur_std": 658.442505769216
        },
        "63": {
            "dur_mean": 3948.140025439898,
            "dur_std": 652.2255198165165
        },
        "64": {
            "dur_mean": 4160.695447581527,
            "dur_std": 690.5925606803856
        },
        "65": {
            "dur_mean": 4241.538762725137,
            "dur_std": 685.5208995394548
        },
        "62": {
            "dur_mean": 3921.4666666666667,
            "dur_std": 697.6585059390382
        }
    },
    "feature_eval": {
        "f_values": {
            "weather_main_Clouds": 57.125692225100856,
            "weather_main_Drizzle": 12.159831120476698,
            "weather_main_Fog": 22.561204777602278,
            "weather_main_Mist": 2.8768208882978197,
            "weather_main_Rain": 1.770267339508787,
            "weather_main_Smoke": 0.5460924431713778,
            "weather_main_Snow": 13.744917508555828,
            "weather_description_broken clouds": 55.53606766592451,