{
    "rows": {
        "start": 105480,
        "route_filter": -54766,
        "nan_filter": -13324,
        "negative_dur": 0,
        "outliers": -553,
        "end": 36837
    },
    "scr": 0.003656307129798903,
    "stats": {
        "1": {
            "dur_mean": 0.0,
            "dur_std": 0.0
        },
        "2": {
            "dur_mean": 177.13235294117646,
            "dur_std": 58.48184416421544
        },
        "3": {
            "dur_mean": 201.0348623853211,
            "dur_std": 59.313138634984284
        },
        "4": {
            "dur_mean": 269.35897435897436,
            "dur_std": 68.30793257929899
        },
        "5": {
            "dur_mean": 287.9065934065934,
            "dur_std": 69.8261568227173
        },
        "6": {
            "dur_mean": 328.95238095238096,
            "dur_std": 73.63468919630381
        },
        "7": {
            "dur_mean": 373.43589743589746,
            "dur_std": 80.4286025211495
        },
        "8": {
            "dur_mean": 406.3168498168498,
            "dur_std": 84.23882807785075
        },
        "9": {
            "dur_mean": 467.26739926739924,
            "dur_std": 88.41967234828407
        },
        "10": {
            "dur_mean": 520.3809523809524,
            "dur_std": 94.44634185469286
        },
        "11": {
            "dur_mean": 557.8315018315018,
            "dur_std": 100.94488002855269
        },
        "12": {
            "dur_mean": 636.0347985347985,
            "dur_std": 110.50058191409596
        },
        "13": {
            "dur_mean": 670.7124542124542,
            "dur_std": 113.65116317257625
        },
        "15": {
            "dur_mean": 804.4304029304029,
            "dur_std": 128.17313301973326
        },
        "16": {
            "dur_mean": 874.4293577981651,
            "dur_std": 139.55651613363983
        },
        "17": {
            "dur_mean": 927.9577981651377,
            "dur_std": 156.85091524371182
        },
        "18": {
            "dur_mean": 1055.3419117647059,
            "dur_std": 266.15466641371705
        },
        "19": {
            "dur_mean": 1363.2504604051564,
            "dur_std": 426.7720252173169
        },
        "21": {
            "dur_mean": 1550.6758747697975,
            "dur_std": 454.76709288507556
        },
        "22": {
            "dur_mean": 1633.2546125461254,
            "dur_std": 462.4825497301847
        },
        "24": {
            "dur_mean": 1882.0942698706099,
            "dur_std": 475.2371263715827
        },
        "25": {
            "dur_mean": 2101.160220994475,
            "dur_std": 497.27951234317004
        },
        "26": {
            "dur_mean": 2290.9079189686922,
            "dur_std": 545.6883925499448
        },
        "27": {
            "dur_mean": 2632.9353049907577,
            "dur_std": 557.5934346810385
        },
        "28": {
            "dur_mean": 2825.90221402214,
            "dur_std": 578.4169578353836
        },
        "29": {
            "dur_mean": 2928.181146025878,
            "dur_std": 578.5120829233508
        },
        "30": {
            "dur_mean": 3021.1645101663585,
            "dur_std": 579.2543680338434
        },
        "31": {
            "dur_mean": 3127.495378927911,
            "dur_std": 581.5506398740057
        },
        "32": {
            "dur_mean": 3243.6931608133086,
            "dur_std": 580.8166681248545
        },
        "33": {
            "dur_mean": 3426.3086876155267,
            "dur_std": 582.8500910264755
        },
        "34": {
            "dur_mean": 3460.512014787431,
            "dur_std": 583.6393501633361
        },
        "35": {
            "dur_mean": 3760.290203327172,
            "dur_std": 579.4527230229074
        },
        "36": {
            "dur_mean": 3863.4232902033273,
            "dur_std": 581.1845567563865
        },
        "37": {
            "dur_mean": 4033.9038817005544,
            "dur_std": 582.3753673722314
        },
        "38": {
            "dur_mean": 4086.2846580406654,
            "dur_std": 582.3150766117717
        },
        "39": {
            "dur_mean": 4149.192236598891,
            "dur_std": 582.0199786684711
        },
        "40": {
            "dur_mean": 4308.84842883549,
            "dur_std": 589.8770800567103
        },
        "41": {
            "dur_mean": 4432.105360443623,
            "dur_std": 592.6572661959998
        },
        "42": {
            "dur_mean": 4512.951940850277,
            "dur_std": 593.1590517298071
        },
        "43": {
            "dur_mean": 4559.783733826248,
            "dur_std": 594.254805207917
        },
        "44": {
            "dur_mean": 4589.45101663586,
            "dur_std": 595.1897611374488
        },
        "45": {
            "dur_mean": 4629.552680221812,
            "dur_std": 595.8014703968615
        },
        "46": {
            "dur_mean": 4681.070240295749,
            "dur_std": 596.9011291831565
        },
        "47": {
            "dur_mean": 4722.329020332717,
            "dur_std": 597.108702546078
        },
        "48": {
            "dur_mean": 4772.691312384473,
            "dur_std": 598.3352390083676
        },
        "49": {
            "dur_mean": 4792.584103512015,
            "dur_std": 598.6773994077682
        },
        "50": {
            "dur_mean": 4814.700554528651,
            "dur_std": 599.2436057691792
        },
        "51": {
            "dur_mean": 4824.317929759704,
            "dur_std": 599.7269954769873
        },
        "52": {
            "dur_mean": 4876.744916820702,
            "dur_std": 600.3234726787829
        },
        "53": {
            "dur_mean": 4898.375231053605,
            "dur_std": 600.8259420536222
        },
        "54": {
            "dur_mean": 4929.68022181146,
            "dur_std": 601.722502300492
        },
        "55": {
            "dur_mean": 4958.8243992606285,
            "dur_std": 600.7729316501981
        },
        "56": {
            "dur_mean": 5066.171903881701,
            "dur_std": 612.2225252261888
        },
        "57": {
            "dur_mean": 5253.027726432532,
            "dur_std": 645.4413370711484
        },
        "58": {
            "dur_mean": 5335.26247689464,
            "dur_std": 652.2603955253536
        },
        "59": {
            "dur_mean": 5460.125925925926,
            "dur_std": 655.9787450698165
        },
        "60": {
            "dur_mean": 5554.798148148148,
            "dur_std": 659.2114463355947
        },
        "61": {
            "dur_mean": 5656.246296296296,
            "dur_std": 662.4795249996569
        },
        "62": {
            "dur_mean": 5707.944547134935,
            "dur_std": 664.3757419931246
        },
        "63": {
            "dur_mean": 5814.299445471349,
            "dur_std": 666.703323283655
        },
        "64": {
            "dur_mean": 5936.482439926062,
            "dur_std": 671.7590908055965
        },
        "65": {
            "dur_mean": 5969.044362292052,
            "dur_std": 672.1983351154972
        },
        "66": {
            "dur_mean": 6037.369202226345,
            "dur_std": 667.4907675576054
        },
        "67": {
            "dur_mean": 6065.545794392523,
            "dur_std": 665.2421803219266
        },
        "68": {
            "dur_mean": 6154.284644194757,
            "dur_std": 666.9750604096151
        },
        "69": {
            "dur_mean": 6270.382739212007,
            "dur_std": 668.693156422186
        },
        "70": {
            "dur_mean": 6300.821763602252,
            "dur_std": 668.9007507939226
        },
        "71": {
            "dur_mean": 6403.786116322702,
            "dur_std": 683.4501863159467
        },
        "14": {
            "dur_mean": 714.8990825688073,
            "dur_std": 118.52326224842831
        },
        "23": {
            "dur_mean": 1923.5,
            "dur_std": 129.4005409571382
        },