{
    "rows": {
        "start": 114305,
        "route_filter": -60068,
        "nan_filter": -11722,
        "negative_dur": 0,
        "outliers": -427,
        "end": 42088
    },
    "scr": 0.8739076154806492,
    "stats": {
        "1": {
            "dur_mean": 0.0,
            "dur_std": 0.0
        },
        "2": {
            "dur_mean": 117.75753768844221,
            "dur_std": 86.58836475915945
        },
        "3": {
            "dur_mean": 166.35419274092615,
            "dur_std": 86.90582552737408
        },
        "4": {
            "dur_mean": 268.4055068836045,
            "dur_std": 91.79614425433154
        },
        "5": {
            "dur_mean": 349.0025062656642,
            "dur_std": 93.05401080668892
        },
        "6": {
            "dur_mean": 409.86591478696744,
            "dur_std": 99.15900221388351
        },
        "7": {
            "dur_mean": 476.96741854636593,
            "dur_std": 105.93050178363762
        },
        "8": {
            "dur_mean": 580.9774153074028,
            "dur_std": 118.00714138957485
        },
        "9": {
            "dur_mean": 687.9673776662485,
            "dur_std": 124.89231115928511
        },
        "10": {
            "dur_mean": 956.159347553325,
            "dur_std": 296.5516571872063
        },
        "11": {
            "dur_mean": 1039.53875,
            "dur_std": 317.2656305824405
        },
        "12": {
            "dur_mean": 1132.37,
            "dur_std": 327.24814711046724
        },
        "13": {
            "dur_mean": 1195.33875,
            "dur_std": 336.38641288242064
        },
        "14": {
            "dur_mean": 1237.5725,
            "dur_std": 346.01687363450895
        },
        "15": {
            "dur_mean": 1294.8125,
            "dur_std": 355.7915884499867
        },
        "16": {
            "dur_mean": 1317.8825,
            "dur_std": 357.35298044726477
        },
        "17": {
            "dur_mean": 1327.505,
            "dur_std": 357.95844771126696
        },
        "18": {
            "dur_mean": 1350.5175,
            "dur_std": 359.28195626676495
        },
        "19": {
            "dur_mean": 1374.4925,
            "dur_std": 360.14093673399526
        },
        "20": {
            "dur_mean": 1427.06125,
            "dur_std": 363.4046073376482
        },
        "21": {
            "dur_mean": 1477.81625,
            "dur_std": 370.4093429404954
        },
        "22": {
            "dur_mean": 1554.7025,
            "dur_std": 377.3339603597866
        },
        "23": {
            "dur_mean": 1646.24375,
            "dur_std": 381.840660090122
        },
        "24": {
            "dur_mean": 1745.45,
            "dur_std": 389.25905032551964
        },
        "25": {
            "dur_mean": 1960.948717948718,
            "dur_std": 464.7126430492726
        },
        "26": {
            "dur_mean": 2104.2559366754617,
            "dur_std": 437.35401164694827
        },
        "27": {
            "dur_mean": 2340.2023346303504,
            "dur_std": 483.9298441638669
        },
        "28": {
            "dur_mean": 2388.8728923476006,
            "dur_std": 486.22213610740124
        },
        "29": {
            "dur_mean": 2660.927367055772,
            "dur_std": 495.30560674017556
        },
        "30": {
            "dur_mean": 2696.568093385214,
            "dur_std": 501.1121231497586
        },
        "31": {
            "dur_mean": 2915.2403100775196,
            "dur_std": 520.3225157946302
        },
        "32": {
            "dur_mean": 3046.6330749354006,
            "dur_std": 540.9957253937263
        },
        "33": {
            "dur_mean": 3171.8217054263564,
            "dur_std": 577.3984315574514
        },
        "34": {
            "dur_mean": 3347.777777777778,
            "dur_std": 612.6847602929133
        },
        "35": {
            "dur_mean": 3472.923772609819,
            "dur_std": 630.4080656527824
        },
        "36": {
            "dur_mean": 3649.3113695090437,
            "dur_std": 652.7977959766837
        },
        "37": {
            "dur_mean": 3901.845347313237,
            "dur_std": 690.2245495540305
        },
        "38": {
            "dur_mean": 4191.32884097035,
            "dur_std": 729.1341525161583
        },
        "39": {
            "dur_mean": 4301.034993270525,
            "dur_std": 731.4837016515863
        },
        "40": {
            "dur_mean": 4467.852785145888,
            "dur_std": 741.4308898930395
        },
        "41": {
            "dur_mean": 4559.23249669749,
            "dur_std": 743.9575490326538
        },
        "42": {
            "dur_mean": 4592.4960212201595,
            "dur_std": 747.1541994304202
        },
        "43": {
            "dur_mean": 4696.398675496689,
            "dur_std": 751.117303033298
        },
        "44": {
            "dur_mean": 4764.536520584329,
            "dur_std": 752.8381523085744
        },
        "45": {
            "dur_mean": 4789.804521276596,
            "dur_std": 755.8201656847322
        },
        "46": {
            "dur_mean": 4825.058588548602,
            "dur_std": 755.7805055456281
        },
        "47": {
            "dur_mean": 4900.360433604336,
            "dur_std": 758.0472145882437
        },
        "48": {
            "dur_mean": 4942.7289972899725,
            "dur_std": 758.3102759597356
        },
        "49": {
            "dur_mean": 4978.237127371273,
            "dur_std": 758.1111727228434
        },
        "50": {
            "dur_mean": 5047.815468113976,
            "dur_std": 761.9790744656023
        },
        "51": {
            "dur_mean": 5112.081632653061,
            "dur_std": 761.947999239459
        },
        "52": {
            "dur_mean": 5137.676671214188,
            "dur_std": 762.5663837188046
        },
        "53": {
            "dur_mean": 5164.560709413369,
            "dur_std": 763.6118200225718
        },
        "54": {
            "dur_mean": 5244.32650273224,
            "dur_std": 765.1597429542545
        },
        "55": {
            "dur_mean": 5507.068571428571,
            "dur_std": 775.418198772728
        }
    },
    "feature_eval": {
        "f_values": {
            "weather_main_Clouds": 9.468257670895888,
            "weather_main_Drizzle": 0.32946338264620034,
            "weather_main_Fog": 0.23645006869280163,
            "weather_main_Mist": 34.129411046083476,
            "weather_main_Rain": 3.0320015599056447,
            "weather_main_Snow": 29.004550650102242,
            "weather_description_few clouds": 7.410883938806751,
            "weather_description_fog": 0.23645006869280163,
            "weather_description_heavy intensity rain": 34.533394343039745,
            "weather_description_light intensity drizzle": 1.0823169995993864,
            "weather_description_light intensity drizzle rain": 0.07761226708596976,
            "weather_description_light intensity shower rain": 3.2115330627569683,
            "weather_description_light rain": 0.33773182743390157,
            "weather_description_light shower snow": 29.004550650102242,
            "weather_description_mist": 34.129411046083476,
            "weather_description_overcast clouds": 15.786248594769411,
            "weather_description_proximity shower rain": 0.17686356965412778,
            "weather_description_scattered clouds": 25.863951569106902,
            "weather_description_sky is clear": 2.6892438760900665,
            "weekday_1": 17.77934619849879,
            "weekday_2": 15.528869730007544,
            "weekday_3": 6.639163079600859,
            "weekday_4": 181.3045388070303,
            "month_3": 48.36933360766798,
            "month_4": 4.095003000449598,
            "month_5": 26.914446332118334,
            "month_6": 27.070554966992848,
            "month_7": 101.55818557247272,
            "month_8": 176.34034605128403,
            "month_9": 9.761945010367551,