{
    "rows": {
        "start": 403171,
        "route_filter": -177097,
        "nan_filter": -2126,
        "negative_dur": -117,
        "outliers": -2253,
        "end": 221578
    },
    "scr": 0.0019582245430809398,
    "stats": {
        "1": {
            "dur_mean": 0.0,
            "dur_std": 0.0
        },
        "4": {
            "dur_mean": 263.35516787360103,
            "dur_std": 184.95519465068497
        },
        "5": {
            "dur_mean": 392.0960713106636,
            "dur_std": 191.69473531280792
        },
        "6": {
            "dur_mean": 488.26129990102277,
            "dur_std": 203.2212771227595
        },
        "7": {
            "dur_mean": 548.2760210803689,
            "dur_std": 210.5893328616196
        },
        "8": {
            "dur_mean": 699.9140316205534,
            "dur_std": 231.28637943491117
        },
        "9": {
            "dur_mean": 884.9260355029586,
            "dur_std": 250.81128236463044
        },
        "10": {
            "dur_mean": 947.0825115055884,
            "dur_std": 257.68619233931054
        },
        "11": {
            "dur_mean": 994.2993756161683,
            "dur_std": 263.66949947536153
        },
        "12": {
            "dur_mean": 1105.560591133005,
            "dur_std": 276.03723638464527
        },
        "13": {
            "dur_mean": 1146.4861842105263,
            "dur_std": 280.4382478645337
        },
        "14": {
            "dur_mean": 1224.8816178888524,
            "dur_std": 286.32074475280797
        },
        "15": {
            "dur_mean": 1247.809335963182,
            "dur_std": 289.21058541229274
        },
        "16": {
            "dur_mean": 1284.7820512820513,
            "dur_std": 293.31671393359943
        },
        "17": {
            "dur_mean": 1383.0798554058495,
            "dur_std": 305.2863184365919
        },
        "18": {
            "dur_mean": 1418.1266819822777,
            "dur_std": 311.55874456263535
        },
        "19": {
            "dur_mean": 1568.1619579500657,
            "dur_std": 343.0900827024076
        },
        "20": {
            "dur_mean": 1619.7070607553367,
            "dur_std": 373.70410634521426
        },
        "21": {
            "dur_mean": 1717.4901445466492,
            "dur_std": 397.70706538873196
        },
        "22": {
            "dur_mean": 1752.256157635468,
            "dur_std": 401.59583118909984
        },
        "23": {
            "dur_mean": 1776.4235951363785,
            "dur_std": 403.725235860115
        },
        "24": {
            "dur_mean": 1814.3615763546798,
            "dur_std": 408.776745139404
        },
        "25": {
            "dur_mean": 1875.9593042336724,
            "dur_std": 413.66517166197866
        },
        "26": {
            "dur_mean": 1903.3064304461943,
            "dur_std": 418.4573878261787
        },
        "27": {
            "dur_mean": 1998.2037401574803,
            "dur_std": 434.0046969256389
        },
        "28": {
            "dur_mean": 2032.5211544768777,
            "dur_std": 443.399902331567
        },
        "29": {
            "dur_mean": 2088.3256805510005,
            "dur_std": 462.02697013091205
        },
        "30": {
            "dur_mean": 2187.4704918032785,
            "dur_std": 473.1534953779212
        },
        "31": {
            "dur_mean": 2207.483617300131,
            "dur_std": 476.0725544317874
        },
        "32": {
            "dur_mean": 2231.4203800786368,
            "dur_std": 480.0302396968224
        },
        "33": {
            "dur_mean": 2272.2117338577514,
            "dur_std": 485.81968631694116
        },
        "34": {
            "dur_mean": 2294.50622542595,
            "dur_std": 487.59295708610557
        },
        "35": {
            "dur_mean": 2376.362802881467,
            "dur_std": 506.2862498542561
        },
        "36": {
            "dur_mean": 2396.416966917786,
            "dur_std": 501.98586244507845
        },
        "37": {
            "dur_mean": 2411.235833606289,
            "dur_std": 504.26234623153675
        },
        "38": {
            "dur_mean": 2498.4274008521797,
            "dur_std": 520.1013093837754
        },
        "39": {
            "dur_mean": 2539.9675728791353,
            "dur_std": 525.8422775400724
        },
        "40": {
            "dur_mean": 2648.394426229508,
            "dur_std": 537.741348716217
        },
        "41": {
            "dur_mean": 2764.6689609963946,
            "dur_std": 548.9676223396494
        },
        "42": {
            "dur_mean": 2781.886594559161,
            "dur_std": 552.1520753815058
        },
        "43": {
            "dur_mean": 2835.7203278688526,
            "dur_std": 557.9908055470081
        },
        "44": {
            "dur_mean": 2867.949524745985,
            "dur_std": 563.7042220086965
        },
        "45": {
            "dur_mean": 3060.490157480315,
            "dur_std": 577.0856950890776
        },
        "46": {
            "dur_mean": 3104.559711286089,
            "dur_std": 580.9866920237324
        },
        "47": {
            "dur_mean": 3156.136020976729,
            "dur_std": 585.1558185509489
        },
        "48": {
            "dur_mean": 3204.5173656618613,
            "dur_std": 589.0887173472328
        },
        "49": {
            "dur_mean": 3270.001311045559,
            "dur_std": 595.3862083114295
        },
        "50": {
            "dur_mean": 3305.2225880803426,
            "dur_std": 600.5373706722439
        },
        "51": {
            "dur_mean": 3370.463615409944,
            "dur_std": 603.1070144613293
        },
        "52": {
            "dur_mean": 3421.0708635464734,
            "dur_std": 611.6038133076581
        },
        "53": {
            "dur_mean": 3447.6775147928993,
            "dur_std": 613.4056226961746
        },
        "54": {
            "dur_mean": 3479.269611074489,
            "dur_std": 616.4572091835856
        },
        "55": {
            "dur_mean": 3489.847976307996,
            "dur_std": 616.5581288004769
        },
        "56": {
            "dur_mean": 3586.957349081365,
            "dur_std": 627.7180254017744
        },
        "57": {
            "dur_mean": 3649.74358974359,
            "dur_std": 630.637779196441
        },
        "58": {
            "dur_mean": 3679.404863621426,
            "dur_std": 634.5098817269992
        },
        "59": {
            "dur_mean": 3734.24317617866,
            "dur_std": 624.1039293284746
        },
        "60": {
            "dur_mean": 3782.431923213651,
            "dur_std": 625.7632279305394
        },
        "61": {
            "dur_mean": 3797.9578292430006,
            "dur_std": 627.8090260472799
        },
        "62": {
            "dur_mean": 3823.2438860971524,
            "dur_std": 630.2162434878514
        },
        "63": {
            "dur_mean": 3888.758839226151,
            "dur_std": 638.4765047575211
        },
        "64": {
            "dur_mean": 3937.837279093031,
            "dur_std": 640.6143171464047
        },
        "65": {
            "dur_mean": 3953.303101033678,
            "dur_std": 641.1805394347367
        },
        "66": {
            "dur_mean": 3985.9873333333335,
            "dur_std": 642.6749947595482
        },
        "67": {
            "dur_mean": 4026.359187749667,
            "dur_std": 645.3363331080236
        },
        "68": {
            "dur_mean": 4069.4594684385384,
            "dur_std": 651.4826160800861
        },
        "69": {
            "dur_mean": 4108.14960106383,
            "dur_std": 655.5631247524972
        },
        "70": {
            "dur_mean": 4133.860843573563,
            "dur_std": 658.9979397659499
        },
        "71": {
            "dur_mean": 4180.234868421053,
            "dur_std": 665.3681492518343
        },
        "72": {
            "dur_mean": 4245.932916803683,