{
    "rows": {
        "start": 413839,
        "route_filter": -186587,
        "nan_filter": -12388,
        "negative_dur": 0,
        "outliers": -2736,
        "end": 212128
    },
    "scr": 0.816010329244674,
    "stats": {
        "1": {
            "dur_mean": 0.0,
            "dur_std": 0.0
        },
        "2": {
            "dur_mean": 56.00323834196891,
            "dur_std": 52.0112680211851
        },
        "3": {
            "dur_mean": 131.4182645433864,
            "dur_std": 54.91688569737477
        },
        "4": {
            "dur_mean": 204.20422077922078,
            "dur_std": 59.82705003528053
        },
        "5": {
            "dur_mean": 259.89967532467534,
            "dur_std": 63.36858161051211
        },
        "6": {
            "dur_mean": 303.2765609676365,
            "dur_std": 66.70781547413117
        },
        "7": {
            "dur_mean": 337.8865642366787,
            "dur_std": 69.51313363770049
        },
        "8": {
            "dur_mean": 367.5647482014389,
            "dur_std": 72.08396060474101
        },
        "9": {
            "dur_mean": 392.8076545632974,
            "dur_std": 73.48753968196858
        },
        "10": {
            "dur_mean": 413.1016339869281,
            "dur_std": 74.76801955315719
        },
        "11": {
            "dur_mean": 428.57385620915034,
            "dur_std": 75.4428709437346
        },
        "12": {
            "dur_mean": 461.1701014066078,
            "dur_std": 76.0973593361044
        },
        "13": {
            "dur_mean": 468.7651292116454,
            "dur_std": 76.55152886512678
        },
        "14": {
            "dur_mean": 538.6448659254414,
            "dur_std": 81.17185217794231
        },
        "15": {
            "dur_mean": 584.8541053320249,
            "dur_std": 85.73487558180078
        },
        "16": {
            "dur_mean": 605.4023552502454,
            "dur_std": 90.84109072487236
        },
        "17": {
            "dur_mean": 646.5943735688584,
            "dur_std": 102.54603905271513
        },
        "18": {
            "dur_mean": 658.7158273381295,
            "dur_std": 104.59514930474573
        },
        "19": {
            "dur_mean": 736.2614528795812,
            "dur_std": 118.77948609601653
        },
        "20": {
            "dur_mean": 772.1314845024469,
            "dur_std": 123.50466689703572
        },
        "21": {
            "dur_mean": 791.3384067357513,
            "dur_std": 125.2497283401882
        },
        "22": {
            "dur_mean": 833.0443509226287,
            "dur_std": 127.5244527551222
        },
        "23": {
            "dur_mean": 906.6494011006798,
            "dur_std": 133.13391630287117
        },
        "24": {
            "dur_mean": 928.9754204398448,
            "dur_std": 140.1211475322339
        },
        "25": {
            "dur_mean": 1005.700614290333,
            "dur_std": 144.6561014964111
        },
        "26": {
            "dur_mean": 1063.453281603621,
            "dur_std": 159.15506455287698
        },
        "27": {
            "dur_mean": 1107.032383419689,
            "dur_std": 162.23339472499725
        },
        "28": {
            "dur_mean": 1143.360337005833,
            "dur_std": 164.67917565105697
        },
        "29": {
            "dur_mean": 1238.2484612892777,
            "dur_std": 174.24873130026185
        },
        "30": {
            "dur_mean": 1277.462783171521,
            "dur_std": 180.06775479241367
        },
        "31": {
            "dur_mean": 1381.5976044027193,
            "dur_std": 188.47383446155774
        },
        "32": {
            "dur_mean": 1446.8260447035957,
            "dur_std": 196.30787911953226
        },
        "33": {
            "dur_mean": 1483.5139248704663,
            "dur_std": 200.9462192378593
        },
        "34": {
            "dur_mean": 1560.1772521062865,
            "dur_std": 213.6182238408509
        },
        "35": {
            "dur_mean": 1602.4193130265717,
            "dur_std": 217.24641687055177
        },
        "36": {
            "dur_mean": 1642.4479740680713,
            "dur_std": 225.22480979693773
        },
        "37": {
            "dur_mean": 1742.2936790923825,
            "dur_std": 247.0763034304231
        },
        "38": {
            "dur_mean": 1819.5128038897892,
            "dur_std": 271.31623779242085
        },
        "39": {
            "dur_mean": 1846.7886547811993,
            "dur_std": 275.14116775376317
        },
        "40": {
            "dur_mean": 1929.4064829821718,
            "dur_std": 283.6311349450675
        },
        "41": {
            "dur_mean": 1965.9786061588331,
            "dur_std": 288.5087842827372
        },
        "42": {
            "dur_mean": 2010.3101101749837,
            "dur_std": 292.22168946541854
        },
        "43": {
            "dur_mean": 2030.3788075178225,
            "dur_std": 293.1419325190039
        },
        "44": {
            "dur_mean": 2100.0265716137396,
            "dur_std": 306.99315838259406
        },
        "45": {
            "dur_mean": 2170.089112119248,
            "dur_std": 328.8401268237417
        },
        "46": {
            "dur_mean": 2241.1895657809464,
            "dur_std": 342.2221586461072
        },
        "47": {
            "dur_mean": 2269.054763447829,
            "dur_std": 346.74809362990476
        },
        "48": {
            "dur_mean": 2320.1315618924173,
            "dur_std": 355.5831207769597
        },
        "49": {
            "dur_mean": 2441.303629293584,
            "dur_std": 373.890594290602
        },
        "50": {
            "dur_mean": 2526.738326848249,
            "dur_std": 382.1423739610283
        },
        "51": {
            "dur_mean": 2575.8506978253813,
            "dur_std": 393.5298753164216
        },
        "52": {
            "dur_mean": 2665.120936280884,
            "dur_std": 407.3254414940943
        },
        "53": {
            "dur_mean": 2706.438414039649,
            "dur_std": 413.27130576048245
        },
        "54": {
            "dur_mean": 2759.2664933376664,
            "dur_std": 419.37563640112376
        },
        "55": {
            "dur_mean": 2820.854173432933,
            "dur_std": 427.11872050375706
        },
        "56": {
            "dur_mean": 2843.3413445924,
            "dur_std": 430.72904946184354
        },
        "57": {
            "dur_mean": 2950.2386363636365,
            "dur_std": 453.36993219812143
        },
        "58": {
            "dur_mean": 2986.93599740091,
            "dur_std": 455.8254575010493
        },
        "59": {
            "dur_mean": 3051.7826510721247,
            "dur_std": 462.99084559506326
        },
        "60": {
            "dur_mean": 3107.55837398374,
            "dur_std": 472.44519197978013
        },
        "61": {
            "dur_mean": 3238.082926829268,
            "dur_std": 498.2049560389275
        },
        "62": {
            "dur_mean": 3279.389990250244,
            "dur_std": 521.0271939206665
        },
        "63": {
            "dur_mean": 3344.288499025341,
            "dur_std": 546.0742317327537
        },
        "64": {
            "dur_mean": 3461.8154046148848,
            "dur_std": 582.7939725306168
        },
        "65": {
            "dur_mean": 3511.4410807291665,
            "dur_std": 589.4397986570278
        },
        "66": {
            "dur_mean": 3645.8083087994764,
            "dur_std": 610.1328243697019
        },
        "67": {
            "dur_mean": 3670.171065493646,
            "dur_std": 613.3145567316145
        },
        "68": {
            "dur_mean": 3766.0312703583063,
            "dur_std": 618.876949054007
        },
        "69": {
            "dur_mean": 3888.472964169381,
            "dur_std": 630.9708876647882
        },
        "70": {
            "dur_mean": 4190.108781645569,