{
    "rows": {
        "start": 13154,
        "route_filter": 0,
        "nan_filter": -132,
        "negative_dur": 0,
        "outliers": -119,
        "end": 12903
    },
    "scr": 0.573228346456693,
    "stats": {
        "1": {
            "dur_mean": 0.0,
            "dur_std": 0.0
        },
        "2": {
            "dur_mean": 82.46518987341773,
            "dur_std": 81.52886603597082
        },
        "3": {
            "dur_mean": 225.8388625592417,
            "dur_std": 116.74699169396295
        },
        "4": {
            "dur_mean": 284.56240126382306,
            "dur_std": 130.78112322385505
        },
        "5": {
            "dur_mean": 351.70142180094786,
            "dur_std": 145.93639463691315
        },
        "6": {
            "dur_mean": 425.05055292259084,
            "dur_std": 154.64002903387873
        },
        "7": {
            "dur_mean": 454.0489731437599,
            "dur_std": 159.93707960719846
        },
        "8": {
            "dur_mean": 617.214849921011,
            "dur_std": 198.90740634304763
        },
        "9": {
            "dur_mean": 659.044233807267,
            "dur_std": 201.5111689332165
        },
        "10": {
            "dur_mean": 724.2985781990521,
            "dur_std": 212.55812521773086
        },
        "11": {
            "dur_mean": 777.2227488151659,
            "dur_std": 223.8263963079516
        },
        "12": {
            "dur_mean": 946.3696682464455,
            "dur_std": 268.811606120082
        },
        "13": {
            "dur_mean": 1041.5592417061612,
            "dur_std": 325.5004764536851
        },
        "14": {
            "dur_mean": 1152.6145339652448,
            "dur_std": 371.0960842052638
        },
        "15": {
            "dur_mean": 1337.1832543443918,
            "dur_std": 443.12237705655673
        },
        "16": {
            "dur_mean": 1388.0284360189573,
            "dur_std": 449.9757544244581
        },
        "17": {
            "dur_mean": 1539.59587955626,
            "dur_std": 470.070501212296
        },
        "18": {
            "dur_mean": 1560.263823064771,
            "dur_std": 472.98500481614707
        },
        "19": {
            "dur_mean": 1643.1816745655608,
            "dur_std": 482.72850578410896
        },
        "20": {
            "dur_mean": 1761.8053797468353,
            "dur_std": 493.51688693389264
        },
        "21": {
            "dur_mean": 2261.043956043956,
            "dur_std": 551.9214453245136
        }
    },
    "feature_eval": {
        "f_values": {
            "weather_main_Clouds": 4.534235198752743,
            "weather_main_Drizzle": 1.2265271395511061,
            "weather_main_Fog": 2.64541034785564,
            "weather_main_Mist": 0.9828507610325121,
            "weather_main_Rain": 0.10304356192743046,
            "weather_main_Snow": 5.09320550883468,
            "weather_description_broken clouds": 0.3223742032061956,
            "weather_description_few clouds": 1.2408894868469558,
            "weather_description_fog": 2.64541034785564,
            "weather_description_light intensity drizzle": 8.585996611412419,
            "weather_description_light intensity drizzle rain": 3.3582279387349105,
            "weather_description_light intensity shower rain": 0.006758736540956407,
            "weather_description_light rain": 0.6984521514028653,
            "weather_description_light shower snow": 0.5877492148149787,
            "weather_description_mist": 0.9828507610325121,
            "weather_description_moderate rain": 2.3649878876981005,
            "weather_description_overcast clouds": 0.27000401958382186,
            "weather_description_proximity shower rain": 2.600897136424856,
            "weather_description_rain and drizzle": NaN,
            "weather_description_scattered clouds": 4.672286503787198,
            "weather_description_sky is clear": 0.003851351160510823,
            "weekday_1": 6.1142287083426625,
            "weekday_2": 6.486948313917095,
            "weekday_3": 5.486578054095438,
            "weekday_4": 7.7909982293988715,
            "month_2": 31.76989850957447,
            "month_3": 4.422515896974577,
            "month_4": 20.621432681347425,
            "month_5": 9.14547199590611,
            "month_6": 7.862659581417671,
            "month_7": 5.153069705894401,
            "month_8": 2.3380818879136855,
            "month_9": 27.251234595793914,
            "month_10": 27.08144445811078,
            "month_11": 9.80261788570406,
            "month_12": 1.177812041384302,
            "hour_7": 81.58465154815858,
            "hour_8": 652.1063324861414,
            "hour_9": 91.73938918042741,
            "holiday_1": 35.64300226753935
        },
        "correlations": {
            "daystamp": 0.09622525435779013,
            "progr_number": 0.8764605318386565,
            "arr_p": 0.2179889359808198,
            "arr_a": 0.25662771054946504,
            "dep_p": 0.2179889359808198,
            "dep_a": 0.2564149642495549,
            "end_p": 0.08210220639202893,
            "start_p": 0.0703775947434843,
            "start_a": 0.06777708301845305,
            "temp": 0.10405935431312957,
            "feels_like": 0.08933147405571223,
            "temp_min": 0.10083857219874404,
            "temp_max": 0.09924025320909136,
            "pressure": 0.023969213063242154,
            "humidity": -0.0877108365487845,
            "wind_speed": 0.005428125264105434,
            "wind_deg": -4.52736636520774e-05,
            "clouds_all": -0.015165614078515573,
            "dt": 0.0962865412027301,
            "dur_s": 0.8916177707144671
        }
    },
    "modelling": {
        "XGBoost": {
            "time": 1.18869948387146,
            "r_2": 0.9509597244886856,
            "mse": 21072.477190882702,
            "rmse": 145.1636221333799,
            "mae": 96.49935058078925
        },
        "Benchmark": {
            "r_2": 0.7855995155981668,
            "mse": 92127.32331060136,
            "rmse": 303.5248314563429,
            "mae": 201.88003719776813
        }
    },
    "features": [
        "weather_description_broken clouds",
        "weather_description_few clouds",
        "weather_description_fog",
        "weather_description_light intensity drizzle",
        "weather_description_light intensity drizzle rain",
        "weather_description_light intensity shower rain",
        "weather_description_light rain",
        "weather_description_light shower snow",
        "weather_description_mist",
        "weather_description_moderate rain",
        "weather_description_overcast clouds",
        "weather_description_proximity shower rain",
        "weather_description_rain and drizzle",
        "weather_description_scattered clouds",
        "weather_description_sky is clear",
        "weekday_1",
        "weekday_2",
        "weekday_3",
        "weekday_4",
        "month_2",
        "month_3",
        "month_4",
        "month_5",
        "month_6",
        "month_7",
        "month_8",
        "month_9",
        "month_10",
        "month_11",
        "month_12",
        "hour_7",
        "hour_8",
        "hour_9",
        "holiday_1",
        "progr_number",
        "dur_s",
        "humidity"
    ]
}