{
    "rows": {
        "start": 9845,
        "route_filter": 0,
        "nan_filter": -1496,
        "negative_dur": 0,
        "outliers": -78,
        "end": 8271
    },
    "scr": 0.2315270935960591,
    "stats": {
        "1": {
            "dur_mean": 0.0,
            "dur_std": 0.0
        },
        "2": {
            "dur_mean": 67.39901477832512,
            "dur_std": 15.783604697354617
        },
        "3": {
            "dur_mean": 147.6980198019802,
            "dur_std": 20.238943201905435
        },
        "4": {
            "dur_mean": 235.48019801980197,
            "dur_std": 25.666675142992645
        },
        "5": {
            "dur_mean": 302.6237623762376,
            "dur_std": 28.92255966224101
        },
        "6": {
            "dur_mean": 363.91584158415844,
            "dur_std": 32.164036134050264
        },
        "7": {
            "dur_mean": 398.7475247524753,
            "dur_std": 34.51772374518829
        },
        "8": {
            "dur_mean": 438.25742574257424,
            "dur_std": 36.651146457154816
        },
        "9": {
            "dur_mean": 462.65841584158414,
            "dur_std": 37.02153673947887
        },
        "10": {
            "dur_mean": 481.2772277227723,
            "dur_std": 36.86255736597536
        },
        "11": {
            "dur_mean": 499.84158415841586,
            "dur_std": 38.59632459321512
        },
        "12": {
            "dur_mean": 533.2623762376238,
            "dur_std": 39.66031727639992
        },
        "13": {
            "dur_mean": 546.1782178217821,
            "dur_std": 38.84370929805649
        },
        "14": {
            "dur_mean": 621.2475247524752,
            "dur_std": 43.891522984086215
        },
        "15": {
            "dur_mean": 671.8663366336634,
            "dur_std": 70.06711037046703
        },
        "16": {
            "dur_mean": 694.5841584158416,
            "dur_std": 90.98272399859016
        },
        "17": {
            "dur_mean": 751.2673267326733,
            "dur_std": 117.44835986766336
        },
        "18": {
            "dur_mean": 764.9752475247525,
            "dur_std": 142.35564174805512
        },
        "19": {
            "dur_mean": 862.950495049505,
            "dur_std": 179.12945241122895
        },
        "20": {
            "dur_mean": 906.019801980198,
            "dur_std": 198.57527265350367
        },
        "21": {
            "dur_mean": 923.4876847290641,
            "dur_std": 199.6126288095434
        },
        "22": {
            "dur_mean": 970.0344827586207,
            "dur_std": 199.5509160890614
        },
        "23": {
            "dur_mean": 1059.1822660098521,
            "dur_std": 199.24690211087443
        },
        "24": {
            "dur_mean": 1091.064039408867,
            "dur_std": 200.7076363385123
        },
        "25": {
            "dur_mean": 1164.704433497537,
            "dur_std": 202.0717726870343
        },
        "26": {
            "dur_mean": 1199.3217821782177,
            "dur_std": 202.78116141218274
        },
        "27": {
            "dur_mean": 1282.4059405940593,
            "dur_std": 207.29951308128474
        },
        "28": {
            "dur_mean": 1357.4950495049504,
            "dur_std": 217.90801490639416
        },
        "29": {
            "dur_mean": 1417.0541871921182,
            "dur_std": 221.11495603392726
        },
        "30": {
            "dur_mean": 1494.5665024630541,
            "dur_std": 227.72821055429458
        },
        "31": {
            "dur_mean": 1561.9014778325122,
            "dur_std": 231.26269865649414
        },
        "32": {
            "dur_mean": 1630.7586206896551,
            "dur_std": 241.28750334274508
        },
        "33": {
            "dur_mean": 1758.231527093596,
            "dur_std": 248.41910170160162
        },
        "34": {
            "dur_mean": 1809.64039408867,
            "dur_std": 251.27794902691053
        },
        "35": {
            "dur_mean": 1866.5714285714287,
            "dur_std": 260.77678815231656
        },
        "36": {
            "dur_mean": 2294.3251231527092,
            "dur_std": 309.2215596939579
        },
        "37": {
            "dur_mean": 2469.064039408867,
            "dur_std": 331.76096434452666
        },
        "38": {
            "dur_mean": 2859.4679802955666,
            "dur_std": 453.1793982949466
        },
        "39": {
            "dur_mean": 3071.1871921182264,
            "dur_std": 491.0520676083879
        },
        "40": {
            "dur_mean": 3347.088669950739,
            "dur_std": 525.3249272854184
        },
        "41": {
            "dur_mean": 3543.650246305419,
            "dur_std": 546.8776817981777
        },
        "42": {
            "dur_mean": 3975.4893617021276,
            "dur_std": 473.26970306674826
        }
    },
    "feature_eval": {
        "f_values": {
            "weather_main_Clouds": 1.0321065313800035,
            "weather_main_Drizzle": 1.0924369094775657,
            "weather_main_Fog": 0.2308040354119071,
            "weather_main_Mist": 2.2519428779354365,
            "weather_main_Rain": 1.1361031544679139,
            "weather_main_Snow": 0.2631930049252692,
            "weather_description_broken clouds": 0.6663648851272218,
            "weather_description_few clouds": 2.601947200516145,
            "weather_description_fog": 0.2308040354119071,
            "weather_description_heavy intensity rain": 2.9227053926176976,
            "weather_description_light intensity drizzle": 3.1531802917956617,
            "weather_description_light intensity drizzle rain": 0.2366759253058291,
            "weather_description_light intensity shower rain": 0.028547125956793457,
            "weather_description_light rain": 1.4503325394632955,
            "weather_description_mist": 2.2519428779354365,
            "weather_description_overcast clouds": 1.0596269919509569,
            "weather_description_scattered clouds": 0.1578296021497634,
            "weather_description_sky is clear": 0.3076172886398791,
            "weekday_1": 0.03862122736869421,
            "weekday_2": 8.044148445454633,
            "weekday_3": 2.9690961523306414,
            "weekday_4": 8.19686677513959,
            "month_2": 0.4181803227686837,
            "month_3": 0.7367910689605188,
            "month_4": 0.3481640378818054,
            "month_5": 0.632827196630062,
            "month_6": 5.4281057869962375,
            "month_7": 2.0556486232134357,
            "month_8": 4.154427626713704,
            "month_9": 0.15632183250096193,
            "month_10": 1.3071139803067608,
            "month_11": 24.387720875117722,
            "month_12": 0.494003107440442,
            "hour_8": 6435.897804310439
        },
        "correlations": {
            "daystamp": 0.03904057692937861,
            "progr_number": 0.9119741980856846,
            "arr_p": 0.9197667343436914,
            "arr_a": 0.9969516525352878,
            "dep_p": 0.9197667343436914,
            "dep_a": 0.997063544041227,
            "end_p": -0.037177910204771986,
            "start_p": NaN,
            "start_a": 0.023490034591294326,
            "temp": 0.004535946851350264,
            "feels_like": -0.00477175520099792,
            "temp_min": 0.006489758154462044,
            "temp_max": -0.004722500979627372,
            "pressure": -0.033335206403776525,
            "humidity": -0.02624006088839827,
            "wind_speed": 0.02474917505099076,
            "wind_deg": -0.011080187500010165,
            "clouds_all": 0.018145703374605006,
            "dt": 0.03912400569165829,
            "dur_s": 0.9197667343436914
        }
    },
    "modelling": {
        "XGBoost": {
            "time": 0.5781166553497314,
            "r_2": 0.992186594183213,
            "mse": 6431.458390580318,
            "rmse": 80.19637392413898,
            "mae": 43.96732861483812
        },