{
    "rows": {
        "start": 386643,
        "route_filter": -171781,
        "nan_filter": -13862,
        "negative_dur": 0,
        "outliers": -2882,
        "end": 198118
    },
    "scr": 0.8712840943916641,
    "stats": {
        "1": {
            "dur_mean": 0.0,
            "dur_std": 0.0
        },
        "2": {
            "dur_mean": 102.95800933125972,
            "dur_std": 117.82157907763391
        },
        "3": {
            "dur_mean": 146.7562893081761,
            "dur_std": 129.6516349195477
        },
        "4": {
            "dur_mean": 194.3417487684729,
            "dur_std": 146.9622247071462
        },
        "5": {
            "dur_mean": 259.98832923832924,
            "dur_std": 178.25756538777182
        },
        "6": {
            "dur_mean": 298.1111111111111,
            "dur_std": 185.4757847852886
        },
        "7": {
            "dur_mean": 325.0067463968108,
            "dur_std": 193.7053481906536
        },
        "8": {
            "dur_mean": 365.93159509202457,
            "dur_std": 198.31343627596365
        },
        "9": {
            "dur_mean": 434.05707272169377,
            "dur_std": 200.40114266572738
        },
        "10": {
            "dur_mean": 475.7701749002762,
            "dur_std": 208.29600907718614
        },
        "11": {
            "dur_mean": 501.8345610804174,
            "dur_std": 214.42049900257973
        },
        "12": {
            "dur_mean": 593.0960122699387,
            "dur_std": 237.78860434941177
        },
        "13": {
            "dur_mean": 671.2268262737877,
            "dur_std": 254.80032540409212
        },
        "14": {
            "dur_mean": 746.6794596254222,
            "dur_std": 261.5168199169266
        },
        "15": {
            "dur_mean": 812.7750843817122,
            "dur_std": 265.06371365187044
        },
        "16": {
            "dur_mean": 906.6494782074892,
            "dur_std": 275.88512630813824
        },
        "17": {
            "dur_mean": 940.9720687538368,
            "dur_std": 277.9802612134049
        },
        "18": {
            "dur_mean": 1003.9720687538368,
            "dur_std": 283.51233956672877
        },
        "19": {
            "dur_mean": 1041.9601104633323,
            "dur_std": 289.15945098727275
        },
        "20": {
            "dur_mean": 1173.021172138693,
            "dur_std": 300.8179954763872
        },
        "21": {
            "dur_mean": 1220.91347038969,
            "dur_std": 303.01038887117085
        },
        "22": {
            "dur_mean": 1285.1297944154649,
            "dur_std": 311.53226344221133
        },
        "23": {
            "dur_mean": 1338.2130795210317,
            "dur_std": 314.7215824898147
        },
        "24": {
            "dur_mean": 1375.481117592877,
            "dur_std": 318.34542064467274
        },
        "25": {
            "dur_mean": 1421.9072766349402,
            "dur_std": 320.84499154382047
        },
        "26": {
            "dur_mean": 1473.932760208781,
            "dur_std": 324.3858325959533
        },
        "27": {
            "dur_mean": 1490.781941031941,
            "dur_std": 326.6562802095621
        },
        "28": {
            "dur_mean": 1542.2288786482334,
            "dur_std": 334.35207020238306
        },
        "29": {
            "dur_mean": 1604.4895577395578,
            "dur_std": 342.5249694980431
        },
        "30": {
            "dur_mean": 1628.0119815668202,
            "dur_std": 346.3587393384781
        },
        "31": {
            "dur_mean": 1671.5563748079878,
            "dur_std": 355.7681084065795
        },
        "32": {
            "dur_mean": 1785.7867240319606,
            "dur_std": 376.581899236553
        },
        "33": {
            "dur_mean": 1815.3944051644635,
            "dur_std": 382.77799028377655
        },
        "34": {
            "dur_mean": 1887.4317343173432,
            "dur_std": 396.77087002322963
        },
        "35": {
            "dur_mean": 1929.9609350968933,
            "dur_std": 400.196949989822
        },
        "36": {
            "dur_mean": 1969.1128883420486,
            "dur_std": 406.42151123035137
        },
        "37": {
            "dur_mean": 2074.0606340412432,
            "dur_std": 427.6097794456454
        },
        "38": {
            "dur_mean": 2155.8896764252695,
            "dur_std": 450.3902536134499
        },
        "39": {
            "dur_mean": 2186.4367108099786,
            "dur_std": 454.5797361520272
        },
        "40": {
            "dur_mean": 2274.2989532019706,
            "dur_std": 465.76817763026867
        },
        "41": {
            "dur_mean": 2310.5945197044334,
            "dur_std": 471.27705232700544
        },
        "42": {
            "dur_mean": 2355.9359803016314,
            "dur_std": 477.56220311706954
        },
        "43": {
            "dur_mean": 2376.362265312404,
            "dur_std": 478.79813183744193
        },
        "44": {
            "dur_mean": 2445.4952293013234,
            "dur_std": 497.8020743494523
        },
        "45": {
            "dur_mean": 2519.436134195137,
            "dur_std": 525.8763647913212
        },
        "46": {
            "dur_mean": 2590.83594952293,
            "dur_std": 545.1831773901358
        },
        "47": {
            "dur_mean": 2615.528307692308,
            "dur_std": 549.5011559912606
        },
        "48": {
            "dur_mean": 2662.6393846153846,
            "dur_std": 559.3170695501542
        },
        "49": {
            "dur_mean": 2747.364644287034,
            "dur_std": 574.8887551476224
        },
        "50": {
            "dur_mean": 2844.1194949183864,
            "dur_std": 586.209267663651
        },
        "51": {
            "dur_mean": 2869.1145320197043,
            "dur_std": 594.9009859291433
        },
        "52": {
            "dur_mean": 2958.734995383195,
            "dur_std": 625.5965745969867
        },
        "53": {
            "dur_mean": 3050.56975308642,
            "dur_std": 643.8991424601725
        },
        "54": {
            "dur_mean": 3081.2188271604937,
            "dur_std": 649.2192579601376
        },
        "55": {
            "dur_mean": 3111.062017895711,
            "dur_std": 657.8249031857633
        },
        "56": {
            "dur_mean": 3203.7263743051267,
            "dur_std": 678.7301217565662
        },
        "57": {
            "dur_mean": 3278.9682294879703,
            "dur_std": 695.0123006349083
        },
        "58": {
            "dur_mean": 3376.2482247607286,
            "dur_std": 718.2416716944219
        },
        "59": {
            "dur_mean": 3531.180611299784,
            "dur_std": 755.611401637683
        },
        "60": {
            "dur_mean": 3692.455503875969,
            "dur_std": 770.341302711195
        },
        "61": {
            "dur_mean": 3890.8575959403743,
            "dur_std": 781.6075405327765
        },
        "62": {
            "dur_mean": 4185.448821667253,
            "dur_std": 794.1208482598479
        }
    },
    "feature_eval": {
        "f_values": {
            "weather_main_Clouds": 27.725330571726552,
            "weather_main_Drizzle": 1.0552124709722233,
            "weather_main_Fog": 1.7262411242624265,
            "weather_main_Mist": 0.33305786162287043,
            "weather_main_Rain": 0.00019876192384347914,
            "weather_main_Smoke": 0.04184286081941235,
            "weather_description_drizzle": 24.92144091817139,
            "weather_description_few clouds": 2.484067119387147,
            "weather_description_fog": 1.7262411242624265,
            "weather_description_heavy intensity rain": 0.0036251752865847555,
            "weather_description_light intensity drizzle": 0.0004065089420817684,
            "weather_description_light intensity drizzle rain": 5.253386337306243,