{
    "rows": {
        "start": 3472,
        "route_filter": 0,
        "nan_filter": -1188,
        "negative_dur": 0,
        "outliers": -35,
        "end": 2249
    },
    "scr": 0.9673202614379085,
    "stats": {
        "1": {
            "dur_mean": 0.0,
            "dur_std": 0.0
        },
        "2": {
            "dur_mean": 49.4527027027027,
            "dur_std": 15.667173733056048
        },
        "3": {
            "dur_mean": 224.34640522875816,
            "dur_std": 34.534559399443
        },
        "4": {
            "dur_mean": 476.078431372549,
            "dur_std": 73.08246328380348
        },
        "5": {
            "dur_mean": 580.8300653594771,
            "dur_std": 81.71168753367515
        },
        "6": {
            "dur_mean": 889.4183006535948,
            "dur_std": 108.49251819820554
        },
        "7": {
            "dur_mean": 1316.4771241830065,
            "dur_std": 131.4611752255215
        },
        "8": {
            "dur_mean": 1357.6993464052287,
            "dur_std": 132.06781974700687
        },
        "9": {
            "dur_mean": 1549.0196078431372,
            "dur_std": 157.17370003096622
        },
        "10": {
            "dur_mean": 2008.575163398693,
            "dur_std": 201.77892060405517
        },
        "11": {
            "dur_mean": 2494.2091503267975,
            "dur_std": 271.53812986089497
        },
        "12": {
            "dur_mean": 2733.5298013245033,
            "dur_std": 296.262379385729
        },
        "13": {
            "dur_mean": 3309.797385620915,
            "dur_std": 384.3335201748114
        },
        "14": {
            "dur_mean": 3662.4901960784314,
            "dur_std": 406.39237776548214
        },
        "15": {
            "dur_mean": 3846.3825503355706,
            "dur_std": 427.1968119964594
        }
    },
    "feature_eval": {
        "f_values": {
            "weather_main_Clouds": 0.6486140837631736,
            "weather_main_Drizzle": 4.649431263783148,
            "weather_main_Fog": 0.10678901648032708,
            "weather_main_Rain": 0.7082154984619946,
            "weather_main_Snow": 5.005622201420808,
            "weather_description_broken clouds": 0.003853269844367551,
            "weather_description_few clouds": 0.1745813783863191,
            "weather_description_fog": 0.10678901648032708,
            "weather_description_light intensity drizzle": 5.5319161281224885,
            "weather_description_light intensity drizzle rain": 0.14680159337911927,
            "weather_description_light intensity shower rain": 0.0008295249221421582,
            "weather_description_light rain": 0.7396308319073767,
            "weather_description_light shower snow": 16.45585856339207,
            "weather_description_overcast clouds": 0.1367620895567012,
            "weather_description_scattered clouds": 0.4556508699930916,
            "weather_description_sky is clear": 0.5408430354627904,
            "weekday_1": 0.6490200771735517,
            "weekday_2": 2.518429709067346,
            "weekday_3": 0.005675223020118425,
            "weekday_4": 3.01737735368413,
            "month_2": 0.8745564251003246,
            "month_3": 0.03594447360714516,
            "month_4": 0.3802298886164252,
            "month_5": 0.2809862876948809,
            "month_6": 1.5704721336702847,
            "month_7": 2.3561293729789283,
            "month_8": 1.2907072984276577,
            "month_9": 0.09330321000667499,
            "month_10": 0.22167996771628526,
            "month_11": 0.5760493320264919,
            "month_12": 0.7964862685093684,
            "hour_8": 4594.540548140115,
            "holiday_1": 3.2244388538853035
        },
        "correlations": {
            "daystamp": 0.002293274939134303,
            "progr_number": 0.9720599719380086,
            "arr_p": 0.9832356864909152,
            "arr_a": 0.9985289434308053,
            "dep_p": 0.9832356864909152,
            "dep_a": 0.9986491925448512,
            "end_p": 0.04523711398788624,
            "start_p": NaN,
            "start_a": 0.08679155697420342,
            "temp": -0.014301946188687591,
            "feels_like": -0.030482879571129797,
            "temp_min": -0.01568716163491242,
            "temp_max": -0.02611245768386709,
            "pressure": -0.03615969913138108,
            "humidity": -0.0589219769038556,
            "wind_speed": 0.048000540989234494,
            "wind_deg": 0.025402355019799337,
            "clouds_all": -0.011657147762622257,
            "dt": 0.0024104912065067365,
            "dur_s": 0.9832356864909158
        }
    },
    "modelling": {
        "XGBoost": {
            "time": 0.234344482421875,
            "r_2": 0.9930589450994284,
            "mse": 11192.079619277247,
            "rmse": 105.79262554298029,
            "mae": 69.03727785615683
        },
        "Benchmark": {
            "r_2": 0.9399784210509365,
            "mse": 96781.58436944938,
            "rmse": 311.0973872751897,
            "mae": 198.9094138543517
        }
    },
    "features": [
        "weather_description_broken clouds",
        "weather_description_few clouds",
        "weather_description_fog",
        "weather_description_light intensity drizzle",
        "weather_description_light intensity drizzle rain",
        "weather_description_light intensity shower rain",
        "weather_description_light rain",
        "weather_description_light shower snow",
        "weather_description_overcast clouds",
        "weather_description_scattered clouds",
        "weather_description_sky is clear",
        "weekday_1",
        "weekday_2",
        "weekday_3",
        "weekday_4",
        "month_2",
        "month_3",
        "month_4",
        "month_5",
        "month_6",
        "month_7",
        "month_8",
        "month_9",
        "month_10",
        "month_11",
        "month_12",
        "hour_8",
        "holiday_1",
        "progr_number",
        "dur_s",
        "humidity"
    ]
}