{
    "rows": {
        "start": 5001,
        "route_filter": 0,
        "nan_filter": -77,
        "negative_dur": 0,
        "outliers": -57,
        "end": 4867
    },
    "scr": 0.9957446808510638,
    "stats": {
        "1": {
            "dur_mean": 0.0,
            "dur_std": 0.0
        },
        "2": {
            "dur_mean": 368.9188034188034,
            "dur_std": 101.28181601035814
        },
        "3": {
            "dur_mean": 541.1196581196581,
            "dur_std": 108.6639235506784
        },
        "4": {
            "dur_mean": 607.4723404255319,
            "dur_std": 111.9825339367357
        },
        "5": {
            "dur_mean": 698.3702127659575,
            "dur_std": 116.14091778586292
        },
        "6": {
            "dur_mean": 803.9531914893618,
            "dur_std": 119.80037678668796
        },
        "7": {
            "dur_mean": 911.0510638297873,
            "dur_std": 129.58779796470833
        },
        "8": {
            "dur_mean": 1720.1574468085107,
            "dur_std": 232.41176226971947
        },
        "9": {
            "dur_mean": 1998.4425531914894,
            "dur_std": 263.7189644272508
        },
        "10": {
            "dur_mean": 2127.8382978723403,
            "dur_std": 270.5610809540147
        },
        "11": {
            "dur_mean": 2158.3021276595746,
            "dur_std": 272.1648691897886
        },
        "12": {
            "dur_mean": 2203.4,
            "dur_std": 274.48074053214907
        },
        "13": {
            "dur_mean": 2512.8333333333335,
            "dur_std": 280.79203200242614
        },
        "14": {
            "dur_mean": 2832.264957264957,
            "dur_std": 306.8741026937194
        },
        "15": {
            "dur_mean": 2910.269230769231,
            "dur_std": 313.1896136059598
        },
        "16": {
            "dur_mean": 2974.0213675213677,
            "dur_std": 314.52050086475487
        },
        "17": {
            "dur_mean": 3060.1837606837607,
            "dur_std": 318.8069706609624
        },
        "18": {
            "dur_mean": 3136.5128205128203,
            "dur_std": 322.5366097697996
        },
        "19": {
            "dur_mean": 3235.068376068376,
            "dur_std": 325.5689302618694
        },
        "20": {
            "dur_mean": 3308.2179487179487,
            "dur_std": 327.67587018216165
        },
        "21": {
            "dur_mean": 3352.363247863248,
            "dur_std": 329.13845218018696
        }
    },
    "feature_eval": {
        "f_values": {
            "weather_main_Clouds": 0.7197498152014513,
            "weather_main_Drizzle": 0.05042149052099752,
            "weather_main_Fog": 1.9016596348381682,
            "weather_main_Mist": 0.13802275249610008,
            "weather_main_Rain": 0.01991581931467325,
            "weather_main_Snow": 7.792251252815437,
            "weather_description_few clouds": 1.0918719282610316,
            "weather_description_fog": 1.9016596348381682,
            "weather_description_light intensity drizzle": 0.0002441176099971257,
            "weather_description_light intensity drizzle rain": 0.16312388366592925,
            "weather_description_light intensity shower rain": 0.5015867202409184,
            "weather_description_light rain": 0.4270099365124287,
            "weather_description_light shower snow": 7.792251252815437,
            "weather_description_mist": 0.13802275249610008,
            "weather_description_moderate rain": 5.116337466167874,
            "weather_description_overcast clouds": 14.534645632359926,
            "weather_description_proximity shower rain": 0.23141647602481014,
            "weather_description_scattered clouds": 0.2790067510090217,
            "weather_description_sky is clear": 17.89143467499992,
            "weekday_1": 5.679138266941538,
            "weekday_2": 0.1911817421196627,
            "weekday_3": 5.483268121954043,
            "weekday_4": 6.723394012511436,
            "month_2": 0.8339710777214575,
            "month_3": 0.4366121543953703,
            "month_4": 0.3411869094490495,
            "month_5": 1.1727390731486624,
            "month_6": 0.5665751802124344,
            "month_7": 1.9665701026370712,
            "month_8": 1.4712170901993733,
            "month_9": 1.2045228051393533,
            "month_10": 0.11553523961374763,
            "month_11": 3.013310581410119,
            "month_12": 0.11985041126980792,
            "hour_18": 12139.457611532373,
            "holiday_1": 4.670350631896173
        },
        "correlations": {
            "daystamp": 0.013881141617536341,
            "progr_number": 0.9559875426915112,
            "arr_p": 0.9754050116651288,
            "arr_a": 0.997493705381422,
            "dep_p": 0.9754050116651288,
            "dep_a": 0.9976153938071409,
            "end_p": 0.006408143991681927,
            "start_p": NaN,
            "start_a": 0.015750869305167434,
            "temp": -0.018045046846151994,
            "feels_like": 0.008536477633135127,
            "temp_min": -0.010737532933985543,
            "temp_max": -0.012992462042064685,
            "pressure": -0.010842137583658531,
            "humidity": 0.06467081412038422,
            "wind_speed": -0.08864941357922912,
            "wind_deg": -0.029914253893611503,
            "clouds_all": -0.02185817219497553,
            "dt": 0.013995190664029261,
            "dur_s": 0.9754050116651292
        }
    },
    "modelling": {
        "XGBoost": {
            "time": 0.3593757152557373,
            "r_2": 0.9910700707036906,
            "mse": 11549.84185463811,
            "rmse": 107.47019053969389,
            "mae": 74.61610291850498
        },
        "Benchmark": {
            "r_2": 0.926121193902297,
            "mse": 95553.78307313065,
            "rmse": 309.1177495277983,
            "mae": 225.81101068200493
        }
    },
    "features": [
        "weather_description_few clouds",
        "weather_description_fog",
        "weather_description_light intensity drizzle",
        "weather_description_light intensity drizzle rain",
        "weather_description_light intensity shower rain",
        "weather_description_light rain",
        "weather_description_light shower snow",
        "weather_description_mist",
        "weather_description_moderate rain",
        "weather_description_overcast clouds",
        "weather_description_proximity shower rain",
        "weather_description_scattered clouds",
        "weather_description_sky is clear",
        "weekday_1",
        "weekday_2",
        "weekday_3",
        "weekday_4",
        "month_2",
        "month_3",
        "month_4",
        "month_5",
        "month_6",
        "month_7",
        "month_8",
        "month_9",
        "month_10",
        "month_11",
        "month_12",
        "hour_18",
        "holiday_1",
        "progr_number",
        "dur_s",
        "humidity"
    ]
}