{
    "rows": {
        "start": 326794,
        "route_filter": 0,
        "nan_filter": -28181,
        "negative_dur": -3,
        "outliers": -2857,
        "end": 295753
    },
    "scr": 0.8919297154408334,
    "stats": {
        "1": {
            "dur_mean": 0.0,
            "dur_std": 0.0
        },
        "2": {
            "dur_mean": 155.20624108981468,
            "dur_std": 60.707431055656
        },
        "3": {
            "dur_mean": 190.3986794529162,
            "dur_std": 82.26922645131283
        },
        "4": {
            "dur_mean": 262.45616244294035,
            "dur_std": 115.14791169710958
        },
        "5": {
            "dur_mean": 419.8352478363493,
            "dur_std": 211.3310308780381
        },
        "6": {
            "dur_mean": 624.8228489938203,
            "dur_std": 254.0819869505466
        },
        "7": {
            "dur_mean": 645.5175466329434,
            "dur_std": 258.5224570492598
        },
        "8": {
            "dur_mean": 840.5189792663477,
            "dur_std": 289.6801155547571
        },
        "9": {
            "dur_mean": 981.5814358001265,
            "dur_std": 321.1527564935575
        },
        "10": {
            "dur_mean": 1017.2204699574199,
            "dur_std": 331.47052525682847
        },
        "11": {
            "dur_mean": 1389.8053470919324,
            "dur_std": 428.72976824131496
        },
        "12": {
            "dur_mean": 1523.0357534891014,
            "dur_std": 442.95442357980284
        },
        "13": {
            "dur_mean": 1576.507668231612,
            "dur_std": 457.11747590519843
        },
        "14": {
            "dur_mean": 1658.6780350438048,
            "dur_std": 463.05418959992454
        },
        "15": {
            "dur_mean": 1798.966191892315,
            "dur_std": 471.3761735369223
        },
        "16": {
            "dur_mean": 1896.8253322908522,
            "dur_std": 495.74734405349204
        },
        "17": {
            "dur_mean": 1940.748983421958,
            "dur_std": 504.1663394287462
        },
        "18": {
            "dur_mean": 2042.957902973396,
            "dur_std": 527.3046783136544
        },
        "19": {
            "dur_mean": 2115.640495220185,
            "dur_std": 538.816812045571
        },
        "20": {
            "dur_mean": 2146.6973354231973,
            "dur_std": 545.7574044087303
        },
        "21": {
            "dur_mean": 2182.7433406455657,
            "dur_std": 552.2909939926993
        },
        "22": {
            "dur_mean": 2280.1025360050094,
            "dur_std": 588.4162729938103
        },
        "23": {
            "dur_mean": 2369.5682316118937,
            "dur_std": 608.9791999316948
        },
        "24": {
            "dur_mean": 2428.9727656910313,
            "dur_std": 626.6548083183801
        },
        "25": {
            "dur_mean": 2498.8397496087637,
            "dur_std": 641.492856282671
        },
        "26": {
            "dur_mean": 2570.2128325508606,
            "dur_std": 655.5320066170998
        },
        "27": {
            "dur_mean": 2610.4500782472614,
            "dur_std": 663.1606595311681
        },
        "28": {
            "dur_mean": 2649.0732394366196,
            "dur_std": 668.5806337432688
        },
        "29": {
            "dur_mean": 2719.7114241001564,
            "dur_std": 676.2407627751361
        },
        "30": {
            "dur_mean": 2753.7280125195616,
            "dur_std": 680.9843185314436
        },
        "31": {
            "dur_mean": 2815.695305164319,
            "dur_std": 689.4511078670986
        },
        "32": {
            "dur_mean": 3010.343921139102,
            "dur_std": 737.3520578981211
        },
        "33": {
            "dur_mean": 3420.56887835703,
            "dur_std": 780.4968249784212
        },
        "34": {
            "dur_mean": 3462.262547051443,
            "dur_std": 784.5162608441085
        },
        "35": {
            "dur_mean": 3512.661540875569,
            "dur_std": 786.7166950943564
        },
        "36": {
            "dur_mean": 3567.3175400062755,
            "dur_std": 792.7208599053121
        },
        "37": {
            "dur_mean": 3595.459728033473,
            "dur_std": 789.5657494209195
        },
        "38": {
            "dur_mean": 3636.3434264198304,
            "dur_std": 793.8374635908016
        },
        "39": {
            "dur_mean": 3671.642409033877,
            "dur_std": 795.6741558607525
        },
        "40": {
            "dur_mean": 3764.299200250902,
            "dur_std": 805.6000357992322
        },
        "41": {
            "dur_mean": 3861.8052888399184,
            "dur_std": 817.1560113043375
        },
        "42": {
            "dur_mean": 3938.035849652558,
            "dur_std": 827.4636519049279
        },
        "43": {
            "dur_mean": 3957.4235442638474,
            "dur_std": 828.6003053943563
        },
        "44": {
            "dur_mean": 4011.135373934995,
            "dur_std": 831.8071483568917
        },
        "45": {
            "dur_mean": 4066.8620199146517,
            "dur_std": 837.5111209612085
        },
        "46": {
            "dur_mean": 4402.894154818326,
            "dur_std": 895.2970041948605
        },
        "47": {
            "dur_mean": 4469.901230672136,
            "dur_std": 903.3221664678272
        }
    },
    "feature_eval": {
        "f_values": {
            "weather_main_Clouds": 0.20301444100678495,
            "weather_main_Drizzle": 39.59817909318953,
            "weather_main_Fog": 21.423649797309892,
            "weather_main_Mist": 17.490330180005234,
            "weather_main_Rain": 84.20964847286224,
            "weather_main_Smoke": 0.0013123801613145168,
            "weather_main_Snow": 48.82333343523546,
            "weather_description_broken clouds": 2.975463637113026,
            "weather_description_drizzle": 10.7853671267138,
            "weather_description_few clouds": 1.4956534562941652,
            "weather_description_fog": 21.423649797309892,
            "weather_description_heavy intensity rain": 16.311917549528452,
            "weather_description_light intensity drizzle": 16.024383922552794,
            "weather_description_light intensity drizzle rain": 22.117063785300534,
            "weather_description_light intensity shower rain": 1.6199350909193726,
            "weather_description_light rain": 18.40291796442678,
            "weather_description_light shower snow": 25.90432137187872,
            "weather_description_light snow": 13.502185279160207,
            "weather_description_mist": 17.490330180005234,
            "weather_description_moderate rain": 0.9402984902205347,
            "weather_description_overcast clouds": 63.1920652554218,
            "weather_description_proximity shower rain": 136.14048560091703,
            "weather_description_scattered clouds": 44.599538267769844,
            "weather_description_sky is clear": 56.95738177493248,
            "weather_description_smoke": 0.0013123801613145168,
            "weekday_1": 31.222167781752493,
            "weekday_2": 218.2818794968738,
            "weekday_3": 513.0360726316684,
            "weekday_4": 257.06166056315186,
            "weekday_5": 1403.419693527313,
            "weekday_6": 1513.0353133840551,
            "month_2": 15.487782719809163,
            "month_3": 0.7906774906492944,
            "month_4": 17.573032479015787,
            "month_5": 2.6126191295220895,
            "month_6": 55.753451620121204,
            "month_7": 142.8941386026984,
            "month_8": 75.28862435891195,
            "month_9": 5.030611260926361,
            "month_10": 92.90795051945368,
            "month_11": 321.7448030609028,
            "month_12": 125.29271837964268,
            "hour_1": 2.329121461591998,
            "hour_7": 1776.0157103373062,
            "hour_8": 772.6193067329438,