{
    "rows": {
        "start": 339237,
        "route_filter": -9270,
        "nan_filter": -29725,
        "negative_dur": 0,
        "outliers": -2588,
        "end": 297654
    },
    "scr": 0.843632806130768,
    "stats": {
        "1": {
            "dur_mean": 0.0,
            "dur_std": 0.0
        },
        "2": {
            "dur_mean": 77.44901960784314,
            "dur_std": 81.57788395875268
        },
        "3": {
            "dur_mean": 122.31077325486349,
            "dur_std": 86.39668143580572
        },
        "4": {
            "dur_mean": 176.25563909774436,
            "dur_std": 88.90868345590071
        },
        "5": {
            "dur_mean": 218.91218315617334,
            "dur_std": 92.65475066149114
        },
        "6": {
            "dur_mean": 245.83578671900557,
            "dur_std": 95.3464646860657
        },
        "7": {
            "dur_mean": 336.01407528641573,
            "dur_std": 103.28980060366733
        },
        "8": {
            "dur_mean": 375.82326951399114,
            "dur_std": 108.30752356778862
        },
        "9": {
            "dur_mean": 454.98183008675727,
            "dur_std": 124.0072687989976
        },
        "10": {
            "dur_mean": 578.535074749466,
            "dur_std": 151.4486636116358
        },
        "11": {
            "dur_mean": 622.7371015445284,
            "dur_std": 158.14568830172337
        },
        "12": {
            "dur_mean": 673.399178307313,
            "dur_std": 157.12828431278734
        },
        "13": {
            "dur_mean": 728.3229303547963,
            "dur_std": 166.2827132110187
        },
        "14": {
            "dur_mean": 765.955452601568,
            "dur_std": 168.10815873153405
        },
        "15": {
            "dur_mean": 804.7424765663542,
            "dur_std": 172.37567731933592
        },
        "16": {
            "dur_mean": 851.8473294987674,
            "dur_std": 180.94530394361695
        },
        "17": {
            "dur_mean": 1418.574514400536,
            "dur_std": 275.88041732373546
        },
        "18": {
            "dur_mean": 1462.1514644351464,
            "dur_std": 284.90640894070486
        },
        "19": {
            "dur_mean": 1539.7010205788856,
            "dur_std": 297.89475085053044
        },
        "20": {
            "dur_mean": 1596.435044306972,
            "dur_std": 308.8102111180178
        },
        "21": {
            "dur_mean": 1614.6895168032102,
            "dur_std": 311.43874418046687
        },
        "22": {
            "dur_mean": 1657.6291590035112,
            "dur_std": 318.1631744840544
        },
        "23": {
            "dur_mean": 1673.6222408026756,
            "dur_std": 320.41641027403807
        },
        "24": {
            "dur_mean": 1730.411971242267,
            "dur_std": 330.17311535640965
        },
        "25": {
            "dur_mean": 1771.855876943655,
            "dur_std": 340.324450684097
        },
        "26": {
            "dur_mean": 1794.5861896004012,
            "dur_std": 343.8387374839043
        },
        "27": {
            "dur_mean": 1841.535696371844,
            "dur_std": 354.2610000059582
        },
        "28": {
            "dur_mean": 1886.4638020397927,
            "dur_std": 361.5189595247296
        },
        "29": {
            "dur_mean": 1981.6318782405085,
            "dur_std": 371.77867636907934
        },
        "30": {
            "dur_mean": 2014.066265060241,
            "dur_std": 377.8915223149305
        },
        "31": {
            "dur_mean": 2047.67687416332,
            "dur_std": 387.33895269537254
        },
        "32": {
            "dur_mean": 2139.693956135945,
            "dur_std": 406.47903643145145
        },
        "33": {
            "dur_mean": 2248.0425246944583,
            "dur_std": 437.63465236223345
        },
        "34": {
            "dur_mean": 2290.617445169931,
            "dur_std": 446.8486958801018
        },
        "35": {
            "dur_mean": 2358.077258253729,
            "dur_std": 456.61675371075745
        },
        "36": {
            "dur_mean": 2477.0524551701023,
            "dur_std": 477.43052292542006
        },
        "37": {
            "dur_mean": 2581.293999329534,
            "dur_std": 513.0271219765252
        },
        "38": {
            "dur_mean": 2666.7540653813912,
            "dur_std": 537.4735262792254
        },
        "39": {
            "dur_mean": 2856.779683821056,
            "dur_std": 566.8449670920129
        },
        "40": {
            "dur_mean": 2913.270107007249,
            "dur_std": 578.5739428996732
        },
        "41": {
            "dur_mean": 3169.1663652802895,
            "dur_std": 636.9710289237487
        },
        "42": {
            "dur_mean": 3245.374269005848,
            "dur_std": 642.065573133103
        },
        "43": {
            "dur_mean": 3354.4297253634895,
            "dur_std": 657.9000141270834
        },
        "44": {
            "dur_mean": 3437.426752734445,
            "dur_std": 672.9753855077992
        },
        "45": {
            "dur_mean": 3500.799348652072,
            "dur_std": 681.3758242259588
        },
        "46": {
            "dur_mean": 3565.817489114659,
            "dur_std": 699.121182328301
        },
        "47": {
            "dur_mean": 3601.398187534677,
            "dur_std": 704.3243154565703
        },
        "48": {
            "dur_mean": 3693.068991236248,
            "dur_std": 715.5589201176055
        },
        "49": {
            "dur_mean": 3752.054064201239,
            "dur_std": 731.9862520267186
        },
        "50": {
            "dur_mean": 4001.6025224536593,
            "dur_std": 858.6787668427952
        },
        "51": {
            "dur_mean": 4033.107460378817,
            "dur_std": 868.830522235534
        }
    },
    "feature_eval": {
        "f_values": {
            "weather_main_Clouds": 5.073352985030428,
            "weather_main_Drizzle": 23.55026458980204,
            "weather_main_Fog": 0.46250564715859005,
            "weather_main_Mist": 0.010505754127878936,
            "weather_main_Rain": 8.278547105796235,
            "weather_main_Smoke": 2.9541401299278753,
            "weather_main_Snow": 0.7328970838311579,
            "weather_description_broken clouds": 4.102553509917877,
            "weather_description_drizzle": 1.0249445217127657,
            "weather_description_few clouds": 0.41071317740129015,
            "weather_description_fog": 0.46250564715859005,
            "weather_description_heavy intensity rain": 4.321146014833867,
            "weather_description_light intensity drizzle": 26.481561974084162,
            "weather_description_light intensity drizzle rain": 2.210526776047267,
            "weather_description_light intensity shower rain": 12.856256348603289,
            "weather_description_light rain": 0.12475651570634394,
            "weather_description_light shower snow": 5.297778957771859,
            "weather_description_light snow": 18.06337751373082,
            "weather_description_mist": 0.010505754127878936,
            "weather_description_moderate rain": 10.159603936306308,
            "weather_description_overcast clouds": 15.812527631019528,
            "weather_description_proximity shower rain": 0.1757012845224249,
            "weather_description_rain and drizzle": 9.026100401424564,
            "weather_description_scattered clouds": 3.332610941912474,
            "weather_description_sky is clear": 38.646491462347726,
            "weather_description_smoke": 2.9541401299278753,
            "weekday_1": 25.63156515979908,
            "weekday_2": 16.377863702912954,
            "weekday_3": 60.17404070674918,
            "weekday_4": 71.32530341731683,
            "weekday_5": 196.22919150562836,
            "weekday_6": 519.5038042266436,
            "month_2": 25.131879644181403,
            "month_3": 0.041600525140673,