{
    "rows": {
        "start": 6380,
        "route_filter": 0,
        "nan_filter": -98,
        "negative_dur": 0,
        "outliers": -70,
        "end": 6212
    },
    "scr": 0.9488636363636364,
    "stats": {
        "1": {
            "dur_mean": 0.0,
            "dur_std": 0.0
        },
        "2": {
            "dur_mean": 178.78977272727272,
            "dur_std": 51.28961028684682
        },
        "3": {
            "dur_mean": 245.8068181818182,
            "dur_std": 71.49982744507378
        },
        "4": {
            "dur_mean": 404.3885714285714,
            "dur_std": 143.6655114457953
        },
        "5": {
            "dur_mean": 455.6761363636364,
            "dur_std": 150.5566915488311
        },
        "6": {
            "dur_mean": 491.3011363636364,
            "dur_std": 151.8735007408229
        },
        "7": {
            "dur_mean": 513.8806818181819,
            "dur_std": 152.93323462624713
        },
        "8": {
            "dur_mean": 765.8125,
            "dur_std": 167.60898053846296
        },
        "10": {
            "dur_mean": 1192.2045454545455,
            "dur_std": 185.16186951442762
        },
        "11": {
            "dur_mean": 1334.8295454545455,
            "dur_std": 200.35492630206647
        },
        "12": {
            "dur_mean": 1682.25,
            "dur_std": 272.05387071576206
        },
        "13": {
            "dur_mean": 1763.3636363636363,
            "dur_std": 281.0782374792036
        },
        "14": {
            "dur_mean": 1854.965909090909,
            "dur_std": 289.7108094581269
        },
        "15": {
            "dur_mean": 1945.590909090909,
            "dur_std": 300.94829689266794
        },
        "16": {
            "dur_mean": 1991.7443181818182,
            "dur_std": 304.8154241908951
        },
        "17": {
            "dur_mean": 2031.9431818181818,
            "dur_std": 306.8708935768841
        },
        "18": {
            "dur_mean": 2090.75,
            "dur_std": 310.7092991389678
        },
        "19": {
            "dur_mean": 2119.793103448276,
            "dur_std": 292.78337937014055
        },
        "20": {
            "dur_mean": 2146.4827586206898,
            "dur_std": 292.8578483739094
        },
        "21": {
            "dur_mean": 2223.4137931034484,
            "dur_std": 288.36714121471954
        },
        "22": {
            "dur_mean": 2285.0172413793102,
            "dur_std": 286.8495501842402
        },
        "23": {
            "dur_mean": 2378.8571428571427,
            "dur_std": 314.36794304203397
        },
        "24": {
            "dur_mean": 2476.1079545454545,
            "dur_std": 328.0493425330459
        },
        "25": {
            "dur_mean": 2543.806818181818,
            "dur_std": 331.6020112968314
        },
        "26": {
            "dur_mean": 2587.153409090909,
            "dur_std": 337.8044984725806
        },
        "27": {
            "dur_mean": 2657.4147727272725,
            "dur_std": 347.41218599887867
        },
        "28": {
            "dur_mean": 2846.1420454545455,
            "dur_std": 359.24719264327996
        },
        "29": {
            "dur_mean": 2898.971590909091,
            "dur_std": 360.59161592309096
        },
        "30": {
            "dur_mean": 3614.8,
            "dur_std": 395.7401475309475
        },
        "31": {
            "dur_mean": 3727.8011363636365,
            "dur_std": 401.80049093173966
        },
        "32": {
            "dur_mean": 3837.1111111111113,
            "dur_std": 391.4514085154863
        },
        "33": {
            "dur_mean": 3856.345029239766,
            "dur_std": 391.88471176276005
        },
        "34": {
            "dur_mean": 3910.815476190476,
            "dur_std": 395.96879813991745
        },
        "35": {
            "dur_mean": 3969.434523809524,
            "dur_std": 398.6291275307658
        },
        "36": {
            "dur_mean": 4078.1964285714284,
            "dur_std": 449.0135729904871
        },
        "37": {
            "dur_mean": 4140.676646706587,
            "dur_std": 452.1394958731727
        }
    },
    "feature_eval": {
        "f_values": {
            "weather_main_Drizzle": 1.3188596568619073,
            "weather_main_Fog": 0.7636537405805914,
            "weather_main_Mist": 2.1222104312547736,
            "weather_main_Rain": 0.00501936181347815,
            "weather_main_Snow": 0.235662114966304,
            "weather_description_few clouds": 2.822681065691194,
            "weather_description_fog": 0.7636537405805914,
            "weather_description_light intensity drizzle": 0.6140314035714047,
            "weather_description_light intensity drizzle rain": 0.6873451306020634,
            "weather_description_light intensity shower rain": 2.866228272936444,
            "weather_description_light rain": 3.0537776877172598,
            "weather_description_light shower snow": 0.235662114966304,
            "weather_description_mist": 2.1222104312547736,
            "weather_description_moderate rain": 2.251696915664803,
            "weather_description_overcast clouds": 11.034856550090105,
            "weather_description_proximity shower rain": 2.2240601735895273,
            "weather_description_scattered clouds": 0.01513436493106954,
            "weekday_1": 1.1791115724598709,
            "weekday_2": 0.005440582338215322,
            "weekday_3": 5.537201489362448,
            "weekday_4": 15.619479543066937,
            "month_2": 0.19017994478598024,
            "month_3": 8.49224783092781,
            "month_4": 0.5730753191938434,
            "month_5": 0.01661763992818451,
            "month_6": 0.9167025396587954,
            "month_9": 14.028742226356597,
            "month_10": 0.005683766262774485,
            "month_11": 6.505464284382493,
            "month_12": 0.7441975083531064,
            "hour_18": 4058.2221432281194
        },
        "correlations": {
            "daystamp": 0.019129264500983612,
            "progr_number": 0.9606006081958792,
            "arr_p": 0.9639336794889659,
            "arr_a": 0.9993295242529784,
            "dep_p": 0.9639336794889659,
            "dep_a": 0.9993797987215867,
            "end_p": 0.05203554416754235,
            "start_p": NaN,
            "start_a": 0.048834827507396615,
            "temp": -0.03563550694200738,
            "feels_like": -0.00918743163647533,
            "temp_min": -0.03784354567361555,
            "temp_max": -0.02845369800147631,
            "pressure": -0.0030001384924493433,
            "humidity": 0.07074041699127959,
            "wind_speed": -0.06612720392270127,
            "wind_deg": -0.0005361895412502648,
            "clouds_all": -0.0313591336501793,
            "dt": 0.019239060887583828,
            "dur_s": 0.9639336794889659
        }
    },
    "modelling": {
        "XGBoost": {
            "time": 0.4218757152557373,
            "r_2": 0.99307223514549,
            "mse": 10316.917269589858,
            "rmse": 101.57222686143028,
            "mae": 69.2102463087265
        },
        "Benchmark": {
            "r_2": 0.8987071699111636,
            "mse": 150846.596265293,
            "rmse": 388.38974788901544,
            "mae": 287.9742433998712
        }
    },