{
    "rows": {
        "start": 7204,
        "route_filter": 0,
        "nan_filter": -1563,
        "negative_dur": 0,
        "outliers": -40,
        "end": 5601
    },
    "scr": 0.6115107913669064,
    "stats": {
        "1": {
            "dur_mean": 0.0,
            "dur_std": 0.0
        },
        "2": {
            "dur_mean": 63.07971014492754,
            "dur_std": 17.779698746227723
        },
        "3": {
            "dur_mean": 100.89208633093526,
            "dur_std": 24.288331619567003
        },
        "4": {
            "dur_mean": 152.568345323741,
            "dur_std": 26.730553099053836
        },
        "5": {
            "dur_mean": 193.2158273381295,
            "dur_std": 29.286382696540603
        },
        "6": {
            "dur_mean": 225.71942446043167,
            "dur_std": 33.203812592544956
        },
        "7": {
            "dur_mean": 313.51798561151077,
            "dur_std": 43.700123124886346
        },
        "8": {
            "dur_mean": 337.9136690647482,
            "dur_std": 46.488502866399706
        },
        "9": {
            "dur_mean": 397.49640287769785,
            "dur_std": 50.6199785988078
        },
        "10": {
            "dur_mean": 822.6762589928057,
            "dur_std": 119.38497076212929
        },
        "11": {
            "dur_mean": 1021.2805755395683,
            "dur_std": 149.4047138914957
        },
        "12": {
            "dur_mean": 1065.8561151079136,
            "dur_std": 150.79901016239353
        },
        "13": {
            "dur_mean": 1132.3525179856115,
            "dur_std": 154.68386945073323
        },
        "14": {
            "dur_mean": 1228.705035971223,
            "dur_std": 165.14905227463112
        },
        "15": {
            "dur_mean": 1301.0647482014388,
            "dur_std": 182.02158689598272
        },
        "16": {
            "dur_mean": 1424.0287769784172,
            "dur_std": 210.37750549442924
        },
        "17": {
            "dur_mean": 1493.4604316546763,
            "dur_std": 213.2885120324808
        },
        "18": {
            "dur_mean": 1537.8129496402878,
            "dur_std": 215.20299040085027
        },
        "19": {
            "dur_mean": 1577.5755395683452,
            "dur_std": 218.0584278308828
        },
        "20": {
            "dur_mean": 1608.3453237410072,
            "dur_std": 219.97577970201715
        },
        "21": {
            "dur_mean": 1638.623188405797,
            "dur_std": 223.83352791192183
        },
        "22": {
            "dur_mean": 1698.6618705035971,
            "dur_std": 231.88014001355904
        },
        "23": {
            "dur_mean": 1777.4676258992806,
            "dur_std": 238.33581539677277
        },
        "24": {
            "dur_mean": 1795.63309352518,
            "dur_std": 240.29158446260485
        },
        "25": {
            "dur_mean": 1843.4172661870505,
            "dur_std": 241.47760418495727
        },
        "26": {
            "dur_mean": 1865.2158273381294,
            "dur_std": 244.02648236514455
        },
        "27": {
            "dur_mean": 1935.6978417266187,
            "dur_std": 251.54890194109745
        },
        "28": {
            "dur_mean": 1983.589928057554,
            "dur_std": 253.78199628214625
        },
        "29": {
            "dur_mean": 2010.2805755395684,
            "dur_std": 255.79506711249664
        },
        "30": {
            "dur_mean": 2093.7625899280574,
            "dur_std": 262.0645341125359
        },
        "31": {
            "dur_mean": 2227.4892086330933,
            "dur_std": 271.3810991385713
        },
        "32": {
            "dur_mean": 2423.449275362319,
            "dur_std": 347.26115191194117
        },
        "33": {
            "dur_mean": 2624.6187050359713,
            "dur_std": 339.17637658037887
        },
        "34": {
            "dur_mean": 2824.9136690647483,
            "dur_std": 371.3665418895342
        },
        "35": {
            "dur_mean": 2969.1079136690646,
            "dur_std": 330.01075280345873
        },
        "36": {
            "dur_mean": 2992.928057553957,
            "dur_std": 329.2546620291635
        },
        "37": {
            "dur_mean": 3014.179856115108,
            "dur_std": 333.3382373218661
        },
        "38": {
            "dur_mean": 3075.043165467626,
            "dur_std": 493.0061126484618
        },
        "39": {
            "dur_mean": 3114.1582733812947,
            "dur_std": 497.4265404799072
        },
        "40": {
            "dur_mean": 3271.81884057971,
            "dur_std": 584.4638723108574
        },
        "41": {
            "dur_mean": 3261.8823529411766,
            "dur_std": 355.97643754838026
        }
    },
    "feature_eval": {
        "f_values": {
            "weather_main_Clouds": 4.052796937373542,
            "weather_main_Drizzle": 23.171058248003543,
            "weather_main_Fog": 13.523954588576172,
            "weather_main_Mist": 0.4400350329847924,
            "weather_main_Rain": 1.9055952091443724,
            "weather_main_Snow": 0.09402916601199655,
            "weather_description_broken clouds": 1.0806996475098338,
            "weather_description_few clouds": 19.4505584057074,
            "weather_description_fog": 13.523954588576172,
            "weather_description_heavy intensity rain": 10.305216038362724,
            "weather_description_light intensity drizzle": 5.590070480180337,
            "weather_description_light intensity drizzle rain": 19.67850231508011,
            "weather_description_light intensity shower rain": 6.608846132904934,
            "weather_description_light rain": 0.9020039251909968,
            "weather_description_mist": 0.4400350329847924,
            "weather_description_overcast clouds": 0.7028515452533528,
            "weather_description_proximity shower rain": 8.039052104562593,
            "weather_description_scattered clouds": 1.4609789709813363,
            "weather_description_sky is clear": 3.0568152630365906,
            "weekday_1": 5.561731412916921,
            "weekday_2": 2.1800228802782593,
            "weekday_3": 0.023845465025061737,
            "weekday_4": 13.445951306043998,
            "month_2": 0.06876660092890181,
            "month_3": 0.26734426573875647,
            "month_4": 0.23389954147769043,
            "month_5": 15.593577348728497,
            "month_6": 3.080895748833174,
            "month_9": 0.02883473429773562,
            "month_10": 6.502425549760457,
            "month_11": 14.328154566178213,
            "month_12": 2.211627583367283,
            "hour_8": 3871.3341533179478
        },
        "correlations": {
            "daystamp": 0.0387631218360418,
            "progr_number": 0.962272696851569,
            "arr_p": 0.9770517270646059,
            "arr_a": 0.9983203665892925,
            "dep_p": 0.9770517270646059,
            "dep_a": 0.9983381058110146,
            "end_p": 0.06840029554228286,
            "start_p": NaN,
            "start_a": 0.05279310970080086,
            "temp": 0.023679529193868315,
            "feels_like": 0.01949727885813306,
            "temp_min": 0.0291149691540673,
            "temp_max": 0.012481723928793353,
            "pressure": -0.021095115441384402,
            "humidity": -0.01622952495702136,
            "wind_speed": 0.0067558898786578845,
            "wind_deg": -0.028851662588598677,
            "clouds_all": 0.04644245340370526,
            "dt": 0.0388614290525406,
            "dur_s": 0.9770517270646057
        }
    },
    "modelling": {
        "XGBoost": {
            "time": 0.5312118530273438,
            "r_2": 0.9971021231569405,
            "mse": 2840.489400051779,
            "rmse": 53.296241894262856,
            "mae": 37.469307975969855
        },
        "Benchmark": {
            "r_2": 0.9582631228094779,
            "mse": 40910.35046395432,
            "rmse": 202.26307241796343,