{
    "rows": {
        "start": 756770,
        "route_filter": -91487,
        "nan_filter": -18290,
        "negative_dur": -291,
        "outliers": -5767,
        "end": 640935
    },
    "scr": 0.9750912884715701,
    "stats": {
        "1": {
            "dur_mean": 0.0,
            "dur_std": 0.0
        },
        "2": {
            "dur_mean": 72.76666226738814,
            "dur_std": 234.37312462013196
        },
        "3": {
            "dur_mean": 168.76183568508506,
            "dur_std": 252.4860406480675
        },
        "4": {
            "dur_mean": 287.9603803486529,
            "dur_std": 269.2453235672978
        },
        "5": {
            "dur_mean": 378.09056054997353,
            "dur_std": 266.3097622269249
        },
        "6": {
            "dur_mean": 396.3179839028896,
            "dur_std": 267.5565870444767
        },
        "7": {
            "dur_mean": 416.5264543300869,
            "dur_std": 265.50634769016824
        },
        "8": {
            "dur_mean": 455.33359642199423,
            "dur_std": 269.50233191368994
        },
        "9": {
            "dur_mean": 511.3973126070346,
            "dur_std": 276.6264376291826
        },
        "10": {
            "dur_mean": 614.0263123273254,
            "dur_std": 288.2941180775228
        },
        "11": {
            "dur_mean": 658.6532332411432,
            "dur_std": 290.660970974484
        },
        "12": {
            "dur_mean": 674.8729092585276,
            "dur_std": 292.32876030931754
        },
        "13": {
            "dur_mean": 721.6741617357002,
            "dur_std": 302.90731325359576
        },
        "14": {
            "dur_mean": 815.77523659306,
            "dur_std": 316.5420379544746
        },
        "15": {
            "dur_mean": 893.1893879695298,
            "dur_std": 330.57503901079764
        },
        "16": {
            "dur_mean": 916.8116379876527,
            "dur_std": 332.99297843171286
        },
        "17": {
            "dur_mean": 950.5703966377725,
            "dur_std": 337.72479711682473
        },
        "18": {
            "dur_mean": 1053.4520026263954,
            "dur_std": 351.8876359776626
        },
        "19": {
            "dur_mean": 1089.1613707983192,
            "dur_std": 354.0564894546109
        },
        "20": {
            "dur_mean": 1169.7012867647059,
            "dur_std": 361.6506266577848
        },
        "21": {
            "dur_mean": 1204.0618029130035,
            "dur_std": 366.3103355461461
        },
        "22": {
            "dur_mean": 1269.728453364817,
            "dur_std": 376.5705016047931
        },
        "23": {
            "dur_mean": 1296.1287063762793,
            "dur_std": 380.1277488736182
        },
        "24": {
            "dur_mean": 1384.0167802831672,
            "dur_std": 391.6356571914235
        },
        "25": {
            "dur_mean": 1503.3885684320924,
            "dur_std": 426.63282284435843
        },
        "26": {
            "dur_mean": 1539.7013106159895,
            "dur_std": 436.52386274786267
        },
        "27": {
            "dur_mean": 1593.450006552221,
            "dur_std": 448.1894903093865
        },
        "28": {
            "dur_mean": 1629.3950714379341,
            "dur_std": 452.29431254064923
        },
        "29": {
            "dur_mean": 1682.714604090194,
            "dur_std": 459.91096807626934
        },
        "30": {
            "dur_mean": 1710.7879423328964,
            "dur_std": 463.22546824756444
        },
        "31": {
            "dur_mean": 1737.3819635600996,
            "dur_std": 466.8495549345681
        },
        "32": {
            "dur_mean": 1764.4889238432297,
            "dur_std": 470.58258199874575
        },
        "33": {
            "dur_mean": 1854.6688081814607,
            "dur_std": 485.847800673778
        },
        "34": {
            "dur_mean": 1880.5102950819671,
            "dur_std": 488.6514042112194
        },
        "35": {
            "dur_mean": 1903.7882244951481,
            "dur_std": 492.0224724952466
        },
        "36": {
            "dur_mean": 2056.875278981226,
            "dur_std": 516.7096776287726
        },
        "37": {
            "dur_mean": 2174.5646392838335,
            "dur_std": 527.096788323526
        },
        "38": {
            "dur_mean": 2221.0015799868333,
            "dur_std": 530.4941182319297
        },
        "39": {
            "dur_mean": 2241.286993154292,
            "dur_std": 533.2132638762141
        },
        "40": {
            "dur_mean": 2310.2300105207787,
            "dur_std": 545.973655742572
        },
        "41": {
            "dur_mean": 2362.7477655099897,
            "dur_std": 551.1405816191618
        },
        "42": {
            "dur_mean": 2388.020767613039,
            "dur_std": 555.5863575531596
        },
        "43": {
            "dur_mean": 2412.9106203995793,
            "dur_std": 559.5739002243236
        },
        "44": {
            "dur_mean": 2495.6127972671134,
            "dur_std": 570.198145000113
        },
        "45": {
            "dur_mean": 2526.0714754959927,
            "dur_std": 572.4504682929302
        },
        "46": {
            "dur_mean": 2559.6799369333858,
            "dur_std": 574.8023011930414
        },
        "47": {
            "dur_mean": 2591.4069110497962,
            "dur_std": 577.9005342073317
        },
        "48": {
            "dur_mean": 2621.439364078308,
            "dur_std": 581.1803154805226
        },
        "49": {
            "dur_mean": 2670.9124835742446,
            "dur_std": 586.2383489021281
        },
        "50": {
            "dur_mean": 2704.1,
            "dur_std": 589.039520487393
        },
        "51": {
            "dur_mean": 2743.7390275952694,
            "dur_std": 591.5273624631587
        },
        "52": {
            "dur_mean": 2836.2703057341555,
            "dur_std": 608.3989915852646
        },
        "53": {
            "dur_mean": 2904.6472593758194,
            "dur_std": 620.5881416773292
        },
        "54": {
            "dur_mean": 2929.6918436926303,
            "dur_std": 624.5515286287292
        },
        "55": {
            "dur_mean": 2957.1723052714397,
            "dur_std": 628.0541490271985
        },
        "56": {
            "dur_mean": 2973.52668852459,
            "dur_std": 630.034744667555
        },
        "57": {
            "dur_mean": 3043.5422239706268,
            "dur_std": 640.5696070651425
        },
        "58": {
            "dur_mean": 3078.7022420348762,
            "dur_std": 645.9098757844919
        },
        "59": {
            "dur_mean": 3146.336829684017,
            "dur_std": 655.4213373971077
        },
        "60": {
            "dur_mean": 3211.4427691097417,
            "dur_std": 663.9130688903232
        },
        "61": {
            "dur_mean": 3292.51331147541,
            "dur_std": 677.9394031369375
        },
        "62": {
            "dur_mean": 3340.2842339979015,
            "dur_std": 689.7117806922511
        },
        "63": {
            "dur_mean": 3411.361049180328,
            "dur_std": 706.7039794450235
        },
        "64": {
            "dur_mean": 3460.4027540983607,
            "dur_std": 715.5785752036043
        },
        "65": {
            "dur_mean": 3493.5256393442623,
            "dur_std": 722.1782168325622
        },
        "66": {
            "dur_mean": 3520.158950819672,
            "dur_std": 725.2146899037583
        },
        "67": {
            "dur_mean": 3554.396773347324,
            "dur_std": 728.3563534889133
        },
        "68": {
            "dur_mean": 3640.6299842602307,
            "dur_std": 742.6669981411459
        },
        "69": {
            "dur_mean": 3669.5958814270725,
            "dur_std": 746.5096209575395
        },
        "70": {
            "dur_mean": 3750.3542759706193,