{
    "rows": {
        "start": 390388,
        "route_filter": 0,
        "nan_filter": -10471,
        "negative_dur": -26,
        "outliers": -4614,
        "end": 375277
    },
    "scr": 0.9700779036827195,
    "stats": {
        "1": {
            "dur_mean": 0.0,
            "dur_std": 0.0
        },
        "2": {
            "dur_mean": 76.94898238568952,
            "dur_std": 118.21794036432297
        },
        "3": {
            "dur_mean": 132.4547822182308,
            "dur_std": 119.12880157813814
        },
        "4": {
            "dur_mean": 168.77459493330946,
            "dur_std": 123.49329516522236
        },
        "5": {
            "dur_mean": 295.53572704537333,
            "dur_std": 142.4015956538703
        },
        "6": {
            "dur_mean": 416.3368731036945,
            "dur_std": 174.51574340068254
        },
        "7": {
            "dur_mean": 491.957448706512,
            "dur_std": 203.60328635852147
        },
        "8": {
            "dur_mean": 566.9559282719243,
            "dur_std": 239.53128082938954
        },
        "9": {
            "dur_mean": 622.8024801498796,
            "dur_std": 254.8894927678856
        },
        "10": {
            "dur_mean": 661.3999643048367,
            "dur_std": 262.61382315569097
        },
        "11": {
            "dur_mean": 712.6747568483984,
            "dur_std": 274.53390245805696
        },
        "12": {
            "dur_mean": 983.1091671873605,
            "dur_std": 313.2335611581092
        },
        "13": {
            "dur_mean": 1139.3508646178657,
            "dur_std": 329.60054160507394
        },
        "14": {
            "dur_mean": 1186.2106063316044,
            "dur_std": 338.57884712912664
        },
        "15": {
            "dur_mean": 1211.233342277077,
            "dur_std": 342.3314975615289
        },
        "16": {
            "dur_mean": 1262.5652951699462,
            "dur_std": 351.58018142049036
        },
        "17": {
            "dur_mean": 1307.806711409396,
            "dur_std": 356.8425626331459
        },
        "18": {
            "dur_mean": 1353.6666666666667,
            "dur_std": 365.2570547806851
        },
        "19": {
            "dur_mean": 1420.6747851002865,
            "dur_std": 373.6974940163129
        },
        "20": {
            "dur_mean": 1573.158708869814,
            "dur_std": 421.39287175326064
        },
        "21": {
            "dur_mean": 1687.708664937852,
            "dur_std": 451.3610216338224
        },
        "22": {
            "dur_mean": 1757.7785433070867,
            "dur_std": 465.83379230015225
        },
        "23": {
            "dur_mean": 1804.563019948117,
            "dur_std": 477.5528340213714
        },
        "24": {
            "dur_mean": 1912.10434393193,
            "dur_std": 501.77823000119076
        },
        "25": {
            "dur_mean": 1943.1947877485222,
            "dur_std": 507.97905173622513
        },
        "26": {
            "dur_mean": 2071.4105131414267,
            "dur_std": 547.9053064607883
        },
        "27": {
            "dur_mean": 2170.9203286888173,
            "dur_std": 560.3686234065423
        },
        "28": {
            "dur_mean": 2254.7798517460033,
            "dur_std": 573.8179459047843
        },
        "29": {
            "dur_mean": 2399.404572653389,
            "dur_std": 619.5757546029731
        },
        "30": {
            "dur_mean": 2490.5951764180436,
            "dur_std": 642.214661303722
        },
        "31": {
            "dur_mean": 2568.7534185360623,
            "dur_std": 658.7812203931328
        },
        "32": {
            "dur_mean": 2630.467439144885,
            "dur_std": 671.1653151759609
        },
        "33": {
            "dur_mean": 2758.538704724054,
            "dur_std": 693.5256836036996
        },
        "34": {
            "dur_mean": 2933.6408979813523,
            "dur_std": 708.098682913622
        }
    },
    "feature_eval": {
        "f_values": {
            "weather_main_Clouds": 25.383241293344867,
            "weather_main_Drizzle": 24.561039972157694,
            "weather_main_Fog": 5.946219160431514,
            "weather_main_Mist": 6.811461343430965,
            "weather_main_Rain": 11.704952744589704,
            "weather_main_Smoke": 32.24222419665651,
            "weather_main_Snow": 31.3141258884796,
            "weather_description_broken clouds": 29.923432389493772,
            "weather_description_drizzle": 1.7633630293212825,
            "weather_description_few clouds": 13.244203872072386,
            "weather_description_fog": 5.946219160431514,
            "weather_description_heavy intensity rain": 1.6119701235895254,
            "weather_description_light intensity drizzle": 2.121907530902878,
            "weather_description_light intensity drizzle rain": 35.775737755418795,
            "weather_description_light intensity shower rain": 27.00140905386109,
            "weather_description_light rain": 10.835538242098327,
            "weather_description_light shower snow": 17.15381284116355,
            "weather_description_light snow": 35.46843579053921,
            "weather_description_mist": 6.811461343430965,
            "weather_description_moderate rain": 0.24219943875163039,
            "weather_description_overcast clouds": 40.167979834249174,
            "weather_description_proximity shower rain": 60.994671127912184,
            "weather_description_scattered clouds": 14.756637172990445,
            "weather_description_shower rain": NaN,
            "weather_description_sky is clear": 114.34181159503213,
            "weather_description_smoke": 32.24222419665651,
            "weekday_1": 77.51660273849625,
            "weekday_2": 164.31035083991432,
            "weekday_3": 573.877501826637,
            "weekday_4": 414.4133786262921,
            "weekday_5": 572.0362403244891,
            "weekday_6": 1747.5345175228363,
            "month_2": 4.159029634465269,
            "month_3": 3.3087021239459444,
            "month_4": 0.03652702054195257,
            "month_5": 38.22808773024064,
            "month_6": 23.51210444108931,
            "month_7": 80.3018601538484,
            "month_8": 65.10378379856736,
            "month_9": 5.208697715699002,
            "month_10": 48.144875917826155,
            "month_11": 64.72780803766116,
            "month_12": 62.235485811617444,
            "hour_1": 0.0873859151819926,
            "hour_6": 987.7217484469923,
            "hour_7": 2159.0825329513664,
            "hour_8": 901.1572667976801,
            "hour_9": 29.21752438724848,
            "hour_10": 65.54677937692111,
            "hour_11": 186.96003315802696,
            "hour_12": 277.81565700212843,
            "hour_13": 1052.129351715675,
            "hour_14": 1577.3365688671554,
            "hour_15": 24.296506127867502,
            "hour_16": 1577.126990702034,
            "hour_17": 3902.595144258321,
            "hour_18": 683.6447320492732,
            "hour_19": 107.66609345727653,
            "hour_20": 404.98388039612263,
            "hour_21": 1431.983774064364,
            "hour_22": 3189.3928028545324,
            "hour_23": 5660.7230403369895,
            "holiday_1": 405.68982281680405
        },
        "correlations": {
            "daystamp": 0.015433157452730635,
            "progr_number": 0.9021630587050812,
            "arr_p": -0.08841443466272744,
            "arr_a": -0.07935492006404242,
            "dep_p": -0.08841443466272744,
            "dep_a": -0.0792471198571461,
            "end_p": -0.12571785343392491,
            "start_p": -0.13125747732989987,
            "start_a": -0.13160222150139375,
            "temp": 0.034037488835227676,
            "feels_like": 0.012064587199652865,
            "temp_min": 0.03190895329104406,
            "temp_max": 0.025417911754260197,
            "pressure": -0.009498452662128396,