{
    "rows": {
        "start": 396078,
        "route_filter": 0,
        "nan_filter": -27768,
        "negative_dur": -11,
        "outliers": -2017,
        "end": 366282
    },
    "scr": 0.9155208137125636,
    "stats": {
        "1": {
            "dur_mean": 0.0,
            "dur_std": 0.0
        },
        "2": {
            "dur_mean": 139.74664270853035,
            "dur_std": 71.88730464926165
        },
        "3": {
            "dur_mean": 247.5298521607278,
            "dur_std": 86.39146828530409
        },
        "4": {
            "dur_mean": 270.2276561463368,
            "dur_std": 88.97081963186326
        },
        "5": {
            "dur_mean": 393.14295193857237,
            "dur_std": 111.98045601039937
        },
        "6": {
            "dur_mean": 475.5021000381825,
            "dur_std": 132.05207656972686
        },
        "7": {
            "dur_mean": 556.0038792695619,
            "dur_std": 150.93423264870248
        },
        "8": {
            "dur_mean": 675.8757928618763,
            "dur_std": 182.5101395943434
        },
        "9": {
            "dur_mean": 771.8241924789239,
            "dur_std": 190.42516442336373
        },
        "10": {
            "dur_mean": 913.9487763232784,
            "dur_std": 217.86599400159466
        },
        "11": {
            "dur_mean": 989.6744517231558,
            "dur_std": 232.1734958143487
        },
        "12": {
            "dur_mean": 1038.3875071198026,
            "dur_std": 242.96973914838438
        },
        "13": {
            "dur_mean": 1207.7414087715968,
            "dur_std": 281.3572166762713
        },
        "14": {
            "dur_mean": 1252.2514953004843,
            "dur_std": 292.66496654420956
        },
        "15": {
            "dur_mean": 1343.991187340093,
            "dur_std": 318.82764751385855
        },
        "16": {
            "dur_mean": 1405.9030331753554,
            "dur_std": 338.83572155797
        },
        "17": {
            "dur_mean": 1496.2128830281756,
            "dur_std": 345.907591268809
        },
        "18": {
            "dur_mean": 1530.6583538782477,
            "dur_std": 354.8184581856324
        },
        "19": {
            "dur_mean": 1599.138343296328,
            "dur_std": 362.94254422114756
        },
        "20": {
            "dur_mean": 1659.9757069652685,
            "dur_std": 373.3052718898868
        },
        "21": {
            "dur_mean": 1722.9060542797495,
            "dur_std": 381.4845766278985
        },
        "22": {
            "dur_mean": 1772.79277998863,
            "dur_std": 390.37969424272444
        },
        "23": {
            "dur_mean": 1965.4596819988642,
            "dur_std": 420.0643583445269
        },
        "24": {
            "dur_mean": 2073.877035213934,
            "dur_std": 431.8046242015552
        },
        "25": {
            "dur_mean": 2100.6164474306806,
            "dur_std": 435.85718591035635
        },
        "26": {
            "dur_mean": 2177.520151371807,
            "dur_std": 448.71091971327866
        },
        "27": {
            "dur_mean": 2197.2381267738883,
            "dur_std": 452.85899143242705
        },
        "28": {
            "dur_mean": 2233.133762179548,
            "dur_std": 457.41434039033834
        },
        "29": {
            "dur_mean": 2277.7092044272067,
            "dur_std": 465.3998846267957
        },
        "30": {
            "dur_mean": 2330.786680541103,
            "dur_std": 472.42700786885445
        },
        "31": {
            "dur_mean": 2406.0922509225093,
            "dur_std": 486.3858797120702
        },
        "32": {
            "dur_mean": 2508.074834437086,
            "dur_std": 511.7706638674234
        },
        "33": {
            "dur_mean": 2601.0352683252313,
            "dur_std": 538.1881591570783
        },
        "34": {
            "dur_mean": 2639.763473053892,
            "dur_std": 539.9892867479149
        },
        "35": {
            "dur_mean": 2750.09186297706,
            "dur_std": 542.6811549168526
        }
    },
    "feature_eval": {
        "f_values": {
            "weather_main_Clouds": 45.37402138804225,
            "weather_main_Drizzle": 10.829020787223342,
            "weather_main_Fog": 10.067593367793073,
            "weather_main_Mist": 5.07213591420142,
            "weather_main_Rain": 0.9947859538453789,
            "weather_main_Smoke": 10.965395484829635,
            "weather_main_Snow": 24.388506376025926,
            "weather_description_broken clouds": 27.865068080034835,
            "weather_description_drizzle": 8.286710608693959,
            "weather_description_few clouds": 11.500663147487003,
            "weather_description_fog": 10.067593367793073,
            "weather_description_heavy intensity rain": 4.382171991114294,
            "weather_description_light intensity drizzle": 1.221396988190652,
            "weather_description_light intensity drizzle rain": 11.734475406250006,
            "weather_description_light intensity shower rain": 40.184909941316256,
            "weather_description_light rain": 43.48742190861805,
            "weather_description_light shower snow": 7.220983137663946,
            "weather_description_light snow": 15.650636740022154,
            "weather_description_mist": 5.07213591420142,
            "weather_description_moderate rain": 3.7900975510015575,
            "weather_description_overcast clouds": 36.21210987872472,
            "weather_description_proximity shower rain": 57.73548607476409,
            "weather_description_rain and drizzle": 2.888245293231247,
            "weather_description_scattered clouds": 30.949010976553804,
            "weather_description_sky is clear": 98.27380284665131,
            "weather_description_smoke": 10.965395484829635,
            "weekday_1": 90.40368309476862,
            "weekday_2": 190.90348533120596,
            "weekday_3": 556.4182492399023,
            "weekday_4": 203.6647357014693,
            "weekday_5": 729.6165479490345,
            "weekday_6": 1436.676326237673,
            "month_2": 0.14440773327673354,
            "month_3": 0.0016968783312089426,
            "month_4": 5.149268437064548,
            "month_5": 15.896181206588142,
            "month_6": 1.0254591500145431,
            "month_7": 47.65743157890776,
            "month_8": 43.928155565325085,
            "month_9": 0.22203403913169587,
            "month_10": 31.004651425013854,
            "month_11": 64.7184966470079,
            "month_12": 24.913914428639853,
            "hour_6": 1110.5968345038004,
            "hour_7": 2070.9385976181165,
            "hour_8": 8.271554028054064,
            "hour_9": 265.0766277964697,
            "hour_10": 234.50074300659358,
            "hour_11": 42.52406311513186,
            "hour_12": 420.542213094876,
            "hour_13": 997.4546929140012,
            "hour_14": 1133.8061467563684,
            "hour_15": 1624.838763958751,
            "hour_16": 231.66396505604982,
            "hour_17": 1521.4121114290072,
            "hour_18": 1430.5992726161026,
            "hour_19": 215.1973553712892,
            "hour_20": 621.2723500561901,
            "hour_21": 2074.475247320922,
            "hour_22": 3172.108395169028,
            "hour_23": 1629.1887610270883,
            "holiday_1": 425.33506416117314
        },
        "correlations": {
            "daystamp": 0.01535087581568603,
            "progr_number": 0.915849401881991,
            "arr_p": -0.06640685449024594,
            "arr_a": -0.05917894867663344,
            "dep_p": -0.06640685449024594,
            "dep_a": -0.059231247591021226,
            "end_p": -0.1038231088821086,
            "start_p": -0.10881849791909584,
            "start_a": -0.10738911087653812,
            "temp": 0.0406309398301244,
            "feels_like": 0.017560753521177246,
            "temp_min": 0.037680761408720884,