{
    "rows": {
        "start": 27788,
        "route_filter": 0,
        "nan_filter": -5219,
        "negative_dur": 0,
        "outliers": -135,
        "end": 22434
    },
    "scr": 0.8291457286432161,
    "stats": {
        "1": {
            "dur_mean": 0.0,
            "dur_std": 0.0
        },
        "2": {
            "dur_mean": 172.43772241992883,
            "dur_std": 122.30692755578777
        },
        "3": {
            "dur_mean": 246.4348623853211,
            "dur_std": 167.94286240379472
        },
        "4": {
            "dur_mean": 595.407917383821,
            "dur_std": 271.92619537350646
        },
        "5": {
            "dur_mean": 647.0588235294117,
            "dur_std": 280.4815392149088
        },
        "6": {
            "dur_mean": 703.6767169179229,
            "dur_std": 282.5563274793174
        },
        "7": {
            "dur_mean": 806.2698145025295,
            "dur_std": 285.992040706436
        },
        "8": {
            "dur_mean": 1438.1465677179963,
            "dur_std": 405.1595431797792
        },
        "9": {
            "dur_mean": 1487.469670710572,
            "dur_std": 420.810242186703
        },
        "10": {
            "dur_mean": 1603.0191304347827,
            "dur_std": 440.6850400358942
        },
        "11": {
            "dur_mean": 1642.4542124542124,
            "dur_std": 453.71426435529924
        },
        "12": {
            "dur_mean": 1680.8491295938104,
            "dur_std": 454.28589125401857
        },
        "13": {
            "dur_mean": 1731.8194174757282,
            "dur_std": 463.9928765676221
        },
        "14": {
            "dur_mean": 1866.3514563106796,
            "dur_std": 491.55152479671574
        },
        "15": {
            "dur_mean": 1992.4892787524366,
            "dur_std": 527.914891990756
        },
        "16": {
            "dur_mean": 2086.366471734893,
            "dur_std": 571.1219685287547
        },
        "17": {
            "dur_mean": 2187.41910331384,
            "dur_std": 619.7164121041378
        },
        "18": {
            "dur_mean": 2250.8460038986354,
            "dur_std": 639.2677189357037
        },
        "19": {
            "dur_mean": 2296.820662768031,
            "dur_std": 640.2884596221777
        },
        "20": {
            "dur_mean": 2349.8070175438597,
            "dur_std": 648.6842601186327
        },
        "21": {
            "dur_mean": 2603.267578125,
            "dur_std": 680.861429648621
        },
        "22": {
            "dur_mean": 2755.592156862745,
            "dur_std": 694.9691674813778
        },
        "23": {
            "dur_mean": 2805.522593320236,
            "dur_std": 699.1557211534551
        },
        "24": {
            "dur_mean": 2835.1434184675836,
            "dur_std": 697.6095693727382
        },
        "25": {
            "dur_mean": 2894.630648330059,
            "dur_std": 701.8733237012201
        },
        "26": {
            "dur_mean": 2938.1005917159764,
            "dur_std": 693.118581003038
        },
        "27": {
            "dur_mean": 2987.74358974359,
            "dur_std": 695.7306630210578
        },
        "28": {
            "dur_mean": 3065.9426877470355,
            "dur_std": 704.121886019862
        },
        "29": {
            "dur_mean": 3264.147928994083,
            "dur_std": 758.9289570626701
        },
        "30": {
            "dur_mean": 3389.6785009861933,
            "dur_std": 781.464423659817
        },
        "31": {
            "dur_mean": 3461.3510848126234,
            "dur_std": 791.3708468267698
        },
        "32": {
            "dur_mean": 3509.641025641026,
            "dur_std": 796.7419311639342
        },
        "33": {
            "dur_mean": 3615.4477317554242,
            "dur_std": 808.6650241444162
        },
        "34": {
            "dur_mean": 3649.165680473373,
            "dur_std": 809.5762470382015
        },
        "35": {
            "dur_mean": 3788.2899408284025,
            "dur_std": 822.2275205866533
        },
        "36": {
            "dur_mean": 3902.465483234714,
            "dur_std": 830.7852090218979
        },
        "37": {
            "dur_mean": 3986.5960396039604,
            "dur_std": 841.8089526030813
        },
        "38": {
            "dur_mean": 4160.09702970297,
            "dur_std": 849.603654379388
        },
        "39": {
            "dur_mean": 4260.152475247524,
            "dur_std": 857.064697298847
        },
        "40": {
            "dur_mean": 4349.914851485149,
            "dur_std": 864.6125650119913
        },
        "41": {
            "dur_mean": 4413.089641434263,
            "dur_std": 865.5476719323414
        },
        "42": {
            "dur_mean": 4537.471057884231,
            "dur_std": 881.1712987045587
        },
        "43": {
            "dur_mean": 4852.383838383838,
            "dur_std": 797.0193068218457
        }
    },
    "feature_eval": {
        "f_values": {
            "weather_main_Clouds": 14.313391351329704,
            "weather_main_Drizzle": 2.343655019186392,
            "weather_main_Fog": 0.4522583225769068,
            "weather_main_Mist": 4.652134019193879,
            "weather_main_Rain": 2.621737994155438,
            "weather_main_Snow": 5.194513832188258,
            "weather_description_broken clouds": 0.054372806101977464,
            "weather_description_few clouds": 0.5031877279919129,
            "weather_description_fog": 0.4522583225769068,
            "weather_description_heavy intensity rain": 9.606686853419026,
            "weather_description_light intensity drizzle": 1.1445986813992906,
            "weather_description_light intensity drizzle rain": 1.1445798651211823,
            "weather_description_light intensity shower rain": 1.458620008762282,
            "weather_description_light rain": 6.194224579471825,
            "weather_description_light shower snow": 9.950827915614429,
            "weather_description_mist": 4.652134019193879,
            "weather_description_moderate rain": 0.5081389129717881,
            "weather_description_overcast clouds": 2.666722210279784,
            "weather_description_proximity shower rain": 9.487216082815534,
            "weather_description_scattered clouds": 16.094372218527045,
            "weather_description_sky is clear": 15.065142250126632,
            "weekday_1": 0.5629350819201717,
            "weekday_2": 24.65074750339955,
            "weekday_3": 0.5397512839882248,
            "weekday_4": 22.086119064149898,
            "month_2": 3.1464833605521423,
            "month_3": 0.36990113304717026,
            "month_4": 4.410706269038937,
            "month_5": 2.7305779147885505,
            "month_6": 14.863669022662798,
            "month_7": 40.87723262400309,
            "month_8": 69.3931185581109,
            "month_9": 4.63481780411585,
            "month_10": 29.51401840583866,
            "month_11": 25.381725682720766,
            "month_12": 22.454486997536378,
            "hour_7": 16.363901841720036,
            "hour_8": 1326.199466971191,
            "hour_9": 5069.575979068328,
            "hour_17": 467.76263818812726,
            "hour_18": 3203.798064831861,
            "holiday_1": 18.880708064521833
        },
        "correlations": {
            "daystamp": 0.03311084614763096,
            "progr_number": 0.8974032730853521,
            "arr_p": 0.19738706317669635,
            "arr_a": 0.2068856149418113,
            "dep_p": 0.19738706317669635,
            "dep_a": 0.20692565442354158,
            "end_p": 0.12749617478863517,
            "start_p": 0.12049597063637096,
            "start_a": 0.11834012090888629,
            "temp": -0.0017556442066400195,
            "feels_like": -0.025164736624800822,
            "temp_min": 0.0005373420164101593,
            "temp_max": -0.013678025752983988,
            "pressure": 0.00146221629717581,