{
    "rows": {
        "start": 15523,
        "route_filter": -2785,
        "nan_filter": -1126,
        "negative_dur": 0,
        "outliers": -87,
        "end": 11525
    },
    "scr": 0.5303867403314917,
    "stats": {
        "1": {
            "dur_mean": 0.0,
            "dur_std": 0.0
        },
        "2": {
            "dur_mean": 83.94318181818181,
            "dur_std": 74.2314308408192
        },
        "3": {
            "dur_mean": 142.11602209944752,
            "dur_std": 80.71164598384628
        },
        "4": {
            "dur_mean": 218.3038674033149,
            "dur_std": 83.09794379368165
        },
        "5": {
            "dur_mean": 238.64088397790056,
            "dur_std": 84.32337416354585
        },
        "6": {
            "dur_mean": 305.52222222222224,
            "dur_std": 87.70407681519832
        },
        "7": {
            "dur_mean": 342.64088397790056,
            "dur_std": 88.7963230425726
        },
        "8": {
            "dur_mean": 369.3370165745856,
            "dur_std": 89.71759526390915
        },
        "9": {
            "dur_mean": 452.58011049723757,
            "dur_std": 94.65311195206392
        },
        "10": {
            "dur_mean": 477.0055248618784,
            "dur_std": 96.86683283064258
        },
        "11": {
            "dur_mean": 528.5444444444445,
            "dur_std": 100.76596715439763
        },
        "12": {
            "dur_mean": 569.8611111111111,
            "dur_std": 98.88855890626286
        },
        "13": {
            "dur_mean": 637.9722222222222,
            "dur_std": 112.6764503536914
        },
        "14": {
            "dur_mean": 712.3444444444444,
            "dur_std": 103.68427161944034
        },
        "15": {
            "dur_mean": 746.8397790055249,
            "dur_std": 105.63864911393726
        },
        "16": {
            "dur_mean": 778.1436464088398,
            "dur_std": 107.06426588200219
        },
        "17": {
            "dur_mean": 822.5966850828729,
            "dur_std": 111.52831125401522
        },
        "18": {
            "dur_mean": 894.9889502762431,
            "dur_std": 118.7726113654096
        },
        "19": {
            "dur_mean": 973.8555555555556,
            "dur_std": 122.84236718521542
        },
        "20": {
            "dur_mean": 1069.0220994475137,
            "dur_std": 137.75723234900127
        },
        "21": {
            "dur_mean": 1240.0552486187846,
            "dur_std": 186.98507735339336
        },
        "22": {
            "dur_mean": 1388.4611111111112,
            "dur_std": 147.97321076770547
        },
        "23": {
            "dur_mean": 1437.4166666666667,
            "dur_std": 146.7509909743553
        },
        "24": {
            "dur_mean": 1481.5277777777778,
            "dur_std": 149.1626696508899
        },
        "25": {
            "dur_mean": 1603.8111111111111,
            "dur_std": 211.94902383042285
        },
        "26": {
            "dur_mean": 1720.3812154696132,
            "dur_std": 221.54350834458123
        },
        "27": {
            "dur_mean": 1796.6187845303868,
            "dur_std": 234.24316302287005
        },
        "28": {
            "dur_mean": 1867.2983425414366,
            "dur_std": 232.64954437358688
        },
        "29": {
            "dur_mean": 1915.2707182320441,
            "dur_std": 233.94593077611648
        },
        "30": {
            "dur_mean": 1959.4309392265193,
            "dur_std": 236.69138822455815
        },
        "31": {
            "dur_mean": 2003.5469613259668,
            "dur_std": 236.66564378685914
        },
        "32": {
            "dur_mean": 2043.8563535911603,
            "dur_std": 240.77190987407067
        },
        "33": {
            "dur_mean": 2115.7845303867402,
            "dur_std": 262.5028528594719
        },
        "34": {
            "dur_mean": 2196.491712707182,
            "dur_std": 258.7264883313507
        },
        "35": {
            "dur_mean": 2251.160220994475,
            "dur_std": 265.12464944281044
        },
        "36": {
            "dur_mean": 2478.491712707182,
            "dur_std": 389.3823972906687
        },
        "37": {
            "dur_mean": 2893.6685082872928,
            "dur_std": 432.9410667522084
        },
        "38": {
            "dur_mean": 3137.574585635359,
            "dur_std": 389.4179149212744
        },
        "39": {
            "dur_mean": 3228.486187845304,
            "dur_std": 393.74199967512294
        },
        "40": {
            "dur_mean": 3300.1215469613257,
            "dur_std": 393.53939041845223
        },
        "41": {
            "dur_mean": 3352.266666666667,
            "dur_std": 397.53072471819337
        },
        "42": {
            "dur_mean": 3404.011111111111,
            "dur_std": 406.5376904182466
        },
        "43": {
            "dur_mean": 3534.0777777777776,
            "dur_std": 523.3459440533053
        },
        "44": {
            "dur_mean": 3675.787709497207,
            "dur_std": 532.8310540946778
        },
        "45": {
            "dur_mean": 3862.2793296089385,
            "dur_std": 555.4233228844846
        },
        "46": {
            "dur_mean": 4092.6927374301677,
            "dur_std": 611.4642129438187
        },
        "47": {
            "dur_mean": 4288.212290502794,
            "dur_std": 604.5202849402779
        },
        "48": {
            "dur_mean": 4447.0,
            "dur_std": 619.5480864797132
        },
        "49": {
            "dur_mean": 4597.08938547486,
            "dur_std": 612.4355071289684
        },
        "50": {
            "dur_mean": 4767.122905027933,
            "dur_std": 648.4349407997231
        },
        "51": {
            "dur_mean": 4909.167597765363,
            "dur_std": 614.6897955773248
        },
        "52": {
            "dur_mean": 4974.167597765363,
            "dur_std": 626.1013979518258
        },
        "53": {
            "dur_mean": 5060.469273743017,
            "dur_std": 631.0763169940842
        },
        "54": {
            "dur_mean": 5114.715083798883,
            "dur_std": 627.0040072505753
        },
        "55": {
            "dur_mean": 5156.1292134831465,
            "dur_std": 628.7567322957963
        },
        "56": {
            "dur_mean": 5212.039325842697,
            "dur_std": 637.4175950937786
        },
        "57": {
            "dur_mean": 5274.808988764045,
            "dur_std": 638.1158773397634
        },
        "58": {
            "dur_mean": 5314.252808988764,
            "dur_std": 642.6189600509183
        },
        "59": {
            "dur_mean": 5365.709497206704,
            "dur_std": 646.0970067260083
        },
        "60": {
            "dur_mean": 5425.8379888268155,
            "dur_std": 643.9512608993867
        },
        "61": {
            "dur_mean": 5464.418994413408,
            "dur_std": 640.3863544829574
        },
        "62": {
            "dur_mean": 5489.022346368715,
            "dur_std": 641.6235635095109
        },
        "63": {
            "dur_mean": 5540.698324022346,
            "dur_std": 654.0119647631495
        },
        "64": {
            "dur_mean": 5686.039772727273,
            "dur_std": 689.1131722172902
        },
        "65": {
            "dur_mean": 5668.4,
            "dur_std": 609.8154307448017
        }
    },
    "feature_eval": {
        "f_values": {
            "weather_main_Clouds": 5.94466623005651,
            "weather_main_Drizzle": 0.6818721874430708,
            "weather_main_Fog": 7.125265369200021,
            "weather_main_Mist": 8.86310459311001,
            "weather_main_Rain": 2.550777593158013,
            "weather_main_Snow": 9.805017116548763,
            "weather_description_broken clouds": 0.14806247057004046,
            "weather_description_few clouds": 7.110442182232626,
            "weather_description_fog": 7.125265369200021,