{
    "rows": {
        "start": 359179,
        "route_filter": 0,
        "nan_filter": -3019,
        "negative_dur": -121,
        "outliers": -3030,
        "end": 353009
    },
    "scr": 0.9214456127949103,
    "stats": {
        "1": {
            "dur_mean": 0.0,
            "dur_std": 0.0
        },
        "2": {
            "dur_mean": 141.5615234375,
            "dur_std": 104.98731816899101
        },
        "3": {
            "dur_mean": 191.4998224431818,
            "dur_std": 120.4131099831536
        },
        "4": {
            "dur_mean": 274.6238002132954,
            "dur_std": 123.72615653916817
        },
        "5": {
            "dur_mean": 360.62192951228195,
            "dur_std": 130.07583627486346
        },
        "6": {
            "dur_mean": 468.42048997772827,
            "dur_std": 144.97217802960185
        },
        "7": {
            "dur_mean": 502.212993494341,
            "dur_std": 149.9356376906184
        },
        "8": {
            "dur_mean": 694.8634255129349,
            "dur_std": 200.7964563202497
        },
        "9": {
            "dur_mean": 740.7631391412792,
            "dur_std": 208.95444014604297
        },
        "10": {
            "dur_mean": 822.190700988688,
            "dur_std": 224.27625719846574
        },
        "11": {
            "dur_mean": 888.6304057066429,
            "dur_std": 231.8616566130605
        },
        "12": {
            "dur_mean": 946.966139088729,
            "dur_std": 239.77936324842761
        },
        "13": {
            "dur_mean": 987.3833794519326,
            "dur_std": 241.3329759553265
        },
        "14": {
            "dur_mean": 1049.4250607615447,
            "dur_std": 246.64505236594024
        },
        "15": {
            "dur_mean": 1106.9912596864299,
            "dur_std": 252.1809488780584
        },
        "16": {
            "dur_mean": 1147.4195438564861,
            "dur_std": 258.85193409896226
        },
        "17": {
            "dur_mean": 1207.644742769619,
            "dur_std": 267.4731954308505
        },
        "18": {
            "dur_mean": 1273.2415315315316,
            "dur_std": 284.56017839913767
        },
        "19": {
            "dur_mean": 1291.9305405405405,
            "dur_std": 288.6111820458559
        },
        "20": {
            "dur_mean": 1317.0080093592512,
            "dur_std": 295.5051765349274
        },
        "21": {
            "dur_mean": 1422.5092320042816,
            "dur_std": 321.71766088745346
        },
        "22": {
            "dur_mean": 1556.4514839168296,
            "dur_std": 373.03222379607405
        },
        "23": {
            "dur_mean": 1631.3128712871287,
            "dur_std": 382.10556681045904
        },
        "24": {
            "dur_mean": 1670.8620689655172,
            "dur_std": 387.84628098821656
        },
        "25": {
            "dur_mean": 1706.1109906001445,
            "dur_std": 391.9233564811723
        },
        "26": {
            "dur_mean": 1749.3813444313762,
            "dur_std": 397.92064603216505
        },
        "27": {
            "dur_mean": 1795.6418423672067,
            "dur_std": 402.8938418741326
        },
        "28": {
            "dur_mean": 1849.3412382331644,
            "dur_std": 408.21564299079705
        },
        "29": {
            "dur_mean": 1899.7790550325851,
            "dur_std": 410.56106460308877
        },
        "30": {
            "dur_mean": 1941.1798495968108,
            "dur_std": 415.13925116930665
        },
        "31": {
            "dur_mean": 1975.4162731565564,
            "dur_std": 419.18131107680205
        },
        "32": {
            "dur_mean": 2031.3858445427463,
            "dur_std": 444.03556436561485
        }
    },
    "feature_eval": {
        "f_values": {
            "weather_main_Clouds": 13.7764290771768,
            "weather_main_Drizzle": 46.484543972061694,
            "weather_main_Fog": 38.21056944093275,
            "weather_main_Mist": 3.903132193278639,
            "weather_main_Rain": 17.380695290039725,
            "weather_main_Smoke": 2.2493564391975185,
            "weather_main_Snow": 22.851972649488392,
            "weather_description_broken clouds": 4.233300718683126,
            "weather_description_drizzle": 0.0055399727541422545,
            "weather_description_few clouds": 6.832831786386337,
            "weather_description_fog": 38.21056944093275,
            "weather_description_heavy intensity rain": 2.054449317355508,
            "weather_description_light intensity drizzle": 9.926000065276519,
            "weather_description_light intensity drizzle rain": 44.80175529976671,
            "weather_description_light intensity shower rain": 35.369244330151105,
            "weather_description_light rain": 7.504472275936625,
            "weather_description_light shower snow": 10.265573091656472,
            "weather_description_light snow": 33.82065925354424,
            "weather_description_mist": 3.903132193278639,
            "weather_description_moderate rain": 1.136727384400853,
            "weather_description_overcast clouds": 32.188118156070935,
            "weather_description_proximity shower rain": 44.620144651338265,
            "weather_description_scattered clouds": 34.05027451762704,
            "weather_description_sky is clear": 5.823700762284543,
            "weather_description_smoke": 2.2493564391975185,
            "weekday_1": 226.19948247400023,
            "weekday_2": 242.20929925140283,
            "weekday_3": 508.19116813290515,
            "weekday_4": 377.6439284798594,
            "weekday_5": 1378.0818464159163,
            "weekday_6": 950.501912685901,
            "month_2": 2.52054187972138,
            "month_3": 30.30403886090438,
            "month_4": 2.35710228845026,
            "month_5": 86.06220468492066,
            "month_6": 4.148193892206444,
            "month_7": 0.4423045124503704,
            "month_8": 0.17809303439007232,
            "month_9": 24.512530551092336,
            "month_10": 14.737894572957186,
            "month_11": 15.041254451563411,
            "month_12": 32.09096977222266,
            "hour_6": 1715.899692770423,
            "hour_7": 332.76399313327084,
            "hour_8": 342.2848419666553,
            "hour_9": 0.28627029907948487,
            "hour_10": 272.61894081992807,
            "hour_11": 23.632144132624664,
            "hour_12": 11.91054969262279,
            "hour_13": 130.24389979478818,
            "hour_14": 806.5359170061599,
            "hour_15": 67.94575991322017,
            "hour_16": 1666.4255343979944,
            "hour_17": 2261.2061425254074,
            "hour_18": 354.2947671671391,
            "hour_19": 12.038055409772939,
            "hour_20": 18.265866030297882,
            "hour_21": 268.8467757413077,
            "hour_22": 1180.5600238147017,
            "hour_23": 2321.4257634282767,
            "holiday_1": 332.79266029457847
        },
        "correlations": {
            "daystamp": 0.013633006763500736,
            "progr_number": 0.9132261204112664,
            "arr_p": 0.005368034428286901,
            "arr_a": 0.010852750678849178,
            "dep_p": 0.005368034428286901,
            "dep_a": 0.010964739466907358,
            "end_p": -0.02429836862924808,
            "start_p": -0.02820224348073536,
            "start_a": -0.027536310207125745,
            "temp": 0.056660402335126626,
            "feels_like": 0.038090986657307244,
            "temp_min": 0.05483930203343217,
            "temp_max": 0.052234671651105104,
            "pressure": -0.0020792460778746268,
            "humidity": -0.08897873363446947,
            "wind_speed": 0.02857547745468852,
            "wind_deg": 0.0025131060961616305,
            "clouds_all": -0.0025273149032265236,
            "dt": 0.013643054667958242,
            "dur_s": 0.9578594691754727
        }
    },