{
    "rows": {
        "start": 266199,
        "route_filter": 0,
        "nan_filter": -4302,
        "negative_dur": 0,
        "outliers": -2018,
        "end": 259879
    },
    "scr": 0.9464221069144443,
    "stats": {
        "1": {
            "dur_mean": 0.0,
            "dur_std": 0.0
        },
        "2": {
            "dur_mean": 46.87925170068027,
            "dur_std": 31.266724551364117
        },
        "3": {
            "dur_mean": 98.38753189938024,
            "dur_std": 39.22310249918106
        },
        "4": {
            "dur_mean": 142.88441905687895,
            "dur_std": 46.6830253937691
        },
        "5": {
            "dur_mean": 179.66751980499694,
            "dur_std": 47.60569983218855
        },
        "6": {
            "dur_mean": 227.43889362739125,
            "dur_std": 62.876937539373394
        },
        "7": {
            "dur_mean": 270.1639843940502,
            "dur_std": 69.84244156108106
        },
        "8": {
            "dur_mean": 328.7499695084766,
            "dur_std": 69.57185084181
        },
        "9": {
            "dur_mean": 377.2711967793095,
            "dur_std": 76.72577993212721
        },
        "10": {
            "dur_mean": 414.97499390095146,
            "dur_std": 81.90678225937178
        },
        "11": {
            "dur_mean": 464.6050481648579,
            "dur_std": 88.94075155241295
        },
        "12": {
            "dur_mean": 608.9929517559849,
            "dur_std": 124.87577764868713
        },
        "13": {
            "dur_mean": 730.0641990291263,
            "dur_std": 151.43363087860314
        },
        "14": {
            "dur_mean": 833.6018732514293,
            "dur_std": 172.87559410701394
        },
        "15": {
            "dur_mean": 848.1977861574018,
            "dur_std": 178.09151273977136
        },
        "16": {
            "dur_mean": 899.4560439560439,
            "dur_std": 194.26785307729875
        },
        "17": {
            "dur_mean": 946.6946480938417,
            "dur_std": 202.16539967030133
        },
        "18": {
            "dur_mean": 983.5358103153263,
            "dur_std": 206.9974667221375
        },
        "19": {
            "dur_mean": 1033.4201588271228,
            "dur_std": 215.52956108181866
        },
        "20": {
            "dur_mean": 1091.2346041055719,
            "dur_std": 222.5582320051955
        },
        "21": {
            "dur_mean": 1145.8089942563852,
            "dur_std": 231.04612570782967
        },
        "22": {
            "dur_mean": 1182.417053505986,
            "dur_std": 236.23218654451082
        },
        "23": {
            "dur_mean": 1253.4326431181487,
            "dur_std": 255.92504299990676
        },
        "24": {
            "dur_mean": 1380.964507866813,
            "dur_std": 262.42613121402496
        },
        "25": {
            "dur_mean": 1409.9133609150645,
            "dur_std": 269.9793050527109
        },
        "26": {
            "dur_mean": 1598.554959785523,
            "dur_std": 303.99927288976534
        },
        "27": {
            "dur_mean": 1724.551412153075,
            "dur_std": 329.1098492523909
        },
        "28": {
            "dur_mean": 1820.2976670331013,
            "dur_std": 356.9234303822145
        },
        "29": {
            "dur_mean": 1980.5910257977748,
            "dur_std": 399.3321116074715
        },
        "30": {
            "dur_mean": 2140.3238236383845,
            "dur_std": 415.2497098237374
        },
        "31": {
            "dur_mean": 2327.8347571082495,
            "dur_std": 425.03498690999396
        },
        "32": {
            "dur_mean": 2564.158593065465,
            "dur_std": 507.68958585064064
        }
    },
    "feature_eval": {
        "f_values": {
            "weather_main_Clouds": 17.427854880839142,
            "weather_main_Drizzle": 0.053247893588832716,
            "weather_main_Fog": 2.9916956049174934,
            "weather_main_Mist": 0.9155386355454824,
            "weather_main_Rain": 0.6280384460775473,
            "weather_main_Smoke": 0.027099536582985684,
            "weather_main_Snow": 15.895541937761871,
            "weather_description_broken clouds": 17.53718806083396,
            "weather_description_drizzle": 13.64795231857784,
            "weather_description_few clouds": 2.3264457468448962,
            "weather_description_fog": 2.9916956049174934,
            "weather_description_heavy intensity rain": 7.958955174942842,
            "weather_description_light intensity drizzle": 0.22481865806533785,
            "weather_description_light intensity drizzle rain": 0.10010490526651387,
            "weather_description_light intensity shower rain": 0.009983208716738018,
            "weather_description_light rain": 1.8652431622862136,
            "weather_description_light shower snow": 5.586918881981809,
            "weather_description_light snow": 23.372597678334746,
            "weather_description_mist": 0.9155386355454824,
            "weather_description_moderate rain": 0.08142648960629226,
            "weather_description_overcast clouds": 13.875270783517244,
            "weather_description_proximity shower rain": 0.576149777477749,
            "weather_description_scattered clouds": 2.46423257519654,
            "weather_description_sky is clear": 57.515788143474495,
            "weather_description_smoke": 0.027099536582985684,
            "weekday_1": 2.87035906344614,
            "weekday_2": 24.885979699480732,
            "weekday_3": 106.92094346793766,
            "weekday_4": 151.0224842986753,
            "weekday_5": 377.8256799849911,
            "weekday_6": 278.38379067952826,
            "month_2": 2.7022930867585164,
            "month_3": 6.120413127259558,
            "month_4": 1.673355524794275,
            "month_5": 1.8060627183454026,
            "month_6": 0.022439458423843556,
            "month_7": 16.959570734012523,
            "month_8": 25.205061483760783,
            "month_9": 2.1621408574369547,
            "month_10": 18.62955777476677,
            "month_11": 39.196540184240085,
            "month_12": 5.347052716786649,
            "hour_7": 581.7931089230542,
            "hour_8": 1150.135977678066,
            "hour_9": 132.29647536016495,
            "hour_10": 30.316311052398632,
            "hour_11": 73.40521909382895,
            "hour_12": 21.746132911730783,
            "hour_13": 30.643598640807177,
            "hour_14": 177.61103391268662,
            "hour_15": 0.36376585361718683,
            "hour_16": 0.04293074489036032,
            "hour_17": 799.2547982488851,
            "hour_18": 20.063563688954897,
            "hour_19": 0.5027317503120569,
            "hour_20": 170.72944832626285,
            "hour_21": 613.8832536765298,
            "hour_22": 1139.0339536965053,
            "hour_23": 1341.686914604182,
            "holiday_1": 127.8603169519452
        },
        "correlations": {
            "daystamp": 0.01485898589677678,
            "progr_number": 0.9325682665714156,
            "arr_p": -0.1026400293186951,
            "arr_a": -0.09669128823861682,
            "dep_p": -0.1026400293186951,
            "dep_a": -0.09656725479937031,
            "end_p": -0.13811901950058353,
            "start_p": -0.13974351462140155,
            "start_a": -0.13956160714653246,
            "temp": 0.01347453671423915,
            "feels_like": 0.0036673342702619564,
            "temp_min": 0.012793663515501673,
            "temp_max": 0.00913063842723074,
            "pressure": -0.010950354216607594,
            "humidity": -0.029407366378055154,
            "wind_speed": 0.022692001878265287,
            "wind_deg": 0.001959823626331753,
            "clouds_all": 0.0084801342250192,
            "dt": 0.014669547533290982,
            "dur_s": 0.9730940549591247
        }
    },
    "modelling": {
        "XGBoost": {
            "time": 32.97341823577881,