{
    "rows": {
        "start": 662062,
        "route_filter": -246605,
        "nan_filter": -19139,
        "negative_dur": -37,
        "outliers": -2696,
        "end": 393585
    },
    "scr": 0.9308029597149904,
    "stats": {
        "1": {
            "dur_mean": 0.0,
            "dur_std": 0.0
        },
        "2": {
            "dur_mean": 300.54315288851586,
            "dur_std": 252.26134175959933
        },
        "3": {
            "dur_mean": 546.901203470473,
            "dur_std": 270.0487684359084
        },
        "4": {
            "dur_mean": 856.1251048364551,
            "dur_std": 319.1456346483225
        },
        "5": {
            "dur_mean": 986.1977282288599,
            "dur_std": 338.3887618789169
        },
        "6": {
            "dur_mean": 1018.7702324278913,
            "dur_std": 341.7881481402366
        },
        "7": {
            "dur_mean": 1088.7304638529042,
            "dur_std": 347.65511309423846
        },
        "8": {
            "dur_mean": 1126.1166898470096,
            "dur_std": 352.4297445888248
        },
        "9": {
            "dur_mean": 1235.675701973867,
            "dur_std": 364.8214077976711
        },
        "10": {
            "dur_mean": 1259.6218393998333,
            "dur_std": 368.1497686259524
        },
        "11": {
            "dur_mean": 1332.2091085809498,
            "dur_std": 379.7775346806903
        },
        "12": {
            "dur_mean": 1388.560122188281,
            "dur_std": 387.8450325369494
        },
        "13": {
            "dur_mean": 1470.4353006372955,
            "dur_std": 400.62253625589176
        },
        "14": {
            "dur_mean": 1523.3974785259074,
            "dur_std": 406.7371117787469
        },
        "15": {
            "dur_mean": 1589.829038514824,
            "dur_std": 415.3351096349629
        },
        "16": {
            "dur_mean": 1630.7089221390968,
            "dur_std": 423.42795930966923
        },
        "17": {
            "dur_mean": 1669.5067867036012,
            "dur_std": 434.36381482298145
        },
        "18": {
            "dur_mean": 1731.249030470914,
            "dur_std": 449.37644693216646
        },
        "19": {
            "dur_mean": 1832.3224421985324,
            "dur_std": 470.6626391168552
        },
        "20": {
            "dur_mean": 1870.6221791499377,
            "dur_std": 474.94325273218345
        },
        "21": {
            "dur_mean": 1935.0837710810063,
            "dur_std": 483.8761022145104
        },
        "22": {
            "dur_mean": 1988.6203090507727,
            "dur_std": 491.26983852240033
        },
        "23": {
            "dur_mean": 2023.678251275686,
            "dur_std": 497.11094333229164
        },
        "24": {
            "dur_mean": 2084.317160578911,
            "dur_std": 504.966169694205
        },
        "25": {
            "dur_mean": 2115.7207666850522,
            "dur_std": 508.21949568336555
        },
        "26": {
            "dur_mean": 2165.691215004827,
            "dur_std": 515.6548417411487
        },
        "27": {
            "dur_mean": 2239.6420297848867,
            "dur_std": 523.0670380432274
        },
        "28": {
            "dur_mean": 2326.3303435904513,
            "dur_std": 535.5484739745433
        },
        "29": {
            "dur_mean": 2425.7491029533535,
            "dur_std": 549.7869847699048
        },
        "30": {
            "dur_mean": 2554.1586950511473,
            "dur_std": 570.2575110402673
        },
        "31": {
            "dur_mean": 2579.8039269911505,
            "dur_std": 575.106592125776
        },
        "32": {
            "dur_mean": 2640.505397176861,
            "dur_std": 585.3158369354159
        },
        "33": {
            "dur_mean": 2671.4861687413554,
            "dur_std": 590.426345873346
        },
        "34": {
            "dur_mean": 2715.3128715609014,
            "dur_std": 595.4755309736393
        },
        "35": {
            "dur_mean": 2771.089149965446,
            "dur_std": 600.5688923022893
        },
        "36": {
            "dur_mean": 2802.24201796821,
            "dur_std": 604.7060499616151
        },
        "37": {
            "dur_mean": 2896.393755180989,
            "dur_std": 617.3105107295207
        },
        "38": {
            "dur_mean": 2964.876225998066,
            "dur_std": 624.3103775470315
        },
        "39": {
            "dur_mean": 3147.3862631288002,
            "dur_std": 658.6829011416123
        },
        "40": {
            "dur_mean": 3256.8090695423753,
            "dur_std": 670.236519774815
        },
        "41": {
            "dur_mean": 3325.4869384934345,
            "dur_std": 680.7302543778128
        },
        "42": {
            "dur_mean": 3402.766380978712,
            "dur_std": 690.620251040084
        },
        "43": {
            "dur_mean": 3443.8409122322046,
            "dur_std": 695.1990014591512
        },
        "44": {
            "dur_mean": 3531.2238042576723,
            "dur_std": 704.8397851453572
        },
        "45": {
            "dur_mean": 3588.850603412401,
            "dur_std": 711.1490061891863
        },
        "46": {
            "dur_mean": 3666.5602886082975,
            "dur_std": 719.0483153558388
        },
        "47": {
            "dur_mean": 3762.4483571329542,
            "dur_std": 732.1281135154553
        },
        "48": {
            "dur_mean": 3803.1629229062673,
            "dur_std": 736.7495295594036
        },
        "49": {
            "dur_mean": 3839.0812647344337,
            "dur_std": 740.8631104715231
        },
        "50": {
            "dur_mean": 3873.060479955611,
            "dur_std": 744.6382552567616
        },
        "51": {
            "dur_mean": 3916.9636565404357,
            "dur_std": 752.1516467294742
        },
        "52": {
            "dur_mean": 4008.241541874653,
            "dur_std": 765.0524264775552
        },
        "53": {
            "dur_mean": 4079.9499375953405,
            "dur_std": 775.7756902781605
        },
        "54": {
            "dur_mean": 4181.26639640944,
            "dur_std": 777.1043543194569
        },
        "55": {
            "dur_mean": 4799.456793758281,
            "dur_std": 1001.3058015613537
        }
    },
    "feature_eval": {
        "f_values": {
            "weather_main_Clouds": 34.23534725394222,
            "weather_main_Drizzle": 30.987718090245906,
            "weather_main_Fog": 304.1772737768756,
            "weather_main_Mist": 32.389935739057705,
            "weather_main_Rain": 16.038283325234833,
            "weather_main_Smoke": 0.016778065182062984,
            "weather_main_Snow": 171.65329111145905,
            "weather_description_drizzle": 37.44020807344264,
            "weather_description_few clouds": 29.67404845864658,
            "weather_description_fog": 304.1772737768756,
            "weather_description_heavy intensity rain": 23.179106152069906,
            "weather_description_light intensity drizzle": 7.771463176349799,
            "weather_description_light intensity drizzle rain": 118.37276153284536,
            "weather_description_light intensity shower rain": 45.588579439674994,
            "weather_description_light rain": 3.8405879148049196,
            "weather_description_light shower snow": 114.35766985748553,
            "weather_description_light snow": 78.33173413128033,
            "weather_description_mist": 32.389935739057705,
            "weather_description_moderate rain": 165.86184343702274,
            "weather_description_overcast clouds": 162.0337479345986,
            "weather_description_proximity shower rain": 151.0921144892521,
            "weather_description_scattered clouds": 114.95615731958742,
            "weather_description_shower rain": 31.436639070824274,
            "weather_description_sky is clear": 0.7255074839590002,