{
    "rows": {
        "start": 29420,
        "route_filter": -13602,
        "nan_filter": -375,
        "negative_dur": 0,
        "outliers": -78,
        "end": 15365
    },
    "scr": 0.39487179487179486,
    "stats": {
        "1": {
            "dur_mean": 0.0,
            "dur_std": 0.0
        },
        "2": {
            "dur_mean": 53.15555555555556,
            "dur_std": 19.029474997593788
        },
        "3": {
            "dur_mean": 83.70224719101124,
            "dur_std": 21.188582777508795
        },
        "4": {
            "dur_mean": 149.52229299363057,
            "dur_std": 24.460482517008664
        },
        "5": {
            "dur_mean": 167.4478527607362,
            "dur_std": 28.887212210795283
        },
        "6": {
            "dur_mean": 202.9030303030303,
            "dur_std": 31.42688460740461
        },
        "7": {
            "dur_mean": 347.3292682926829,
            "dur_std": 35.47315752766861
        },
        "8": {
            "dur_mean": 374.3463687150838,
            "dur_std": 37.215627768759134
        },
        "9": {
            "dur_mean": 407.0621761658031,
            "dur_std": 41.39301306568905
        },
        "10": {
            "dur_mean": 429.7098445595855,
            "dur_std": 43.57618754927832
        },
        "11": {
            "dur_mean": 443.82901554404145,
            "dur_std": 45.34700453591136
        },
        "12": {
            "dur_mean": 494.46632124352334,
            "dur_std": 48.35642575622291
        },
        "13": {
            "dur_mean": 505.95336787564764,
            "dur_std": 49.56238599770836
        },
        "14": {
            "dur_mean": 549.4404145077721,
            "dur_std": 52.19841775852938
        },
        "15": {
            "dur_mean": 567.3316062176166,
            "dur_std": 53.64013855867756
        },
        "16": {
            "dur_mean": 603.7823834196892,
            "dur_std": 55.495441822186834
        },
        "17": {
            "dur_mean": 634.119170984456,
            "dur_std": 57.26120064501926
        },
        "18": {
            "dur_mean": 667.901554404145,
            "dur_std": 60.343682765096275
        },
        "19": {
            "dur_mean": 875.419689119171,
            "dur_std": 75.54879098074866
        },
        "20": {
            "dur_mean": 941.0673575129533,
            "dur_std": 78.08836222085247
        },
        "21": {
            "dur_mean": 980.979274611399,
            "dur_std": 78.95330625262675
        },
        "22": {
            "dur_mean": 1012.8031088082902,
            "dur_std": 80.1733316963002
        },
        "23": {
            "dur_mean": 1054.4974093264248,
            "dur_std": 82.37409106430323
        },
        "24": {
            "dur_mean": 1082.518134715026,
            "dur_std": 84.63974473123875
        },
        "25": {
            "dur_mean": 1103.4093264248704,
            "dur_std": 85.29527949559362
        },
        "26": {
            "dur_mean": 1130.5233160621763,
            "dur_std": 121.09814685733136
        },
        "27": {
            "dur_mean": 1196.4093264248704,
            "dur_std": 123.36874484338175
        },
        "28": {
            "dur_mean": 1222.5824742268042,
            "dur_std": 123.79142537734708
        },
        "29": {
            "dur_mean": 1243.5567010309278,
            "dur_std": 123.92927692943312
        },
        "30": {
            "dur_mean": 1270.3762886597938,
            "dur_std": 125.24739313324139
        },
        "31": {
            "dur_mean": 1289.9742268041236,
            "dur_std": 126.16123558125416
        },
        "32": {
            "dur_mean": 1352.7061855670104,
            "dur_std": 129.3578851426814
        },
        "33": {
            "dur_mean": 1383.2113402061855,
            "dur_std": 129.3187477652917
        },
        "34": {
            "dur_mean": 1440.5463917525774,
            "dur_std": 131.26897755668847
        },
        "35": {
            "dur_mean": 1451.0670103092784,
            "dur_std": 131.4529827659383
        },
        "36": {
            "dur_mean": 1484.5567010309278,
            "dur_std": 132.92367743265697
        },
        "37": {
            "dur_mean": 1538.0670103092784,
            "dur_std": 134.67347056076306
        },
        "38": {
            "dur_mean": 1572.2886597938145,
            "dur_std": 136.45481392677357
        },
        "39": {
            "dur_mean": 1622.6494845360826,
            "dur_std": 137.39557815339612
        },
        "40": {
            "dur_mean": 1682.3298969072166,
            "dur_std": 140.3975644246095
        },
        "41": {
            "dur_mean": 1734.4432989690722,
            "dur_std": 143.02385532912157
        },
        "42": {
            "dur_mean": 1755.4432989690722,
            "dur_std": 144.2744914830316
        },
        "43": {
            "dur_mean": 1810.0721649484535,
            "dur_std": 147.09538320442132
        },
        "44": {
            "dur_mean": 1843.7525773195875,
            "dur_std": 150.77351720621343
        },
        "45": {
            "dur_mean": 1866.118556701031,
            "dur_std": 153.51461548275464
        },
        "46": {
            "dur_mean": 1898.2268041237114,
            "dur_std": 156.03443921398102
        },
        "47": {
            "dur_mean": 1922.479381443299,
            "dur_std": 156.96648956794505
        },
        "48": {
            "dur_mean": 2179.0257731958764,
            "dur_std": 167.79893085948314
        },
        "49": {
            "dur_mean": 2210.561855670103,
            "dur_std": 170.24228022992935
        },
        "50": {
            "dur_mean": 2242.520618556701,
            "dur_std": 172.017748474653
        },
        "51": {
            "dur_mean": 2254.0103092783506,
            "dur_std": 172.82519815109723
        },
        "52": {
            "dur_mean": 2272.4484536082473,
            "dur_std": 173.48156917135572
        },
        "53": {
            "dur_mean": 2291.8917525773195,
            "dur_std": 174.4975425811514
        },
        "54": {
            "dur_mean": 2310.3453608247423,
            "dur_std": 175.24466776311002
        },
        "55": {
            "dur_mean": 2335.1288659793813,
            "dur_std": 178.1895680662009
        },
        "56": {
            "dur_mean": 2365.1237113402062,
            "dur_std": 180.0607702673278
        },
        "57": {
            "dur_mean": 2381.1649484536083,
            "dur_std": 181.992750548119
        },
        "58": {
            "dur_mean": 2426.0,
            "dur_std": 185.18891068983328
        },
        "59": {
            "dur_mean": 2449.7525773195875,
            "dur_std": 186.02596236031002
        },
        "60": {
            "dur_mean": 2469.2864583333335,
            "dur_std": 184.37631170592653
        },
        "61": {
            "dur_mean": 2510.3958333333335,
            "dur_std": 185.7673193699548
        },
        "62": {
            "dur_mean": 2584.0,
            "dur_std": 189.88629830170083
        },
        "63": {
            "dur_mean": 2594.0677083333335,
            "dur_std": 190.46867134336594
        },
        "64": {
            "dur_mean": 2638.2083333333335,
            "dur_std": 192.33102554109504
        },
        "65": {
            "dur_mean": 2875.7454545454543,
            "dur_std": 194.883095343616
        },
        "66": {
            "dur_mean": 2862.4285714285716,
            "dur_std": 208.99846633066815
        },
        "67": {
            "dur_mean": 2925.4391534391534,
            "dur_std": 203.98584836011153
        },
        "68": {
            "dur_mean": 2960.6178010471203,
            "dur_std": 205.74535998447
        },
        "69": {
            "dur_mean": 2978.6302083333335,
            "dur_std": 206.52158774108273
        },
        "70": {
            "dur_mean": 3007.7512953367877,