{
    "rows": {
        "start": 1089368,
        "route_filter": -109314,
        "nan_filter": -75780,
        "negative_dur": -1188,
        "outliers": -12119,
        "end": 890967
    },
    "scr": 0.015528860240257838,
    "stats": {
        "1": {
            "dur_mean": 0.0,
            "dur_std": 0.0
        },
        "3": {
            "dur_mean": 366.462477531456,
            "dur_std": 194.7661871717895
        },
        "4": {
            "dur_mean": 443.67003367003366,
            "dur_std": 198.12605901933378
        },
        "5": {
            "dur_mean": 466.2935594739988,
            "dur_std": 199.64256852526108
        },
        "6": {
            "dur_mean": 507.9462044231919,
            "dur_std": 201.52952485570557
        },
        "7": {
            "dur_mean": 551.064725643897,
            "dur_std": 205.51855385950853
        },
        "8": {
            "dur_mean": 623.4804302360322,
            "dur_std": 210.86866014968894
        },
        "9": {
            "dur_mean": 663.9334826427771,
            "dur_std": 213.9946034113055
        },
        "10": {
            "dur_mean": 757.0190816935003,
            "dur_std": 235.35154301012847
        },
        "11": {
            "dur_mean": 824.4572662298988,
            "dur_std": 240.3733355461388
        },
        "12": {
            "dur_mean": 887.5868562072045,
            "dur_std": 244.45611605917148
        },
        "13": {
            "dur_mean": 968.9749349200446,
            "dur_std": 252.84137836161656
        },
        "14": {
            "dur_mean": 1036.8820775746767,
            "dur_std": 265.3959243194915
        },
        "15": {
            "dur_mean": 1059.6366270430906,
            "dur_std": 269.1146367241117
        },
        "16": {
            "dur_mean": 1106.7331153874732,
            "dur_std": 274.5106449134323
        },
        "17": {
            "dur_mean": 1161.265750371471,
            "dur_std": 278.5179844429101
        },
        "18": {
            "dur_mean": 1195.7542895342792,
            "dur_std": 282.004775312226
        },
        "19": {
            "dur_mean": 1285.9556199821589,
            "dur_std": 298.1287481358193
        },
        "20": {
            "dur_mean": 1320.214848394768,
            "dur_std": 303.90008160031334
        },
        "21": {
            "dur_mean": 1382.3288740245262,
            "dur_std": 313.8331189180614
        },
        "22": {
            "dur_mean": 1451.8055142687276,
            "dur_std": 319.99514117813936
        },
        "23": {
            "dur_mean": 1490.5085010023015,
            "dur_std": 326.96326438992565
        },
        "24": {
            "dur_mean": 1572.7102491842184,
            "dur_std": 348.26015225057745
        },
        "25": {
            "dur_mean": 1636.400340841731,
            "dur_std": 358.908108440644
        },
        "26": {
            "dur_mean": 1703.0403022670025,
            "dur_std": 369.00363895949965
        },
        "27": {
            "dur_mean": 1814.364564831261,
            "dur_std": 417.46651752435747
        },
        "28": {
            "dur_mean": 1856.686797752809,
            "dur_std": 432.6429635474897
        },
        "29": {
            "dur_mean": 1938.727994705493,
            "dur_std": 451.1964067284388
        },
        "30": {
            "dur_mean": 2023.369116675233,
            "dur_std": 463.34328442886147
        },
        "31": {
            "dur_mean": 2124.0425938165527,
            "dur_std": 478.34616284157386
        },
        "32": {
            "dur_mean": 2170.5602321140004,
            "dur_std": 483.6068676589501
        },
        "33": {
            "dur_mean": 2221.976699742742,
            "dur_std": 494.4817902917702
        },
        "34": {
            "dur_mean": 2310.5704920447847,
            "dur_std": 505.69082559350176
        },
        "35": {
            "dur_mean": 2428.9571491680167,
            "dur_std": 530.4369517405438
        },
        "36": {
            "dur_mean": 2571.3297002724794,
            "dur_std": 561.127964589948
        },
        "37": {
            "dur_mean": 2646.909499263623,
            "dur_std": 578.6672653134966
        },
        "38": {
            "dur_mean": 2816.0692653452215,
            "dur_std": 600.6574325533196
        },
        "39": {
            "dur_mean": 3059.335307618272,
            "dur_std": 652.6623837828246
        },
        "40": {
            "dur_mean": 3246.9972588531637,
            "dur_std": 687.9546210045404
        },
        "41": {
            "dur_mean": 3385.355702209699,
            "dur_std": 696.6423796816028
        },
        "42": {
            "dur_mean": 3454.446339835348,
            "dur_std": 705.5456207072575
        },
        "43": {
            "dur_mean": 3512.9290801186944,
            "dur_std": 715.014390497587
        },
        "44": {
            "dur_mean": 3654.726375176305,
            "dur_std": 738.8758299019406
        },
        "45": {
            "dur_mean": 3796.004672897196,
            "dur_std": 755.5484200770322
        },
        "46": {
            "dur_mean": 3855.7307036405427,
            "dur_std": 762.0129459448859
        },
        "47": {
            "dur_mean": 3897.796396529992,
            "dur_std": 773.757363888576
        },
        "48": {
            "dur_mean": 3928.021278173191,
            "dur_std": 780.30948496917
        },
        "49": {
            "dur_mean": 3977.283225854273,
            "dur_std": 789.9619712344328
        },
        "50": {
            "dur_mean": 4036.9543365455893,
            "dur_std": 796.6945503322593
        },
        "51": {
            "dur_mean": 4104.640696812454,
            "dur_std": 804.2799194648796
        },
        "52": {
            "dur_mean": 4175.499666295885,
            "dur_std": 808.9197786798156
        },
        "53": {
            "dur_mean": 4232.912111547875,
            "dur_std": 812.7192144272201
        },
        "54": {
            "dur_mean": 4290.289497107254,
            "dur_std": 820.7473164670001
        },
        "55": {
            "dur_mean": 4383.6274393410995,
            "dur_std": 837.091961992624
        },
        "56": {
            "dur_mean": 4424.755918367347,
            "dur_std": 840.8829001825806
        },
        "57": {
            "dur_mean": 4473.389119786255,
            "dur_std": 848.2986065384291
        },
        "58": {
            "dur_mean": 4551.303198990574,
            "dur_std": 863.3614355592538
        },
        "59": {
            "dur_mean": 4588.062291187171,
            "dur_std": 868.6027133571754
        },
        "60": {
            "dur_mean": 4639.077568912995,
            "dur_std": 874.9312291518329
        },
        "61": {
            "dur_mean": 4687.053292701055,
            "dur_std": 880.6387973251465
        },
        "62": {
            "dur_mean": 4715.1588882282995,
            "dur_std": 884.3763676122314
        },
        "63": {
            "dur_mean": 4787.419362034352,
            "dur_std": 889.5914986182702
        },
        "64": {
            "dur_mean": 4811.993975007438,
            "dur_std": 892.6521219347503
        },
        "65": {
            "dur_mean": 4852.85625374925,
            "dur_std": 893.781893164554
        },
        "66": {
            "dur_mean": 4886.234795014267,
            "dur_std": 897.3119782288006
        },
        "67": {
            "dur_mean": 4916.867944381811,
            "dur_std": 900.7939062453377
        },
        "68": {
            "dur_mean": 4989.344010727056,
            "dur_std": 911.0861848138832
        },
        "2": {
            "dur_mean": 433.17277486910996,
            "dur_std": 414.9280552630357
        }
    },
    "feature_eval": {
        "f_values": {
            "weather_main_Clouds": 49.9508108723197,
            "weather_main_Drizzle": 17.306684545617852,
            "weather_main_Fog": 55.791677271213835,