{
    "rows": {
        "start": 1031507,
        "route_filter": -108608,
        "nan_filter": -24516,
        "negative_dur": -38,
        "outliers": -10826,
        "end": 887519
    },
    "scr": 0.9551967250397999,
    "stats": {
        "1": {
            "dur_mean": 0.0,
            "dur_std": 0.0
        },
        "2": {
            "dur_mean": 52.13144943641848,
            "dur_std": 81.59789863215764
        },
        "3": {
            "dur_mean": 100.78880767114674,
            "dur_std": 44.672037199778536
        },
        "4": {
            "dur_mean": 131.28328100470958,
            "dur_std": 50.71779506012242
        },
        "5": {
            "dur_mean": 191.81253389108375,
            "dur_std": 122.11058920999564
        },
        "6": {
            "dur_mean": 273.1261462587655,
            "dur_std": 138.8176947698293
        },
        "7": {
            "dur_mean": 322.7813145611753,
            "dur_std": 144.05177032652847
        },
        "8": {
            "dur_mean": 383.680758351808,
            "dur_std": 150.42047307192001
        },
        "9": {
            "dur_mean": 439.52833358790286,
            "dur_std": 159.70758933313408
        },
        "10": {
            "dur_mean": 507.85545204642636,
            "dur_std": 168.35892933017328
        },
        "11": {
            "dur_mean": 550.2703921718523,
            "dur_std": 175.33337285820826
        },
        "12": {
            "dur_mean": 573.3013604402323,
            "dur_std": 182.22043139465808
        },
        "13": {
            "dur_mean": 600.6586428243925,
            "dur_std": 193.83859918501304
        },
        "14": {
            "dur_mean": 659.7938388625593,
            "dur_std": 212.8561475378106
        },
        "15": {
            "dur_mean": 723.2401987008025,
            "dur_std": 223.82676145206335
        },
        "16": {
            "dur_mean": 758.0225362872421,
            "dur_std": 228.4275128090498
        },
        "17": {
            "dur_mean": 826.19277200489,
            "dur_std": 248.04934513475288
        },
        "18": {
            "dur_mean": 915.8738539119804,
            "dur_std": 282.41694476332015
        },
        "19": {
            "dur_mean": 985.8881166946693,
            "dur_std": 293.2366719033392
        },
        "20": {
            "dur_mean": 1043.9175572519084,
            "dur_std": 303.6852865396908
        },
        "21": {
            "dur_mean": 1094.587709923664,
            "dur_std": 311.322308354965
        },
        "22": {
            "dur_mean": 1126.8976335877862,
            "dur_std": 319.11677960644255
        },
        "23": {
            "dur_mean": 1209.8617662773834,
            "dur_std": 339.6079626489335
        },
        "24": {
            "dur_mean": 1342.7827247083937,
            "dur_std": 363.69695852864527
        },
        "25": {
            "dur_mean": 1394.062266879805,
            "dur_std": 370.39012018226225
        },
        "26": {
            "dur_mean": 1553.9513122860403,
            "dur_std": 394.74305040103815
        },
        "27": {
            "dur_mean": 1661.4143465692987,
            "dur_std": 403.1533566628595
        },
        "28": {
            "dur_mean": 1823.9487198966801,
            "dur_std": 420.2476045261988
        },
        "29": {
            "dur_mean": 1985.7069096431283,
            "dur_std": 442.166338839715
        },
        "30": {
            "dur_mean": 2182.21956335949,
            "dur_std": 450.47130404325355
        },
        "31": {
            "dur_mean": 2404.535338694711,
            "dur_std": 485.3935722952425
        },
        "32": {
            "dur_mean": 2467.335262345679,
            "dur_std": 499.0876633811568
        },
        "33": {
            "dur_mean": 2536.3748843663275,
            "dur_std": 507.7820906674438
        },
        "34": {
            "dur_mean": 2582.8362108833053,
            "dur_std": 521.1659200356377
        },
        "35": {
            "dur_mean": 2645.7553093259467,
            "dur_std": 534.6996582198962
        },
        "36": {
            "dur_mean": 2671.703041007526,
            "dur_std": 537.1007455440332
        },
        "37": {
            "dur_mean": 2711.7204540225475,
            "dur_std": 542.8716615371027
        },
        "38": {
            "dur_mean": 2811.8904225136107,
            "dur_std": 558.4915472179857
        },
        "39": {
            "dur_mean": 2863.369881919951,
            "dur_std": 562.2520323475654
        },
        "40": {
            "dur_mean": 2977.61572654813,
            "dur_std": 577.0341200148348
        },
        "41": {
            "dur_mean": 3011.3276853484626,
            "dur_std": 581.7141384431483
        },
        "42": {
            "dur_mean": 3048.1742830854164,
            "dur_std": 584.8874229388443
        },
        "43": {
            "dur_mean": 3093.6748004910987,
            "dur_std": 590.0104295224969
        },
        "44": {
            "dur_mean": 3168.538361108978,
            "dur_std": 598.195321538325
        },
        "45": {
            "dur_mean": 3232.1000844918963,
            "dur_std": 602.9478973271408
        },
        "46": {
            "dur_mean": 3280.4810544923525,
            "dur_std": 609.007152980357
        },
        "47": {
            "dur_mean": 3330.315008457635,
            "dur_std": 617.391973743905
        },
        "48": {
            "dur_mean": 3369.0965310360743,
            "dur_std": 619.5042623466425
        },
        "49": {
            "dur_mean": 3438.8439524838013,
            "dur_std": 626.3863404588054
        },
        "50": {
            "dur_mean": 3474.658235657002,
            "dur_std": 631.5963218125853
        },
        "51": {
            "dur_mean": 3528.319209474008,
            "dur_std": 635.2884309078792
        },
        "52": {
            "dur_mean": 3579.3889273356403,
            "dur_std": 640.2441689532338
        },
        "53": {
            "dur_mean": 3622.8205305651672,
            "dur_std": 643.8444141130801
        },
        "54": {
            "dur_mean": 3671.2789696270665,
            "dur_std": 649.1842732949511
        },
        "55": {
            "dur_mean": 3702.9690888119953,
            "dur_std": 656.5485438501029
        },
        "56": {
            "dur_mean": 3753.8855560682973,
            "dur_std": 665.6421353304759
        },
        "57": {
            "dur_mean": 3819.2498653328203,
            "dur_std": 669.6981712527574
        },
        "58": {
            "dur_mean": 3867.693674976916,
            "dur_std": 673.7392929187301
        },
        "59": {
            "dur_mean": 3922.8735092713705,
            "dur_std": 679.5202958070946
        },
        "60": {
            "dur_mean": 4012.629318968834,
            "dur_std": 696.9515431865112
        },
        "61": {
            "dur_mean": 4067.7485186610234,
            "dur_std": 702.1198230871344
        },
        "62": {
            "dur_mean": 4113.1764932266005,
            "dur_std": 706.9889054788986
        },
        "63": {
            "dur_mean": 4224.185686802616,
            "dur_std": 725.4100096354115
        },
        "64": {
            "dur_mean": 4267.5160471022855,
            "dur_std": 731.7562727304991
        },
        "65": {
            "dur_mean": 4298.143451143451,
            "dur_std": 734.3630544739165
        },
        "66": {
            "dur_mean": 4329.007708911502,
            "dur_std": 737.0844101872227
        },
        "67": {
            "dur_mean": 4415.725212027756,
            "dur_std": 743.3933674149953
        },
        "68": {
            "dur_mean": 4718.127764887858,
            "dur_std": 757.9062724219287
        },
        "69": {
            "dur_mean": 4790.773200647998,
            "dur_std": 790.5772296600303
        }
    },