{
    "rows": {
        "start": 295229,
        "route_filter": -48092,
        "nan_filter": -21922,
        "negative_dur": -480,
        "outliers": -3441,
        "end": 221294
    },
    "scr": 0.0017406440382941688,
    "stats": {
        "1": {
            "dur_mean": 0.0,
            "dur_std": 0.0
        },
        "7": {
            "dur_mean": 356.4512014239098,
            "dur_std": 191.37590266142712
        },
        "8": {
            "dur_mean": 432.9620290714921,
            "dur_std": 193.45716916823704
        },
        "9": {
            "dur_mean": 454.24547880225316,
            "dur_std": 195.55120618871143
        },
        "10": {
            "dur_mean": 491.53038837829826,
            "dur_std": 195.16794189682926
        },
        "11": {
            "dur_mean": 532.4794561040496,
            "dur_std": 199.39169638499342
        },
        "12": {
            "dur_mean": 600.0138806851743,
            "dur_std": 203.47765137198851
        },
        "13": {
            "dur_mean": 634.3901358535145,
            "dur_std": 205.6293948939984
        },
        "14": {
            "dur_mean": 716.8275353773585,
            "dur_std": 216.27058405805056
        },
        "15": {
            "dur_mean": 779.5219699203775,
            "dur_std": 221.43696314521142
        },
        "16": {
            "dur_mean": 839.3929307805596,
            "dur_std": 224.76601585389648
        },
        "17": {
            "dur_mean": 917.8655091230136,
            "dur_std": 231.77896290914435
        },
        "18": {
            "dur_mean": 985.4304207119741,
            "dur_std": 242.0671870397708
        },
        "19": {
            "dur_mean": 1005.5380770361659,
            "dur_std": 245.34580117184413
        },
        "20": {
            "dur_mean": 1049.187242798354,
            "dur_std": 249.239997232833
        },
        "21": {
            "dur_mean": 1098.948868645313,
            "dur_std": 253.22742094903737
        },
        "22": {
            "dur_mean": 1133.7935389133627,
            "dur_std": 256.4918446085987
        },
        "23": {
            "dur_mean": 1195.189846800841,
            "dur_std": 261.0132484576966
        },
        "24": {
            "dur_mean": 1249.7472029029332,
            "dur_std": 264.48787772922003
        },
        "25": {
            "dur_mean": 1302.2797389498664,
            "dur_std": 269.22987387545635
        },
        "26": {
            "dur_mean": 1337.5726924211147,
            "dur_std": 273.2861326059651
        },
        "27": {
            "dur_mean": 1404.7842907385698,
            "dur_std": 283.5320143782048
        },
        "28": {
            "dur_mean": 1464.8757691180779,
            "dur_std": 293.13989000673587
        },
        "29": {
            "dur_mean": 1530.4975095224142,
            "dur_std": 303.4051827709082
        },
        "30": {
            "dur_mean": 1615.027248754761,
            "dur_std": 317.9188832308205
        },
        "31": {
            "dur_mean": 1648.7910447761194,
            "dur_std": 326.9858572192685
        },
        "32": {
            "dur_mean": 1723.6175438596492,
            "dur_std": 339.1803049228368
        },
        "33": {
            "dur_mean": 1802.1293430656933,
            "dur_std": 355.59502082835087
        },
        "34": {
            "dur_mean": 1895.230679498396,
            "dur_std": 371.72793816892477
        },
        "35": {
            "dur_mean": 1938.5525087514586,
            "dur_std": 375.09910588017306
        },
        "36": {
            "dur_mean": 1984.5249780893953,
            "dur_std": 382.2895885570307
        },
        "37": {
            "dur_mean": 2068.6408079625294,
            "dur_std": 393.4665623122186
        },
        "38": {
            "dur_mean": 2176.9464442493413,
            "dur_std": 416.41033218916743
        },
        "39": {
            "dur_mean": 2308.7738722905683,
            "dur_std": 444.1846111416937
        },
        "40": {
            "dur_mean": 2374.7351303838263,
            "dur_std": 460.17694891591435
        },
        "41": {
            "dur_mean": 2534.0421545667446,
            "dur_std": 484.9147333931099
        },
        "42": {
            "dur_mean": 2764.581211589113,
            "dur_std": 523.1957582382156
        },
        "43": {
            "dur_mean": 2951.420620972466,
            "dur_std": 553.4714042904193
        },
        "44": {
            "dur_mean": 3097.554513481829,
            "dur_std": 561.8560654701758
        },
        "45": {
            "dur_mean": 3166.0952520515825,
            "dur_std": 572.7595250022664
        },
        "46": {
            "dur_mean": 3222.418986229124,
            "dur_std": 584.3251372454455
        },
        "47": {
            "dur_mean": 3356.640679953107,
            "dur_std": 600.5459300450744
        },
        "48": {
            "dur_mean": 3488.9045108377272,
            "dur_std": 615.0567740441109
        },
        "49": {
            "dur_mean": 3549.8518735363,
            "dur_std": 624.506975098524
        },
        "50": {
            "dur_mean": 3590.606379865379,
            "dur_std": 638.6348161889914
        },
        "51": {
            "dur_mean": 3621.2684426229507,
            "dur_std": 646.4429780095812
        },
        "52": {
            "dur_mean": 3673.0131733021076,
            "dur_std": 658.3365248216606
        },
        "53": {
            "dur_mean": 3737.93793911007,
            "dur_std": 671.0851876552016
        },
        "54": {
            "dur_mean": 3806.4068541300526,
            "dur_std": 676.0628250512196
        },
        "55": {
            "dur_mean": 3874.5284124194495,
            "dur_std": 680.8641578097485
        },
        "56": {
            "dur_mean": 3931.0600468658463,
            "dur_std": 683.7578635064768
        },
        "57": {
            "dur_mean": 3986.8374340949035,
            "dur_std": 694.057947894432
        },
        "58": {
            "dur_mean": 4078.554937005567,
            "dur_std": 714.021900236939
        },
        "59": {
            "dur_mean": 4118.863170231468,
            "dur_std": 717.5640739371671
        },
        "60": {
            "dur_mean": 4168.468795780838,
            "dur_std": 724.4993695222146
        },
        "61": {
            "dur_mean": 4248.065319273579,
            "dur_std": 743.6858870738481
        },
        "62": {
            "dur_mean": 4286.394667447993,
            "dur_std": 749.8676259466289
        },
        "63": {
            "dur_mean": 4337.351010840903,
            "dur_std": 756.1964196261422
        },
        "64": {
            "dur_mean": 4385.952772073922,
            "dur_std": 762.9940909365419
        },
        "65": {
            "dur_mean": 4414.858357771261,
            "dur_std": 767.6157015298749
        },
        "66": {
            "dur_mean": 4486.985043988269,
            "dur_std": 775.9941785619244
        },
        "67": {
            "dur_mean": 4513.230566148431,
            "dur_std": 779.9878818832285
        },
        "68": {
            "dur_mean": 4549.8693215339235,
            "dur_std": 780.2385179628011
        },
        "69": {
            "dur_mean": 4585.09991158267,
            "dur_std": 783.8939696411325
        },
        "70": {
            "dur_mean": 4617.067491895078,
            "dur_std": 788.7148490254372
        },
        "71": {
            "dur_mean": 4678.335197174809,
            "dur_std": 795.1286899377292
        },
        "3": {
            "dur_mean": 823.2727272727273,
            "dur_std": 457.97119798281875
        },
        "2": {
            "dur_mean": 493.1860465116279,
            "dur_std": 488.3745272311851
        },
        "5": {
            "dur_mean": 645.4166666666666,
            "dur_std": 680.5963238665091
        },
        "4": {
            "dur_mean": 465.25,