{
    "rows": {
        "start": 302505,
        "route_filter": -45702,
        "nan_filter": -5779,
        "negative_dur": -8,
        "outliers": -2118,
        "end": 248898
    },
    "scr": 0.9516567083107007,
    "stats": {
        "1": {
            "dur_mean": 0.0,
            "dur_std": 0.0
        },
        "2": {
            "dur_mean": 50.43648301455895,
            "dur_std": 91.54002475920403
        },
        "3": {
            "dur_mean": 96.19013884953245,
            "dur_std": 94.5028875382667
        },
        "4": {
            "dur_mean": 125.83923011604868,
            "dur_std": 97.22867798047379
        },
        "5": {
            "dur_mean": 183.59165966974533,
            "dur_std": 144.5740173107577
        },
        "6": {
            "dur_mean": 259.8754189944134,
            "dur_std": 157.80368473562902
        },
        "7": {
            "dur_mean": 305.10149336283183,
            "dur_std": 161.46435167193962
        },
        "8": {
            "dur_mean": 362.1819944598338,
            "dur_std": 165.09167829275464
        },
        "9": {
            "dur_mean": 413.133296460177,
            "dur_std": 171.3517696926205
        },
        "10": {
            "dur_mean": 475.7948576168095,
            "dur_std": 178.5031061369514
        },
        "11": {
            "dur_mean": 515.6453311166529,
            "dur_std": 182.15959963869372
        },
        "12": {
            "dur_mean": 535.5779562448075,
            "dur_std": 184.82375583699863
        },
        "13": {
            "dur_mean": 556.8897812240376,
            "dur_std": 187.26832492866077
        },
        "14": {
            "dur_mean": 605.8748269177513,
            "dur_std": 194.95019139550277
        },
        "15": {
            "dur_mean": 663.6004433361041,
            "dur_std": 202.07874790430236
        },
        "16": {
            "dur_mean": 696.1761772853185,
            "dur_std": 203.82066883921377
        },
        "17": {
            "dur_mean": 756.7477153143174,
            "dur_std": 206.52211163745707
        },
        "18": {
            "dur_mean": 832.23332410739,
            "dur_std": 214.04228884524983
        },
        "19": {
            "dur_mean": 901.2679756637168,
            "dur_std": 222.63514821419056
        },
        "20": {
            "dur_mean": 958.0536504424779,
            "dur_std": 231.22426803376288
        },
        "21": {
            "dur_mean": 1007.9131637168142,
            "dur_std": 235.74162353294633
        },
        "22": {
            "dur_mean": 1037.0240597345132,
            "dur_std": 239.3637965179495
        },
        "23": {
            "dur_mean": 1111.3153676064123,
            "dur_std": 247.15478275135732
        },
        "24": {
            "dur_mean": 1232.0479490022174,
            "dur_std": 256.8325837498759
        },
        "25": {
            "dur_mean": 1282.373754152824,
            "dur_std": 263.0151004632545
        },
        "26": {
            "dur_mean": 1436.376314333149,
            "dur_std": 289.7011135325228
        },
        "27": {
            "dur_mean": 1544.883540802213,
            "dur_std": 302.4516206542463
        },
        "28": {
            "dur_mean": 1706.5812603648424,
            "dur_std": 318.74935513471723
        },
        "29": {
            "dur_mean": 1858.356927297668,
            "dur_std": 342.26339293304187
        },
        "30": {
            "dur_mean": 2055.252905368013,
            "dur_std": 357.71988619424656
        },
        "31": {
            "dur_mean": 2265.0735537190085,
            "dur_std": 393.50785073771704
        },
        "32": {
            "dur_mean": 2321.659539473684,
            "dur_std": 412.3491906016815
        },
        "33": {
            "dur_mean": 2390.193751712798,
            "dur_std": 419.8109040749733
        },
        "34": {
            "dur_mean": 2432.051752464403,
            "dur_std": 439.538283063597
        },
        "35": {
            "dur_mean": 2493.1912165848335,
            "dur_std": 456.5698519713124
        },
        "36": {
            "dur_mean": 2517.5468409586056,
            "dur_std": 459.5104177390547
        },
        "37": {
            "dur_mean": 2557.080250272035,
            "dur_std": 465.6995993378645
        },
        "38": {
            "dur_mean": 2654.6353260869564,
            "dur_std": 484.6889584170641
        },
        "39": {
            "dur_mean": 2704.7526501766783,
            "dur_std": 487.9451595915302
        },
        "40": {
            "dur_mean": 2811.847908745247,
            "dur_std": 502.78818063416213
        },
        "41": {
            "dur_mean": 2844.488586956522,
            "dur_std": 506.3354863801046
        },
        "42": {
            "dur_mean": 2881.4614130434784,
            "dur_std": 509.98426938540297
        },
        "43": {
            "dur_mean": 2927.2539423599783,
            "dur_std": 516.1441462054761
        },
        "44": {
            "dur_mean": 3000.2155102040815,
            "dur_std": 524.4682848845417
        },
        "45": {
            "dur_mean": 3064.9455782312925,
            "dur_std": 531.8914747003499
        },
        "46": {
            "dur_mean": 3112.3495780016337,
            "dur_std": 537.0350127190253
        },
        "47": {
            "dur_mean": 3159.829069134458,
            "dur_std": 542.7744209653698
        },
        "48": {
            "dur_mean": 3203.861731083288,
            "dur_std": 546.4544042673684
        },
        "49": {
            "dur_mean": 3250.9792128603103,
            "dur_std": 547.9228998154883
        },
        "50": {
            "dur_mean": 3283.0571587125414,
            "dur_std": 550.1333237910679
        },
        "51": {
            "dur_mean": 3342.316525075363,
            "dur_std": 556.9592800572309
        },
        "52": {
            "dur_mean": 3390.904475982533,
            "dur_std": 561.0099295224828
        },
        "53": {
            "dur_mean": 3434.005720512122,
            "dur_std": 564.84383530131
        },
        "54": {
            "dur_mean": 3482.38845001362,
            "dur_std": 571.4009954198837
        },
        "55": {
            "dur_mean": 3512.8466775599127,
            "dur_std": 580.8049751375257
        },
        "56": {
            "dur_mean": 3561.0953159041396,
            "dur_std": 589.5808059407173
        },
        "57": {
            "dur_mean": 3624.0384196185287,
            "dur_std": 592.3688469183327
        },
        "58": {
            "dur_mean": 3671.948228882834,
            "dur_std": 596.7656282742252
        },
        "59": {
            "dur_mean": 3725.5284663579405,
            "dur_std": 602.0090788363866
        },
        "60": {
            "dur_mean": 3807.4475619722148,
            "dur_std": 619.5227348368655
        },
        "61": {
            "dur_mean": 3860.394822888283,
            "dur_std": 622.4018531052734
        },
        "62": {
            "dur_mean": 3904.7553858740116,
            "dur_std": 627.657851895114
        },
        "63": {
            "dur_mean": 4008.731388055631,
            "dur_std": 647.8700749743381
        },
        "64": {
            "dur_mean": 4050.223070629943,
            "dur_std": 656.3145609587003
        },
        "65": {
            "dur_mean": 4079.6586695747,
            "dur_std": 659.2764593589122
        },
        "66": {
            "dur_mean": 4110.471085651937,
            "dur_std": 660.8082787707585
        },
        "67": {
            "dur_mean": 4195.441473396999,
            "dur_std": 670.2798928375892
        },
        "68": {
            "dur_mean": 4492.076965365585,
            "dur_std": 684.4445444775898
        },
        "69": {
            "dur_mean": 4563.290525739321,
            "dur_std": 727.8940283091684
        }
    },
    "feature_eval": {
        "f_values": {
            "weather_main_Clouds": 13.400976354174022,