{
    "rows": {
        "start": 488425,
        "route_filter": -125644,
        "nan_filter": -14482,
        "negative_dur": -103,
        "outliers": -3808,
        "end": 344388
    },
    "scr": 0.5212609970674487,
    "stats": {
        "1": {
            "dur_mean": 0.0,
            "dur_std": 0.0
        },
        "2": {
            "dur_mean": 126.08081868276044,
            "dur_std": 196.31360704691494
        },
        "3": {
            "dur_mean": 259.0894710825507,
            "dur_std": 271.6195184833544
        },
        "4": {
            "dur_mean": 343.1749125437281,
            "dur_std": 281.8613860216974
        },
        "5": {
            "dur_mean": 387.50935960591136,
            "dur_std": 299.26578490262847
        },
        "6": {
            "dur_mean": 440.1578428958385,
            "dur_std": 299.7078519292665
        },
        "7": {
            "dur_mean": 517.3430189608471,
            "dur_std": 301.4952610034424
        },
        "8": {
            "dur_mean": 539.316761014029,
            "dur_std": 302.14960105903117
        },
        "9": {
            "dur_mean": 569.8438808175326,
            "dur_std": 305.1733945545554
        },
        "10": {
            "dur_mean": 691.6898843219296,
            "dur_std": 321.31009640801614
        },
        "11": {
            "dur_mean": 726.1213687838504,
            "dur_std": 322.1112395110613
        },
        "12": {
            "dur_mean": 746.5871491875923,
            "dur_std": 323.0768442508802
        },
        "13": {
            "dur_mean": 771.4460024600246,
            "dur_std": 325.9028541964774
        },
        "14": {
            "dur_mean": 802.8811515748032,
            "dur_std": 330.25177620564386
        },
        "15": {
            "dur_mean": 884.6970219049963,
            "dur_std": 336.9511161299841
        },
        "16": {
            "dur_mean": 956.7554789460723,
            "dur_std": 339.68015823589246
        },
        "17": {
            "dur_mean": 1012.5352216748769,
            "dur_std": 345.7465502430955
        },
        "18": {
            "dur_mean": 1119.0541945063103,
            "dur_std": 359.10232384784365
        },
        "19": {
            "dur_mean": 1144.4627489550037,
            "dur_std": 361.2019712297844
        },
        "20": {
            "dur_mean": 1168.3138991389915,
            "dur_std": 362.41652428249813
        },
        "21": {
            "dur_mean": 1191.0585774058577,
            "dur_std": 363.2394799005049
        },
        "22": {
            "dur_mean": 1214.1374139626353,
            "dur_std": 366.4289771231712
        },
        "23": {
            "dur_mean": 1347.2868811881187,
            "dur_std": 374.82863312469476
        },
        "24": {
            "dur_mean": 1460.889192546584,
            "dur_std": 394.30051832638287
        },
        "25": {
            "dur_mean": 1597.2205153617442,
            "dur_std": 409.1323305196173
        },
        "26": {
            "dur_mean": 1716.9490855165595,
            "dur_std": 415.31032658723007
        },
        "27": {
            "dur_mean": 1772.1903703703704,
            "dur_std": 421.21579905821676
        },
        "28": {
            "dur_mean": 1828.5725567620927,
            "dur_std": 427.91326509690356
        },
        "29": {
            "dur_mean": 1894.180606957809,
            "dur_std": 439.7926943087518
        },
        "30": {
            "dur_mean": 1955.5639190523198,
            "dur_std": 445.62055241303324
        },
        "31": {
            "dur_mean": 1996.4364668147052,
            "dur_std": 448.43574368218896
        },
        "32": {
            "dur_mean": 2026.0873642645606,
            "dur_std": 449.1339055757828
        },
        "33": {
            "dur_mean": 2046.6250308565786,
            "dur_std": 450.3818707351371
        },
        "34": {
            "dur_mean": 2072.4329795112317,
            "dur_std": 451.3898171761907
        },
        "35": {
            "dur_mean": 2138.441372500617,
            "dur_std": 475.2892080776231
        },
        "36": {
            "dur_mean": 2247.969667077682,
            "dur_std": 515.1447651629137
        },
        "37": {
            "dur_mean": 2313.0101059896474,
            "dur_std": 537.2597510378201
        },
        "38": {
            "dur_mean": 2363.2243036726645,
            "dur_std": 549.1194272968557
        },
        "39": {
            "dur_mean": 2426.178182738547,
            "dur_std": 560.604850694873
        },
        "40": {
            "dur_mean": 2590.2295839753465,
            "dur_std": 564.6551538615503
        },
        "41": {
            "dur_mean": 2808.9597539092542,
            "dur_std": 545.5072038071338
        },
        "42": {
            "dur_mean": 2911.5195881466598,
            "dur_std": 551.7089760605619
        },
        "43": {
            "dur_mean": 3022.654111275234,
            "dur_std": 564.5665545271024
        },
        "44": {
            "dur_mean": 3093.7432865237743,
            "dur_std": 576.0645269478315
        },
        "45": {
            "dur_mean": 3154.579206701158,
            "dur_std": 590.0103534449744
        },
        "46": {
            "dur_mean": 3218.7867357001974,
            "dur_std": 602.8361019805814
        },
        "47": {
            "dur_mean": 3270.440502586844,
            "dur_std": 607.852341278518
        },
        "48": {
            "dur_mean": 3343.125,
            "dur_std": 610.8760719218008
        },
        "49": {
            "dur_mean": 3399.1581418334567,
            "dur_std": 613.6320419791139
        },
        "50": {
            "dur_mean": 3418.4957983193276,
            "dur_std": 614.4244981186854
        },
        "51": {
            "dur_mean": 3451.952545724172,
            "dur_std": 615.6041636082892
        },
        "52": {
            "dur_mean": 3485.430407911001,
            "dur_std": 618.4322757092554
        },
        "53": {
            "dur_mean": 3503.304670126019,
            "dur_std": 622.196908873071
        },
        "54": {
            "dur_mean": 3533.5694513099356,
            "dur_std": 623.0302323751587
        },
        "55": {
            "dur_mean": 3585.2179930795846,
            "dur_std": 629.9410433555331
        },
        "56": {
            "dur_mean": 3636.0037082818294,
            "dur_std": 639.1161279927376
        },
        "57": {
            "dur_mean": 3678.8703932723224,
            "dur_std": 641.2480930148404
        },
        "58": {
            "dur_mean": 3718.811773435568,
            "dur_std": 646.5867964502418
        },
        "59": {
            "dur_mean": 3755.100667820925,
            "dur_std": 647.4069928995739
        },
        "60": {
            "dur_mean": 3791.6147561277544,
            "dur_std": 648.7770322561475
        },
        "61": {
            "dur_mean": 3824.285219113642,
            "dur_std": 652.1002498589972
        },
        "62": {
            "dur_mean": 3874.8099950519545,
            "dur_std": 665.5934241745704
        },
        "63": {
            "dur_mean": 3949.0207612456747,
            "dur_std": 679.8912703474714
        },
        "64": {
            "dur_mean": 4021.5757725587146,
            "dur_std": 684.2609606874396
        },
        "65": {
            "dur_mean": 4068.5471184763787,
            "dur_std": 689.4685110663761
        },
        "66": {
            "dur_mean": 4103.546108081309,
            "dur_std": 688.8691239661239
        },
        "67": {
            "dur_mean": 4151.299751861042,
            "dur_std": 692.7420610459259
        },
        "68": {
            "dur_mean": 4189.302729528536,
            "dur_std": 696.8191750289351
        },
        "69": {
            "dur_mean": 4216.020838501612,
            "dur_std": 699.4855731603374
        },
        "70": {
            "dur_mean": 4250.629124286777,