{
    "rows": {
        "start": 508072,
        "route_filter": -148370,
        "nan_filter": -51030,
        "negative_dur": -67,
        "outliers": -1946,
        "end": 306659
    },
    "scr": 0.08435993572576325,
    "stats": {
        "1": {
            "dur_mean": 0.0,
            "dur_std": 0.0
        },
        "2": {
            "dur_mean": 20.2911051212938,
            "dur_std": 63.38517280215518
        },
        "3": {
            "dur_mean": 70.24897736569403,
            "dur_std": 83.99386178256212
        },
        "4": {
            "dur_mean": 79.68207778079956,
            "dur_std": 104.37585540614432
        },
        "5": {
            "dur_mean": 140.3679630133261,
            "dur_std": 160.1161652787775
        },
        "6": {
            "dur_mean": 190.68923327895595,
            "dur_std": 160.80645937451413
        },
        "7": {
            "dur_mean": 227.58086436531667,
            "dur_std": 161.2057929866526
        },
        "8": {
            "dur_mean": 263.2567934782609,
            "dur_std": 161.6836231692362
        },
        "9": {
            "dur_mean": 305.62282608695654,
            "dur_std": 163.1789077497049
        },
        "10": {
            "dur_mean": 390.0614464382817,
            "dur_std": 166.70297211481633
        },
        "11": {
            "dur_mean": 435.7600437277945,
            "dur_std": 170.17604440790328
        },
        "12": {
            "dur_mean": 488.01690294438384,
            "dur_std": 174.5480673126121
        },
        "13": {
            "dur_mean": 525.4484451718495,
            "dur_std": 176.9535781735256
        },
        "14": {
            "dur_mean": 556.566485013624,
            "dur_std": 178.165729956856
        },
        "15": {
            "dur_mean": 584.4791609915554,
            "dur_std": 180.05740997566105
        },
        "16": {
            "dur_mean": 623.8291156462585,
            "dur_std": 185.25618117409175
        },
        "17": {
            "dur_mean": 682.1863760217983,
            "dur_std": 189.77988606907658
        },
        "18": {
            "dur_mean": 716.7877795962902,
            "dur_std": 191.8456241107867
        },
        "19": {
            "dur_mean": 737.3298772169168,
            "dur_std": 193.20886481141403
        },
        "20": {
            "dur_mean": 811.6211333150835,
            "dur_std": 197.85934467735473
        },
        "21": {
            "dur_mean": 841.0517099863201,
            "dur_std": 202.54413401819696
        },
        "22": {
            "dur_mean": 881.2767588283602,
            "dur_std": 203.1650689331655
        },
        "23": {
            "dur_mean": 898.0342278203724,
            "dur_std": 205.81375635907932
        },
        "24": {
            "dur_mean": 925.6635641938133,
            "dur_std": 207.8071668594142
        },
        "25": {
            "dur_mean": 948.1461012311902,
            "dur_std": 209.3904425029662
        },
        "26": {
            "dur_mean": 1048.252052545156,
            "dur_std": 219.5738767290018
        },
        "27": {
            "dur_mean": 1106.3261285909712,
            "dur_std": 229.33612409441048
        },
        "28": {
            "dur_mean": 1167.3796879277306,
            "dur_std": 234.9591994438566
        },
        "29": {
            "dur_mean": 1214.8544407894738,
            "dur_std": 240.08667187171338
        },
        "30": {
            "dur_mean": 1249.4264181967662,
            "dur_std": 244.4024962619665
        },
        "31": {
            "dur_mean": 1288.7388203017833,
            "dur_std": 232.95489907843802
        },
        "32": {
            "dur_mean": 1373.4860273972604,
            "dur_std": 244.5535491830605
        },
        "33": {
            "dur_mean": 1423.5717017208412,
            "dur_std": 255.8353575479085
        },
        "34": {
            "dur_mean": 1472.8350177547118,
            "dur_std": 264.56884936082395
        },
        "35": {
            "dur_mean": 1536.580169352636,
            "dur_std": 268.04238395393554
        },
        "36": {
            "dur_mean": 1567.607211144496,
            "dur_std": 270.5597007791258
        },
        "37": {
            "dur_mean": 1622.7446052990986,
            "dur_std": 277.65187652372543
        },
        "38": {
            "dur_mean": 1638.1879267959573,
            "dur_std": 281.0377280092131
        },
        "39": {
            "dur_mean": 1654.122917235728,
            "dur_std": 284.4025213967742
        },
        "40": {
            "dur_mean": 1775.035499726925,
            "dur_std": 340.8851643448679
        },
        "41": {
            "dur_mean": 1833.806610215788,
            "dur_std": 361.3723920826988
        },
        "42": {
            "dur_mean": 1879.1160251160252,
            "dur_std": 374.41042664848914
        },
        "43": {
            "dur_mean": 1926.9797924631348,
            "dur_std": 384.19739663435763
        },
        "44": {
            "dur_mean": 1994.4825232113599,
            "dur_std": 398.1975438227141
        },
        "45": {
            "dur_mean": 2057.5069653100245,
            "dur_std": 430.1912140210096
        },
        "46": {
            "dur_mean": 2167.6246246246246,
            "dur_std": 466.87583469141305
        },
        "47": {
            "dur_mean": 2315.290057518488,
            "dur_std": 488.19978950602047
        },
        "48": {
            "dur_mean": 2763.1454447147876,
            "dur_std": 492.30870711564467
        },
        "49": {
            "dur_mean": 2836.480339462518,
            "dur_std": 495.5101475017347
        },
        "50": {
            "dur_mean": 2981.132340545097,
            "dur_std": 517.4922876272484
        },
        "51": {
            "dur_mean": 3034.8647518126045,
            "dur_std": 528.322107964632
        },
        "52": {
            "dur_mean": 3086.4944444444445,
            "dur_std": 534.1552749036443
        },
        "53": {
            "dur_mean": 3155.846068660022,
            "dur_std": 544.6217385577933
        },
        "54": {
            "dur_mean": 3211.0005549389566,
            "dur_std": 548.2118303493857
        },
        "55": {
            "dur_mean": 3239.8221167271713,
            "dur_std": 547.7179318534698
        },
        "56": {
            "dur_mean": 3270.931246506428,
            "dur_std": 548.9692181065082
        },
        "57": {
            "dur_mean": 3281.7738960313022,
            "dur_std": 549.8082635476945
        },
        "58": {
            "dur_mean": 3316.9278926774737,
            "dur_std": 551.9236244978213
        },
        "59": {
            "dur_mean": 3360.9411272321427,
            "dur_std": 556.3997544362953
        },
        "60": {
            "dur_mean": 3432.5421787709497,
            "dur_std": 563.9395234863783
        },
        "61": {
            "dur_mean": 3476.0193060996085,
            "dur_std": 569.2367847561097
        },
        "62": {
            "dur_mean": 3550.7358121330726,
            "dur_std": 581.6939256020687
        },
        "63": {
            "dur_mean": 3588.4606804238706,
            "dur_std": 581.5155213077979
        },
        "65": {
            "dur_mean": 3931.7421984818666,
            "dur_std": 617.9789282294828
        },
        "66": {
            "dur_mean": 4054.6275997751545,
            "dur_std": 631.9183326881994
        },
        "67": {
            "dur_mean": 4087.6073327735794,
            "dur_std": 637.9401653445856
        },
        "68": {
            "dur_mean": 4113.021211275467,
            "dur_std": 641.4959503130092
        },
        "69": {
            "dur_mean": 4180.499164345404,
            "dur_std": 648.7396481596559
        },
        "70": {
            "dur_mean": 4220.460702341137,
            "dur_std": 656.6854919718656
        },
        "71": {
            "dur_mean": 4270.436191008098,