{
    "rows": {
        "start": 79976,
        "route_filter": -25566,
        "nan_filter": -616,
        "negative_dur": -17,
        "outliers": -322,
        "end": 53455
    },
    "scr": 0.045572916666666664,
    "stats": {
        "1": {
            "dur_mean": 0.0,
            "dur_std": 0.0
        },
        "2": {
            "dur_mean": 83.77158395649218,
            "dur_std": 79.6075290093366
        },
        "3": {
            "dur_mean": 234.70013386880856,
            "dur_std": 99.0323567113424
        },
        "4": {
            "dur_mean": 291.8375499334221,
            "dur_std": 112.98348284826778
        },
        "5": {
            "dur_mean": 347.15806878306876,
            "dur_std": 120.76353499390007
        },
        "6": {
            "dur_mean": 426.5943084050298,
            "dur_std": 154.55750619931464
        },
        "7": {
            "dur_mean": 483.6379821958457,
            "dur_std": 138.83366465115324
        },
        "8": {
            "dur_mean": 512.7947955390334,
            "dur_std": 141.06647728840505
        },
        "9": {
            "dur_mean": 544.1085501858736,
            "dur_std": 143.3132966814628
        },
        "10": {
            "dur_mean": 556.3293680297397,
            "dur_std": 144.64666280624743
        },
        "11": {
            "dur_mean": 594.4034175334324,
            "dur_std": 147.84477428029737
        },
        "12": {
            "dur_mean": 643.8007434944238,
            "dur_std": 151.7679703195737
        },
        "13": {
            "dur_mean": 720.2071269487751,
            "dur_std": 159.0069040983816
        },
        "14": {
            "dur_mean": 767.4068299925761,
            "dur_std": 162.91777490429115
        },
        "15": {
            "dur_mean": 849.4821958456973,
            "dur_std": 173.6936917944662
        },
        "16": {
            "dur_mean": 894.6238872403561,
            "dur_std": 176.36443656433522
        },
        "18": {
            "dur_mean": 1326.4643660915228,
            "dur_std": 377.23708657491454
        },
        "19": {
            "dur_mean": 1369.4834834834835,
            "dur_std": 376.48983255462184
        },
        "20": {
            "dur_mean": 1419.6644144144145,
            "dur_std": 376.6450269531078
        },
        "21": {
            "dur_mean": 1502.4643660915228,
            "dur_std": 378.9310648653156
        },
        "22": {
            "dur_mean": 1544.5221305326331,
            "dur_std": 384.0885418179222
        },
        "23": {
            "dur_mean": 1589.6449438202246,
            "dur_std": 387.59063717602214
        },
        "24": {
            "dur_mean": 1661.1230307576893,
            "dur_std": 394.16043537629804
        },
        "25": {
            "dur_mean": 1707.9355322338831,
            "dur_std": 398.81045408364196
        },
        "26": {
            "dur_mean": 1749.2588412340106,
            "dur_std": 401.6986512856878
        },
        "27": {
            "dur_mean": 1786.3280662151994,
            "dur_std": 406.66710928404495
        },
        "28": {
            "dur_mean": 1817.2889390519188,
            "dur_std": 409.0382462964634
        },
        "29": {
            "dur_mean": 1849.0241145440843,
            "dur_std": 412.3083980521434
        },
        "30": {
            "dur_mean": 1913.0649056603775,
            "dur_std": 418.82678212786004
        },
        "31": {
            "dur_mean": 1950.0815548780488,
            "dur_std": 421.938017392905
        },
        "32": {
            "dur_mean": 1974.8016781083143,
            "dur_std": 424.7898271847203
        },
        "33": {
            "dur_mean": 2045.1075514874142,
            "dur_std": 430.7168548298692
        },
        "34": {
            "dur_mean": 2081.477359938603,
            "dur_std": 434.505283140373
        },
        "35": {
            "dur_mean": 2116.790483499616,
            "dur_std": 437.85934709177326
        },
        "36": {
            "dur_mean": 2193.712202609363,
            "dur_std": 446.1142551295394
        },
        "37": {
            "dur_mean": 2228.2006172839506,
            "dur_std": 450.28509359419417
        },
        "38": {
            "dur_mean": 2252.378086419753,
            "dur_std": 453.71983321880884
        },
        "39": {
            "dur_mean": 2354.9548872180453,
            "dur_std": 463.54955260555266
        },
        "40": {
            "dur_mean": 2412.0948012232416,
            "dur_std": 472.7162138855911
        },
        "41": {
            "dur_mean": 2482.9449917898196,
            "dur_std": 513.2968209410698
        },
        "17": {
            "dur_mean": 1117.2838773491592,
            "dur_std": 392.9170364742205
        }
    },
    "feature_eval": {
        "f_values": {
            "weather_main_Clouds": 2.5665737283678033e-08,
            "weather_main_Drizzle": 19.63289334643484,
            "weather_main_Fog": 1.525602326994952,
            "weather_main_Mist": 3.284319717398792,
            "weather_main_Rain": 0.007674194990826372,
            "weather_main_Snow": 2.2747257280877182,
            "weather_description_broken clouds": 5.0169001934715185,
            "weather_description_drizzle": 16.911918401590786,
            "weather_description_few clouds": 3.8812296519228755,
            "weather_description_fog": 1.525602326994952,
            "weather_description_heavy intensity rain": 0.5919720896538523,
            "weather_description_light intensity drizzle": 26.716600767793384,
            "weather_description_light intensity drizzle rain": 1.5790438663891504,
            "weather_description_light intensity shower rain": 0.7261433300731541,
            "weather_description_light rain": 0.9756017651484324,
            "weather_description_light shower snow": 0.006989957227483551,
            "weather_description_light snow": 22.92972745012106,
            "weather_description_mist": 3.284319717398792,
            "weather_description_moderate rain": 1.789574709400369,
            "weather_description_overcast clouds": 1.7552243038127284,
            "weather_description_proximity shower rain": 0.14640997168578088,
            "weather_description_rain and drizzle": 9.069619021095688,
            "weather_description_scattered clouds": 0.7129324381287112,
            "weather_description_sky is clear": 13.487063836472041,
            "weekday_1": 0.03836072134210375,
            "weekday_2": 14.02683841819825,
            "weekday_3": 3.1631942417921453,
            "weekday_4": 8.66478377881358,
            "month_2": 4.315391730173452,
            "month_3": 0.04098087584525614,
            "month_4": 0.1671269638444266,
            "month_5": 1.2260815616695133,
            "month_6": 15.39400489441575,
            "month_7": 47.53842351678441,
            "month_8": 31.679844381089186,
            "month_9": 4.307699409636921,
            "month_10": 7.075024062791359,
            "month_11": 5.594164673676196,
            "month_12": 48.576174039184366,
            "hour_7": 84.28737680762309,
            "hour_8": 676.4854354496734,
            "hour_9": 84.41686961783928,
            "hour_10": 377.4153245161813,
            "hour_15": 629.2291880865877,
            "hour_16": 694.0835260169114,
            "hour_17": 275.17636218005566,
            "hour_18": 527.6879279821385,
            "hour_19": 717.2280169908317,
            "holiday_1": 8.419557289714389
        },
        "correlations": {
            "daystamp": 0.014395454446378306,
            "progr_number": 0.9496762199553079,
            "arr_p": 0.05560594608195925,
            "arr_a": 0.05965207651583629,
            "dep_p": 0.05560594608195925,
            "dep_a": 0.059634092269051836,
            "end_p": 0.017349126499099792,
            "start_p": 0.016026665174412372,
            "start_a": 0.015211557885467766,
            "temp": -0.004499022017217175,