{
    "rows": {
        "start": 62954,
        "route_filter": -8218,
        "nan_filter": -351,
        "negative_dur": -1,
        "outliers": -351,
        "end": 54033
    },
    "scr": 0.4913669064748201,
    "stats": {
        "1": {
            "dur_mean": 0.0,
            "dur_std": 0.0
        },
        "2": {
            "dur_mean": 123.60241874527588,
            "dur_std": 103.75215898181982
        },
        "3": {
            "dur_mean": 339.2683658170915,
            "dur_std": 162.97958010027062
        },
        "4": {
            "dur_mean": 374.175704989154,
            "dur_std": 170.92384604243773
        },
        "5": {
            "dur_mean": 435.8867243867244,
            "dur_std": 177.2419692940318
        },
        "6": {
            "dur_mean": 525.4256854256854,
            "dur_std": 185.66133300835583
        },
        "7": {
            "dur_mean": 549.1976911976911,
            "dur_std": 190.0454246148753
        },
        "8": {
            "dur_mean": 587.937950937951,
            "dur_std": 202.97606457346967
        },
        "9": {
            "dur_mean": 741.0946531791908,
            "dur_std": 250.2103910091114
        },
        "10": {
            "dur_mean": 776.2919075144508,
            "dur_std": 252.57041295286095
        },
        "11": {
            "dur_mean": 797.1842485549133,
            "dur_std": 255.06838295463757
        },
        "12": {
            "dur_mean": 825.2261560693642,
            "dur_std": 260.8764999726831
        },
        "13": {
            "dur_mean": 862.25,
            "dur_std": 270.73679162581675
        },
        "14": {
            "dur_mean": 954.3865606936416,
            "dur_std": 279.32386626140067
        },
        "15": {
            "dur_mean": 1031.6370209689082,
            "dur_std": 280.87127697405265
        },
        "16": {
            "dur_mean": 1093.0086767895878,
            "dur_std": 287.4172099960929
        },
        "17": {
            "dur_mean": 1213.404486251809,
            "dur_std": 305.56461774999235
        },
        "18": {
            "dur_mean": 1239.7715112075198,
            "dur_std": 307.7344973147865
        },
        "19": {
            "dur_mean": 1263.903039073806,
            "dur_std": 309.06473455058097
        },
        "20": {
            "dur_mean": 1286.2387843704776,
            "dur_std": 309.91971490931286
        },
        "21": {
            "dur_mean": 1311.001447178003,
            "dur_std": 312.8444401524934
        },
        "22": {
            "dur_mean": 1460.0778748180494,
            "dur_std": 332.7336297500425
        },
        "23": {
            "dur_mean": 1583.691015339664,
            "dur_std": 328.63266734073454
        },
        "24": {
            "dur_mean": 1760.5560407569142,
            "dur_std": 371.3875433359723
        },
        "25": {
            "dur_mean": 1901.0661818181818,
            "dur_std": 378.1642309541068
        },
        "26": {
            "dur_mean": 1961.469476744186,
            "dur_std": 386.6381712031155
        },
        "27": {
            "dur_mean": 2028.5221818181817,
            "dur_std": 399.52141773211264
        },
        "28": {
            "dur_mean": 2106.1716363636365,
            "dur_std": 413.45549870966676
        },
        "29": {
            "dur_mean": 2172.423272727273,
            "dur_std": 420.8571862511877
        },
        "30": {
            "dur_mean": 2215.525818181818,
            "dur_std": 423.5950326648
        },
        "31": {
            "dur_mean": 2245.815866084425,
            "dur_std": 425.1876364117455
        },
        "32": {
            "dur_mean": 2266.898909090909,
            "dur_std": 426.694535128882
        },
        "33": {
            "dur_mean": 2293.2116363636364,
            "dur_std": 428.9842878521668
        },
        "34": {
            "dur_mean": 2380.3265454545453,
            "dur_std": 463.75647563214716
        },
        "35": {
            "dur_mean": 2521.3478893740903,
            "dur_std": 504.85187786016604
        },
        "36": {
            "dur_mean": 2602.2260174418607,
            "dur_std": 527.0543602866272
        },
        "37": {
            "dur_mean": 2663.475326560232,
            "dur_std": 538.7690801802241
        },
        "38": {
            "dur_mean": 2750.8293391430648,
            "dur_std": 550.222339371313
        },
        "39": {
            "dur_mean": 2835.4002900652645,
            "dur_std": 588.7624921498228
        },
        "40": {
            "dur_mean": 2910.76401179941,
            "dur_std": 619.767846470191
        }
    },
    "feature_eval": {
        "f_values": {
            "weather_main_Clouds": 5.050768966480527,
            "weather_main_Drizzle": 11.517780014178102,
            "weather_main_Fog": 4.323273769633574,
            "weather_main_Mist": 0.005429825652084067,
            "weather_main_Rain": 7.181827801047008,
            "weather_main_Snow": 2.908615903038584,
            "weather_description_broken clouds": 0.21689248764118488,
            "weather_description_few clouds": 1.613490067626648,
            "weather_description_fog": 4.323273769633574,
            "weather_description_light intensity drizzle": 8.698337958430853,
            "weather_description_light intensity drizzle rain": 2.8910308419253887,
            "weather_description_light intensity shower rain": 0.1589838459673907,
            "weather_description_light rain": 0.040306414179700635,
            "weather_description_light shower snow": 0.008652671518077993,
            "weather_description_mist": 0.005429825652084067,
            "weather_description_moderate rain": 10.109198053006267,
            "weather_description_overcast clouds": 22.283607403959277,
            "weather_description_proximity shower rain": 25.142647874963455,
            "weather_description_scattered clouds": 33.012300894157036,
            "weather_description_sky is clear": 17.128700725649765,
            "weekday_1": 6.8343728974792155,
            "weekday_2": 0.06620056233492297,
            "weekday_3": 4.333044266793159,
            "weekday_4": 3.9519233068649746,
            "month_2": 0.03131074899512279,
            "month_3": 6.1800420150105,
            "month_4": 1.9773254072907906,
            "month_5": 2.9956706303842027,
            "month_6": 65.72232477122874,
            "month_7": 76.56759659707815,
            "month_8": 45.818909576941735,
            "month_9": 10.48978908949589,
            "month_10": 38.38495888760238,
            "month_11": 40.69535996192163,
            "month_12": 110.8910692502937,
            "hour_8": 4.930482966685544,
            "hour_9": 1.6727929238739272,
            "hour_10": 114.03639407282506,
            "hour_16": 35.39670515452052,
            "hour_17": 409.6518617860722,
            "hour_18": 311.1092011302341,
            "hour_19": 20.21654704954294,
            "holiday_1": 52.058749297383116
        },
        "correlations": {
            "daystamp": 0.03717700509271199,
            "progr_number": 0.9214040811767389,
            "arr_p": 0.21703724198523455,
            "arr_a": 0.22286669650113,
            "dep_p": 0.21703724198523455,
            "dep_a": 0.22289480787592142,
            "end_p": 0.17455411154658135,
            "start_p": 0.1715508683584557,
            "start_a": 0.1720245497528517,
            "temp": 0.01500118951608043,
            "feels_like": -0.0002473442601368303,
            "temp_min": 0.015319119945149461,
            "temp_max": 0.009835320661958477,
            "pressure": -0.006739039357881311,
            "humidity": -0.07539535744412701,
            "wind_speed": 0.029827651456578678,
            "wind_deg": 0.0014601864503725058,
            "clouds_all": -0.001142242438206216,
            "dt": 0.037599606852427345,
            "dur_s": 0.9470503402197834
        }
    },