{
    "rows": {
        "start": 98455,
        "route_filter": -52546,
        "nan_filter": -10838,
        "negative_dur": 0,
        "outliers": -489,
        "end": 34582
    },
    "scr": 0.0056625141562853904,
    "stats": {
        "1": {
            "dur_mean": 0.0,
            "dur_std": 0.0
        },
        "2": {
            "dur_mean": 91.87840909090909,
            "dur_std": 107.80165491738464
        },
        "3": {
            "dur_mean": 174.88636363636363,
            "dur_std": 109.17375405193563
        },
        "4": {
            "dur_mean": 218.2687074829932,
            "dur_std": 110.53348764697309
        },
        "5": {
            "dur_mean": 344.20068027210885,
            "dur_std": 115.28499690037687
        },
        "6": {
            "dur_mean": 526.9637599093998,
            "dur_std": 126.20453129416703
        },
        "7": {
            "dur_mean": 697.8059023836549,
            "dur_std": 129.63100520545547
        },
        "8": {
            "dur_mean": 771.5707814269535,
            "dur_std": 136.0065871677427
        },
        "9": {
            "dur_mean": 882.7610419026048,
            "dur_std": 139.38796645537235
        },
        "10": {
            "dur_mean": 907.9139297848245,
            "dur_std": 140.4975103218848
        },
        "11": {
            "dur_mean": 1001.0181200453001,
            "dur_std": 146.97632628290253
        },
        "12": {
            "dur_mean": 1049.7108843537414,
            "dur_std": 151.6325509436775
        },
        "13": {
            "dur_mean": 1275.8990929705215,
            "dur_std": 226.1028263945481
        },
        "14": {
            "dur_mean": 1378.375283446712,
            "dur_std": 271.61819446692095
        },
        "15": {
            "dur_mean": 1606.7340909090908,
            "dur_std": 391.0615315725272
        },
        "16": {
            "dur_mean": 1626.3348467650396,
            "dur_std": 400.8081895317095
        },
        "17": {
            "dur_mean": 1796.583427922815,
            "dur_std": 476.0267158732314
        },
        "18": {
            "dur_mean": 1845.6855845629966,
            "dur_std": 482.5412016168859
        },
        "19": {
            "dur_mean": 1911.5891032917139,
            "dur_std": 495.2628609401086
        },
        "20": {
            "dur_mean": 1973.634506242906,
            "dur_std": 505.8280208895678
        },
        "21": {
            "dur_mean": 2020.6568181818182,
            "dur_std": 509.1492182659758
        },
        "22": {
            "dur_mean": 2699.356818181818,
            "dur_std": 599.3781893202888
        },
        "23": {
            "dur_mean": 2771.246590909091,
            "dur_std": 608.1887968520558
        },
        "24": {
            "dur_mean": 2823.3636363636365,
            "dur_std": 609.6616917815135
        },
        "25": {
            "dur_mean": 3064.2897727272725,
            "dur_std": 617.5559879902105
        },
        "26": {
            "dur_mean": 3237.9954545454543,
            "dur_std": 630.0033280712952
        },
        "27": {
            "dur_mean": 3384.965909090909,
            "dur_std": 640.7848154598076
        },
        "28": {
            "dur_mean": 3519.711363636364,
            "dur_std": 642.6043681240848
        },
        "29": {
            "dur_mean": 3659.1625,
            "dur_std": 652.4961450441659
        },
        "30": {
            "dur_mean": 4056.7189988623436,
            "dur_std": 704.4868967489913
        },
        "31": {
            "dur_mean": 4246.157175398634,
            "dur_std": 720.1590255061797
        },
        "32": {
            "dur_mean": 4417.330672748005,
            "dur_std": 726.4998295958901
        },
        "33": {
            "dur_mean": 4586.354618015964,
            "dur_std": 736.0478992207347
        },
        "34": {
            "dur_mean": 4771.348916761687,
            "dur_std": 754.7663729005794
        },
        "35": {
            "dur_mean": 4862.478905359179,
            "dur_std": 773.4091012961704
        },
        "36": {
            "dur_mean": 5017.237442922375,
            "dur_std": 797.1987761526498
        },
        "37": {
            "dur_mean": 5123.20205479452,
            "dur_std": 806.5951544158951
        },
        "39": {
            "dur_mean": 5326.548794489093,
            "dur_std": 803.4292204491529
        },
        "40": {
            "dur_mean": 5464.5,
            "dur_std": 802.6755825060615
        },
        "41": {
            "dur_mean": 5647.251978891821,
            "dur_std": 828.3471158571067
        },
        "38": {
            "dur_mean": 5707.2,
            "dur_std": 1008.9473227081778
        }
    },
    "feature_eval": {
        "f_values": {
            "weather_main_Clouds": 23.465886439783596,
            "weather_main_Drizzle": 0.0010337872634133616,
            "weather_main_Fog": 0.9233536767885296,
            "weather_main_Mist": 57.98147160668711,
            "weather_main_Rain": 17.015336439087307,
            "weather_description_few clouds": 0.42223604639414436,
            "weather_description_fog": 0.9233536767885296,
            "weather_description_heavy intensity rain": 21.473792056075943,
            "weather_description_light intensity drizzle": 3.2348288222649297,
            "weather_description_light intensity drizzle rain": 3.276687232104601,
            "weather_description_light intensity shower rain": 9.06443300196004,
            "weather_description_light rain": 5.4591444722504425,
            "weather_description_mist": 57.98147160668711,
            "weather_description_moderate rain": 32.916070732021026,
            "weather_description_overcast clouds": 8.157297832676022,
            "weather_description_proximity shower rain": 23.583469182426906,
            "weather_description_scattered clouds": 20.635780684375405,
            "weather_description_sky is clear": 0.3789277598844233,
            "weekday_1": 9.036539713359533,
            "weekday_2": 2.420409987977916,
            "weekday_3": 8.01845576283347,
            "weekday_4": 33.76024639746407,
            "month_4": 0.8492037856273394,
            "month_5": 0.06744486380274359,
            "month_6": 25.64752275574223,
            "month_7": 86.01859051112805,
            "month_8": 72.18162203560442,
            "month_9": 29.663334172564426,
            "month_10": 41.43108908528071,
            "month_11": 91.37577775087478,
            "month_12": 13.76294474877819,
            "hour_7": 14753.305513136353,
            "hour_8": 6544.970196643031,
            "hour_9": 5512.530559136874,
            "holiday_1": 6.242822327125264
        },
        "correlations": {
            "daystamp": 0.05321873725676558,
            "progr_number": 0.9618481687497117,
            "arr_p": 0.7869109974204552,
            "arr_a": 0.8235211420604832,
            "dep_p": 0.7869109974204552,
            "dep_a": 0.8238137594883834,
            "end_p": 0.08289001126204487,
            "start_p": 0.05049922779570798,
            "start_a": 0.04430447253381818,
            "temp": 0.03333988751731324,
            "feels_like": -0.0018009115525759178,
            "temp_min": 0.024519813109495043,
            "temp_max": 0.013470098173476448,
            "pressure": -0.010284229066010916,
            "humidity": -0.1589468933250367,
            "wind_speed": 0.07356264909732178,
            "wind_deg": -0.026684899129746975,
            "clouds_all": -0.0029448269410741208,
            "dt": 0.05345935257635273,
            "dur_s": 0.9739944701894179
        }
    },
    "modelling": {
        "XGBoost": {
            "time": 3.3792951107025146,
            "r_2": 0.9849570957248917,
            "mse": 47501.78871593997,
            "rmse": 217.94905073420247,
            "mae": 141.83857723314287
        },
        "Benchmark": {
            "r_2": 0.9401866419853372,
            "mse": 188875.86086051352,