{
    "rows": {
        "start": 76347,
        "route_filter": -35922,
        "nan_filter": -30821,
        "negative_dur": 0,
        "outliers": -48,
        "end": 9556
    },
    "scr": 0.6789667896678967,
    "stats": {
        "1": {
            "dur_mean": 0.0,
            "dur_std": 0.0
        },
        "3": {
            "dur_mean": 810.6925925925926,
            "dur_std": 633.2726219406404
        },
        "4": {
            "dur_mean": 954.09963099631,
            "dur_std": 633.2010221733259
        },
        "5": {
            "dur_mean": 1130.2472324723246,
            "dur_std": 630.0848280204592
        },
        "6": {
            "dur_mean": 1268.3726937269373,
            "dur_std": 630.1752764933402
        },
        "7": {
            "dur_mean": 1482.3210332103322,
            "dur_std": 632.2761148777126
        },
        "8": {
            "dur_mean": 1599.3690036900368,
            "dur_std": 630.9821653276709
        },
        "9": {
            "dur_mean": 1791.4354243542437,
            "dur_std": 631.7513593762983
        },
        "10": {
            "dur_mean": 2125.523985239852,
            "dur_std": 637.7983821509971
        },
        "11": {
            "dur_mean": 2260.5092250922507,
            "dur_std": 641.4403517978757
        },
        "12": {
            "dur_mean": 2386.3247232472327,
            "dur_std": 644.9245532226698
        },
        "13": {
            "dur_mean": 2472.719557195572,
            "dur_std": 647.977053452732
        },
        "14": {
            "dur_mean": 2638.070110701107,
            "dur_std": 650.327119020075
        },
        "15": {
            "dur_mean": 2911.287822878229,
            "dur_std": 656.6696377536157
        },
        "16": {
            "dur_mean": 2981.487084870849,
            "dur_std": 658.2391654305111
        },
        "18": {
            "dur_mean": 3654.627306273063,
            "dur_std": 697.1548564833156
        },
        "19": {
            "dur_mean": 3740.158671586716,
            "dur_std": 698.5211420144645
        },
        "20": {
            "dur_mean": 3782.867158671587,
            "dur_std": 699.673255005009
        },
        "21": {
            "dur_mean": 3842.439114391144,
            "dur_std": 701.276119195062
        },
        "22": {
            "dur_mean": 3884.9151291512917,
            "dur_std": 701.9295338907167
        },
        "23": {
            "dur_mean": 4029.778597785978,
            "dur_std": 703.8817575255703
        },
        "24": {
            "dur_mean": 4051.409594095941,
            "dur_std": 704.8772247573945
        },
        "25": {
            "dur_mean": 4247.863468634687,
            "dur_std": 710.0932175330522
        },
        "26": {
            "dur_mean": 4296.730627306273,
            "dur_std": 711.3202418242182
        },
        "27": {
            "dur_mean": 4460.403703703703,
            "dur_std": 708.8780836876676
        },
        "28": {
            "dur_mean": 4535.8074074074075,
            "dur_std": 710.4573896773521
        },
        "29": {
            "dur_mean": 4605.555555555556,
            "dur_std": 713.5353852281879
        },
        "30": {
            "dur_mean": 4760.158671586716,
            "dur_std": 722.8836599627853
        },
        "31": {
            "dur_mean": 4802.070110701107,
            "dur_std": 723.3399837582056
        },
        "32": {
            "dur_mean": 4999.181481481482,
            "dur_std": 728.663833198769
        },
        "33": {
            "dur_mean": 5165.177777777778,
            "dur_std": 733.1012585355578
        },
        "34": {
            "dur_mean": 5284.700374531835,
            "dur_std": 703.3135217575993
        },
        "35": {
            "dur_mean": 5390.099616858238,
            "dur_std": 704.7830201011724
        },
        "36": {
            "dur_mean": 5424.490196078431,
            "dur_std": 705.4137383311579
        },
        "2": {
            "dur_mean": 589.9945652173913,
            "dur_std": 634.901950153801
        },
        "37": {
            "dur_mean": 5528.9049586776855,
            "dur_std": 703.4804724809577
        }
    },
    "feature_eval": {
        "f_values": {
            "weather_main_Clouds": 1.712584761016252,
            "weather_main_Drizzle": 1.4806079806788104,
            "weather_main_Fog": 11.870514106619247,
            "weather_main_Mist": 1.390153703981565,
            "weather_main_Rain": 2.341262840238501,
            "weather_main_Snow": 1.531751243217202,
            "weather_description_few clouds": 9.618410935724343,
            "weather_description_fog": 11.870514106619247,
            "weather_description_light intensity drizzle": 1.811424484676299,
            "weather_description_light intensity drizzle rain": 0.047852069638812604,
            "weather_description_light intensity shower rain": 6.29214270296571,
            "weather_description_light rain": 1.9755831808956867,
            "weather_description_light shower snow": 1.531751243217202,
            "weather_description_mist": 1.390153703981565,
            "weather_description_overcast clouds": 0.6388896971915379,
            "weather_description_proximity shower rain": 1.4607746815917328,
            "weather_description_scattered clouds": 0.4862551364210751,
            "weather_description_sky is clear": 5.667050964803218,
            "weekday_1": 16.95955093207377,
            "weekday_2": 2.3070657862747788,
            "weekday_3": 0.1808583871442787,
            "weekday_4": 1.5293690812632375,
            "month_2": 1.1252754155537747,
            "month_3": 1.1780053745258152,
            "month_4": 3.583931445770289,
            "month_5": 0.9589423420913007,
            "month_6": 0.6614719584406488,
            "month_7": 1.2094189461872895,
            "month_8": 0.08532377538813929,
            "month_9": 0.1848255710960136,
            "month_10": 14.634997897891191,
            "month_11": 5.573619604375495,
            "month_12": 0.9271142340201258,
            "hour_17": 1352.1271133498121,
            "hour_18": 146.01241071316213,
            "hour_19": 714.6404775019192,
            "holiday_1": 20.615854097821806
        },
        "correlations": {
            "daystamp": 0.008589563455544659,
            "progr_number": 0.9175248677827099,
            "arr_p": 0.5156479477749761,
            "arr_a": 0.5077055146643252,
            "dep_p": 0.5156479477749761,
            "dep_a": 0.5055042174952402,
            "end_p": -0.09576464193498119,
            "start_p": -0.10529650425536395,
            "start_a": -0.17986143281235753,
            "temp": -0.02077455894687979,
            "feels_like": -0.0033095194924934053,
            "temp_min": -0.010699964790019376,
            "temp_max": -0.014912080214628365,
            "pressure": 0.05056100020905109,
            "humidity": 0.04842846255263068,
            "wind_speed": -0.06171061426951616,
            "wind_deg": 0.020168571443390907,
            "clouds_all": 0.00456540072195539,
            "dt": 0.008738397683358056,
            "dur_s": 0.9117176313502221
        }
    },
    "modelling": {
        "XGBoost": {
            "time": 0.8281290531158447,
            "r_2": 0.9594081763067743,
            "mse": 113117.09004641807,
            "rmse": 336.3288421268953,
            "mae": 231.6234196588653
        },
        "Benchmark": {
            "r_2": 0.8144653751919058,
            "mse": 517028.67601506907,
            "rmse": 719.0470610572503,
            "mae": 553.6471326915027
        }
    },