{
    "rows": {
        "start": 1353593,
        "route_filter": -11096,
        "nan_filter": -67273,
        "negative_dur": 0,
        "outliers": -10032,
        "end": 1265192
    },
    "scr": 0.9502328878088295,
    "stats": {
        "1": {
            "dur_mean": 0.0,
            "dur_std": 0.0
        },
        "2": {
            "dur_mean": 105.48765086316646,
            "dur_std": 41.889220285075524
        },
        "3": {
            "dur_mean": 148.5197030558804,
            "dur_std": 54.14479154914185
        },
        "4": {
            "dur_mean": 242.47225045741004,
            "dur_std": 92.06299093451935
        },
        "5": {
            "dur_mean": 311.8886627315286,
            "dur_std": 108.86195508802571
        },
        "6": {
            "dur_mean": 339.293492087722,
            "dur_std": 104.21291194746563
        },
        "7": {
            "dur_mean": 379.57086133170435,
            "dur_std": 106.94447257277429
        },
        "8": {
            "dur_mean": 409.6716729457285,
            "dur_std": 110.65180884289704
        },
        "9": {
            "dur_mean": 490.18812687745026,
            "dur_std": 128.17851443073226
        },
        "10": {
            "dur_mean": 558.4800345897553,
            "dur_std": 138.12449042697492
        },
        "11": {
            "dur_mean": 592.7165013984236,
            "dur_std": 142.0881917540244
        },
        "12": {
            "dur_mean": 641.505774612058,
            "dur_std": 147.13049539441744
        },
        "13": {
            "dur_mean": 719.8041247587117,
            "dur_std": 156.49539797143146
        },
        "14": {
            "dur_mean": 756.5590071569972,
            "dur_std": 162.06835285667006
        },
        "15": {
            "dur_mean": 805.5979292493529,
            "dur_std": 170.9368390477484
        },
        "16": {
            "dur_mean": 931.941884072683,
            "dur_std": 196.87372040618428
        },
        "17": {
            "dur_mean": 1010.8958343903801,
            "dur_std": 209.5801709102418
        },
        "18": {
            "dur_mean": 1055.0784960422163,
            "dur_std": 214.88471675819855
        },
        "19": {
            "dur_mean": 1087.603317944295,
            "dur_std": 220.62123433206577
        },
        "20": {
            "dur_mean": 1159.978997564935,
            "dur_std": 231.94018926859135
        },
        "21": {
            "dur_mean": 1180.9685454822181,
            "dur_std": 236.0873242739023
        },
        "22": {
            "dur_mean": 1228.3493505175563,
            "dur_std": 247.46845210186845
        },
        "23": {
            "dur_mean": 1332.751040081177,
            "dur_std": 299.50715697998
        },
        "24": {
            "dur_mean": 1373.5909667597057,
            "dur_std": 315.10142719290474
        },
        "25": {
            "dur_mean": 1456.349290060852,
            "dur_std": 332.3780266481407
        },
        "26": {
            "dur_mean": 1540.4816185791797,
            "dur_std": 346.36070198808676
        },
        "27": {
            "dur_mean": 1634.7432062461976,
            "dur_std": 360.6358561966788
        },
        "28": {
            "dur_mean": 1681.2049900909599,
            "dur_std": 366.2985168811843
        },
        "29": {
            "dur_mean": 1741.641953351288,
            "dur_std": 379.5335540240289
        },
        "30": {
            "dur_mean": 1814.4145232930482,
            "dur_std": 388.22182535815745
        },
        "31": {
            "dur_mean": 1907.1276816788738,
            "dur_std": 397.25637063265617
        },
        "32": {
            "dur_mean": 2054.0303468208094,
            "dur_std": 422.58934479070325
        },
        "33": {
            "dur_mean": 2210.597479343165,
            "dur_std": 433.6689920497807
        },
        "34": {
            "dur_mean": 2467.059445316588,
            "dur_std": 485.2875290950039
        },
        "35": {
            "dur_mean": 2661.5673223183844,
            "dur_std": 516.9915971983891
        },
        "36": {
            "dur_mean": 2800.9587601786184,
            "dur_std": 519.9454498421292
        },
        "37": {
            "dur_mean": 2897.7023603006887,
            "dur_std": 531.4507817103179
        },
        "38": {
            "dur_mean": 2958.263310185185,
            "dur_std": 539.9097130001011
        },
        "39": {
            "dur_mean": 3102.6423987375065,
            "dur_std": 563.7272480335932
        },
        "40": {
            "dur_mean": 3266.982577665827,
            "dur_std": 585.5013660142963
        },
        "41": {
            "dur_mean": 3324.352975128555,
            "dur_std": 592.0981270731694
        },
        "42": {
            "dur_mean": 3371.2916688512555,
            "dur_std": 598.4136040993832
        },
        "43": {
            "dur_mean": 3470.772415238694,
            "dur_std": 609.8417008059484
        },
        "44": {
            "dur_mean": 3564.377402964748,
            "dur_std": 626.3770112150617
        },
        "45": {
            "dur_mean": 3659.3731202515064,
            "dur_std": 634.9907277056897
        },
        "46": {
            "dur_mean": 3728.966916583652,
            "dur_std": 639.7176684846634
        },
        "47": {
            "dur_mean": 3765.6284995281535,
            "dur_std": 643.3310884770959
        },
        "48": {
            "dur_mean": 3875.1698291225493,
            "dur_std": 666.658150929269
        },
        "49": {
            "dur_mean": 3954.398217562254,
            "dur_std": 677.2848208772438
        },
        "50": {
            "dur_mean": 4010.972836916623,
            "dur_std": 685.3886109781838
        },
        "51": {
            "dur_mean": 4078.1332738906954,
            "dur_std": 695.2132478392555
        },
        "52": {
            "dur_mean": 4127.832284125485,
            "dur_std": 700.1490459718767
        },
        "53": {
            "dur_mean": 4183.983566965926,
            "dur_std": 705.6895153722303
        },
        "54": {
            "dur_mean": 4211.425547560271,
            "dur_std": 709.6470658679958
        },
        "55": {
            "dur_mean": 4317.855904601807,
            "dur_std": 735.4661697720973
        },
        "56": {
            "dur_mean": 4364.844367381253,
            "dur_std": 740.0177597509341
        },
        "57": {
            "dur_mean": 4399.2479768786125,
            "dur_std": 743.255982700383
        },
        "58": {
            "dur_mean": 4436.393737193296,
            "dur_std": 748.4306322380522
        },
        "59": {
            "dur_mean": 4497.447905704063,
            "dur_std": 755.8606648747308
        },
        "60": {
            "dur_mean": 4523.07874722721,
            "dur_std": 758.5788772002862
        },
        "61": {
            "dur_mean": 4588.455008759356,
            "dur_std": 766.1331476664334
        },
        "62": {
            "dur_mean": 4645.973177221927,
            "dur_std": 768.8606365273635
        },
        "63": {
            "dur_mean": 4679.521102772899,
            "dur_std": 772.0835575550467
        },
        "64": {
            "dur_mean": 4716.036258119476,
            "dur_std": 774.3525044825883
        },
        "65": {
            "dur_mean": 4749.567211891949,
            "dur_std": 778.0320084230243
        },
        "66": {
            "dur_mean": 4803.699639525021,
            "dur_std": 792.0266335884797
        }
    },
    "feature_eval": {
        "f_values": {
            "weather_main_Clouds": 45.387425421272546,
            "weather_main_Drizzle": 63.412462148393956,
            "weather_main_Fog": 53.45108918207541,
            "weather_main_Mist": 3.752549022418871,
            "weather_main_Rain": 16.689531240526282,
            "weather_main_Smoke": 32.910073683549996,
            "weather_main_Snow": 114.76781383510621,