{
    "rows": {
        "start": 1413323,
        "route_filter": -21347,
        "nan_filter": -61332,
        "negative_dur": 0,
        "outliers": -10205,
        "end": 1320439
    },
    "scr": 0.9600865713710489,
    "stats": {
        "1": {
            "dur_mean": 0.0,
            "dur_std": 0.0
        },
        "2": {
            "dur_mean": 92.26777517086606,
            "dur_std": 30.190513144449362
        },
        "3": {
            "dur_mean": 126.16301802260462,
            "dur_std": 35.1009106408784
        },
        "4": {
            "dur_mean": 166.4975572519084,
            "dur_std": 40.67910490902805
        },
        "5": {
            "dur_mean": 213.26262266741242,
            "dur_std": 51.79001999176701
        },
        "6": {
            "dur_mean": 263.47643234457536,
            "dur_std": 61.21767432987393
        },
        "7": {
            "dur_mean": 302.8014933712602,
            "dur_std": 72.33954706730067
        },
        "8": {
            "dur_mean": 395.4832453290008,
            "dur_std": 90.49213629481133
        },
        "9": {
            "dur_mean": 437.92199878123097,
            "dur_std": 96.21055178752044
        },
        "10": {
            "dur_mean": 485.59386428281186,
            "dur_std": 104.6674237579178
        },
        "11": {
            "dur_mean": 575.101625190452,
            "dur_std": 122.89065935842964
        },
        "12": {
            "dur_mean": 620.913330623857,
            "dur_std": 128.46890052766224
        },
        "13": {
            "dur_mean": 660.2002030972328,
            "dur_std": 137.71270586668234
        },
        "14": {
            "dur_mean": 731.7261705473545,
            "dur_std": 149.17001024877777
        },
        "15": {
            "dur_mean": 786.7046283167916,
            "dur_std": 162.16198427973083
        },
        "16": {
            "dur_mean": 828.4932336901636,
            "dur_std": 171.62143716316777
        },
        "17": {
            "dur_mean": 896.8077214231643,
            "dur_std": 184.37658942912358
        },
        "18": {
            "dur_mean": 1002.7323616924706,
            "dur_std": 215.97522448526743
        },
        "19": {
            "dur_mean": 1077.3325937878176,
            "dur_std": 227.53849152590092
        },
        "20": {
            "dur_mean": 1108.725810517824,
            "dur_std": 232.89443513831392
        },
        "21": {
            "dur_mean": 1175.4827586206898,
            "dur_std": 253.57333754688884
        },
        "22": {
            "dur_mean": 1260.0055919395465,
            "dur_std": 279.32943501377787
        },
        "23": {
            "dur_mean": 1326.2640644673886,
            "dur_std": 306.4078815757019
        },
        "24": {
            "dur_mean": 1406.3950642155628,
            "dur_std": 322.2268425561091
        },
        "25": {
            "dur_mean": 1508.5831991141533,
            "dur_std": 337.61778468313344
        },
        "26": {
            "dur_mean": 1551.6474559193955,
            "dur_std": 363.01395009135837
        },
        "27": {
            "dur_mean": 1611.5856962981616,
            "dur_std": 386.86691870752696
        },
        "28": {
            "dur_mean": 1730.8083808179113,
            "dur_std": 427.537780198523
        },
        "29": {
            "dur_mean": 1784.5116690240452,
            "dur_std": 434.09120243160316
        },
        "30": {
            "dur_mean": 1913.9004912138553,
            "dur_std": 454.6965445303954
        },
        "31": {
            "dur_mean": 1944.9444219886823,
            "dur_std": 459.70422532282294
        },
        "32": {
            "dur_mean": 2052.7696038803556,
            "dur_std": 467.0971203529668
        },
        "33": {
            "dur_mean": 2219.9418339992917,
            "dur_std": 482.9010915225625
        },
        "34": {
            "dur_mean": 2369.8386013131776,
            "dur_std": 499.37025644171945
        },
        "35": {
            "dur_mean": 2628.9246418192015,
            "dur_std": 518.5508133086888
        },
        "36": {
            "dur_mean": 2805.848589933194,
            "dur_std": 543.9867382317956
        },
        "37": {
            "dur_mean": 2903.4193446920053,
            "dur_std": 553.5160236125208
        },
        "38": {
            "dur_mean": 3008.74565397351,
            "dur_std": 559.8282451591473
        },
        "39": {
            "dur_mean": 3036.3345068599533,
            "dur_std": 561.3520105263937
        },
        "40": {
            "dur_mean": 3077.6438306659784,
            "dur_std": 564.9442219058651
        },
        "41": {
            "dur_mean": 3176.2134403622517,
            "dur_std": 575.6674773186437
        },
        "42": {
            "dur_mean": 3229.553349109991,
            "dur_std": 578.7726780354297
        },
        "43": {
            "dur_mean": 3346.1871302916516,
            "dur_std": 592.2300982390949
        },
        "44": {
            "dur_mean": 3383.389617739363,
            "dur_std": 596.075032053398
        },
        "45": {
            "dur_mean": 3441.850671745509,
            "dur_std": 600.6317603757352
        },
        "46": {
            "dur_mean": 3503.4330619396064,
            "dur_std": 608.4900385427812
        },
        "47": {
            "dur_mean": 3548.8821527992577,
            "dur_std": 612.697412283153
        },
        "48": {
            "dur_mean": 3641.018780311629,
            "dur_std": 621.6148236381741
        },
        "49": {
            "dur_mean": 3677.64274659513,
            "dur_std": 625.0031954526029
        },
        "50": {
            "dur_mean": 3703.1064389639873,
            "dur_std": 626.7927130023329
        },
        "51": {
            "dur_mean": 3745.354777135782,
            "dur_std": 631.9248779684424
        },
        "52": {
            "dur_mean": 3781.2817787866284,
            "dur_std": 635.5269248537121
        },
        "53": {
            "dur_mean": 3825.493472315393,
            "dur_std": 640.220864376025
        },
        "54": {
            "dur_mean": 3926.6093895258755,
            "dur_std": 649.877146070638
        },
        "55": {
            "dur_mean": 3952.5240799050225,
            "dur_std": 652.0973901946032
        },
        "56": {
            "dur_mean": 3991.695261690926,
            "dur_std": 654.4321322522336
        },
        "57": {
            "dur_mean": 4054.3375174337516,
            "dur_std": 657.6500616657008
        },
        "58": {
            "dur_mean": 4086.986980108499,
            "dur_std": 659.456862935318
        },
        "59": {
            "dur_mean": 4119.621783610623,
            "dur_std": 661.9676235887141
        },
        "60": {
            "dur_mean": 4181.477753087695,
            "dur_std": 667.6822182808289
        },
        "61": {
            "dur_mean": 4272.477854152669,
            "dur_std": 680.0893081912162
        },
        "62": {
            "dur_mean": 4296.4600951101,
            "dur_std": 681.7640150558266
        },
        "63": {
            "dur_mean": 4343.75411022645,
            "dur_std": 683.6957971575812
        },
        "64": {
            "dur_mean": 4372.910768753554,
            "dur_std": 688.5000208188118
        },
        "65": {
            "dur_mean": 4464.073009307135,
            "dur_std": 703.5900037461234
        },
        "66": {
            "dur_mean": 4520.770766525292,
            "dur_std": 706.9559783991225
        },
        "67": {
            "dur_mean": 4569.756326002587,
            "dur_std": 712.0102709466416
        },
        "68": {
            "dur_mean": 4687.142849765016,
            "dur_std": 739.5397272666543
        }
    },
    "feature_eval": {
        "f_values": {
            "weather_main_Clouds": 31.06395256321133,
            "weather_main_Drizzle": 37.510362045144774,
            "weather_main_Fog": 64.21153352498763,